timestamp,T_reator_C,vazao_L_min,pressao_bar
2026-08-01 06:00:00,84.6093,49.8541,2.5834
2026-08-01 06:01:00,85.0820,50.3443,2.4741
2026-08-01 06:02:00,84.9924,50.4038,2.6166
2026-08-01 06:03:00,85.1258,50.2271,2.5250
2026-08-01 06:04:00,84.9185,49.1198,2.5029
2026-08-01 06:05:00,85.4818,48.2106,2.4293
2026-08-01 06:06:00,85.4948,49.5596,2.3379
2026-08-01 06:07:00,85.3247,51.7274,2.3983
2026-08-01 06:08:00,85.6864,51.7979,2.5839
2026-08-01 06:09:00,85.5318,50.1431,2.4793
2026-08-01 06:10:00,85.1770,49.6252,2.4131
2026-08-01 06:11:00,85.5885,50.6530,2.5433
2026-08-01 06:12:00,85.2333,50.8205,2.6207
2026-08-01 06:13:00,85.8274,50.9886,2.6416
2026-08-01 06:14:00,85.5916,48.5251,2.6046
2026-08-01 06:15:00,85.5938,53.1115,2.6087
2026-08-01 06:16:00,85.4875,51.5297,2.5682
2026-08-01 06:17:00,86.1009,50.5038,2.6925
2026-08-01 06:18:00,85.7300,50.1256,2.6185
2026-08-01 06:19:00,85.6899,51.5283,2.6355
2026-08-01 06:20:00,85.7547,51.1728,2.7538
2026-08-01 06:21:00,86.0617,50.8880,2.7359
2026-08-01 06:22:00,86.0532,51.2187,2.6449
2026-08-01 06:23:00,86.1087,50.7994,2.6372
2026-08-01 06:24:00,86.1552,51.2485,2.6429
2026-08-01 06:25:00,86.7093,51.5454,2.4805
2026-08-01 06:26:00,85.9855,51.2761,2.7985
2026-08-01 06:27:00,85.9942,51.2711,2.6264
2026-08-01 06:28:00,85.9439,52.1894,2.7862
2026-08-01 06:29:00,86.4128,49.8340,2.7107
2026-08-01 06:30:00,86.6063,50.5097,2.8513
2026-08-01 06:31:00,86.2728,51.2055,2.7706
2026-08-01 06:32:00,86.0941,50.6363,2.8142
2026-08-01 06:33:00,86.1376,50.9392,2.6689
2026-08-01 06:34:00,86.6187,52.3217,2.6046
2026-08-01 06:35:00,86.6848,51.2077,2.7528
2026-08-01 06:36:00,86.6627,49.8986,2.5510
2026-08-01 06:37:00,86.3377,51.0582,2.7004
2026-08-01 06:38:00,86.6443,51.4780,2.6327
2026-08-01 06:39:00,86.6466,51.4976,2.6718
2026-08-01 06:40:00,86.7138,51.9448,2.8194
2026-08-01 06:41:00,86.9459,51.9134,2.8166
2026-08-01 06:42:00,86.7875,51.4564,2.7511
2026-08-01 06:43:00,86.9597,50.6464,2.8028
2026-08-01 06:44:00,86.8115,51.2810,2.7200
2026-08-01 06:45:00,86.9128,51.1685,3.0198
2026-08-01 06:46:00,87.0499,51.4711,2.8102
2026-08-01 06:47:00,86.4574,52.2844,2.7238
2026-08-01 06:48:00,86.8323,52.0866,2.8729
2026-08-01 06:49:00,86.8203,52.4542,2.9117
2026-08-01 06:50:00,86.8026,51.5190,2.7124
2026-08-01 06:51:00,86.9442,53.0640,2.6499
2026-08-01 06:52:00,87.5072,52.4262,2.6714
2026-08-01 06:53:00,86.8306,52.0081,2.7280
2026-08-01 06:54:00,87.4120,52.4310,2.7909
2026-08-01 06:55:00,86.6474,51.4374,2.6345
2026-08-01 06:56:00,87.0820,50.3204,2.7565
2026-08-01 06:57:00,87.2611,51.5510,2.7783
2026-08-01 06:58:00,87.4176,52.6630,2.8321
2026-08-01 06:59:00,87.4840,52.1575,2.8611
2026-08-01 07:00:00,87.5370,52.0119,2.8402
2026-08-01 07:01:00,87.2224,51.4706,2.9791
2026-08-01 07:02:00,87.2158,50.6115,2.9090
2026-08-01 07:03:00,87.6389,53.3428,2.8213
2026-08-01 07:04:00,87.3506,52.0631,2.7013
2026-08-01 07:05:00,87.0514,51.9119,2.7299
2026-08-01 07:06:00,87.1196,51.7439,2.6534
2026-08-01 07:07:00,87.2088,53.3101,2.8103
2026-08-01 07:08:00,87.6583,53.0365,2.8266
2026-08-01 07:09:00,87.5759,51.5822,2.8810
2026-08-01 07:10:00,87.7638,53.3117,2.8165
2026-08-01 07:11:00,87.4515,52.2877,2.8930
2026-08-01 07:12:00,87.6497,51.9386,2.8928
2026-08-01 07:13:00,87.8118,52.2150,2.6800
2026-08-01 07:14:00,87.5527,51.8457,2.7283
2026-08-01 07:15:00,87.8034,51.4377,2.7761
2026-08-01 07:16:00,87.4882,53.1369,2.7035
2026-08-01 07:17:00,87.5977,52.3606,2.7464
2026-08-01 07:18:00,87.6113,53.0517,2.7974
2026-08-01 07:19:00,87.3858,52.8080,2.7513
2026-08-01 07:20:00,87.9089,53.0369,2.7598
2026-08-01 07:21:00,87.6396,50.9807,2.6615
2026-08-01 07:22:00,87.8013,51.9430,2.8022
2026-08-01 07:23:00,87.9583,53.1105,2.7906
2026-08-01 07:24:00,87.9640,51.6532,2.6665
2026-08-01 07:25:00,88.0451,52.9891,2.6087
2026-08-01 07:26:00,87.8308,51.5952,2.8562
2026-08-01 07:27:00,87.7477,52.7376,2.9029
2026-08-01 07:28:00,87.8645,54.0286,2.7464
2026-08-01 07:29:00,87.3954,53.3761,2.6814
2026-08-01 07:30:00,87.4801,51.2910,2.8168
2026-08-01 07:31:00,87.5295,53.4651,2.7535
2026-08-01 07:32:00,87.6386,54.2585,2.6797
2026-08-01 07:33:00,88.0686,55.0522,2.7916
2026-08-01 07:34:00,87.6874,53.2080,2.6078
2026-08-01 07:35:00,87.8554,51.7493,2.6135
2026-08-01 07:36:00,88.3678,53.2009,2.7127
2026-08-01 07:37:00,87.8799,54.1419,2.6813
2026-08-01 07:38:00,88.2161,52.7268,2.7271
2026-08-01 07:39:00,87.7223,53.7219,2.7761
2026-08-01 07:40:00,87.9477,52.2261,2.4948
2026-08-01 07:41:00,87.7307,53.2056,2.6470
2026-08-01 07:42:00,87.9198,50.9254,2.8263
2026-08-01 07:43:00,88.2789,52.1658,2.5695
2026-08-01 07:44:00,87.5133,52.9295,2.5505
2026-08-01 07:45:00,88.1659,52.6517,2.3907
2026-08-01 07:46:00,88.1105,51.9093,2.6177
2026-08-01 07:47:00,87.8639,52.5569,2.6582
2026-08-01 07:48:00,87.6108,53.2268,2.6506
2026-08-01 07:49:00,88.0681,52.9000,2.4815
2026-08-01 07:50:00,87.8890,53.0231,2.5768
2026-08-01 07:51:00,88.1184,53.5648,2.5922
2026-08-01 07:52:00,88.0554,52.7090,2.5676
2026-08-01 07:53:00,88.5291,54.0748,2.4452
2026-08-01 07:54:00,87.9759,52.1993,2.5547
2026-08-01 07:55:00,87.7392,54.5360,2.4577
2026-08-01 07:56:00,88.0981,53.8863,2.3442
2026-08-01 07:57:00,88.1078,52.7129,2.5917
2026-08-01 07:58:00,88.4465,52.7675,2.5297
2026-08-01 07:59:00,88.2857,53.1651,2.5670
2026-08-01 08:00:00,88.1382,53.4789,2.4466
2026-08-01 08:01:00,88.4655,53.8754,2.5548
2026-08-01 08:02:00,87.6647,51.9265,2.5865
2026-08-01 08:03:00,87.8237,53.3476,2.6519
2026-08-01 08:04:00,87.7315,51.3027,2.5500
2026-08-01 08:05:00,87.8858,52.8517,2.4993
2026-08-01 08:06:00,87.5825,54.1539,2.3151
2026-08-01 08:07:00,88.1784,51.8533,2.4347
2026-08-01 08:08:00,87.9129,51.7042,2.2954
2026-08-01 08:09:00,87.5296,53.1558,2.3481
2026-08-01 08:10:00,87.6570,54.0843,2.6179
2026-08-01 08:11:00,88.0460,53.2293,2.3125
2026-08-01 08:12:00,88.1932,51.4394,2.1730
2026-08-01 08:13:00,88.5302,51.6102,2.4812
2026-08-01 08:14:00,88.7942,53.0280,2.3252
2026-08-01 08:15:00,88.0327,51.9990,2.4620
2026-08-01 08:16:00,87.5995,53.0438,2.2610
2026-08-01 08:17:00,87.2442,53.0828,2.3283
2026-08-01 08:18:00,87.9512,52.5253,2.4834
2026-08-01 08:19:00,87.6136,54.3595,2.2247
2026-08-01 08:20:00,87.7190,53.3702,2.3331
2026-08-01 08:21:00,87.6456,53.8566,2.3724
2026-08-01 08:22:00,87.7723,53.6129,2.2647
2026-08-01 08:23:00,88.1192,52.7450,2.3543
2026-08-01 08:24:00,87.8309,52.6976,2.3252
2026-08-01 08:25:00,87.7202,52.6027,2.3708
2026-08-01 08:26:00,87.4407,53.3728,2.4954
2026-08-01 08:27:00,87.2322,52.2943,2.5727
2026-08-01 08:28:00,87.5715,54.1808,2.3456
2026-08-01 08:29:00,87.6837,52.1897,2.2825
2026-08-01 08:30:00,88.2122,52.9432,2.3320
2026-08-01 08:31:00,87.7026,52.5731,2.2592
2026-08-01 08:32:00,87.9396,52.3800,2.1183
2026-08-01 08:33:00,87.4759,54.4623,2.2672
2026-08-01 08:34:00,87.2508,52.3565,2.3751
2026-08-01 08:35:00,87.2970,52.4468,2.1155
2026-08-01 08:36:00,87.3488,52.1417,2.1588
2026-08-01 08:37:00,88.1845,52.6878,2.1946
2026-08-01 08:38:00,87.2787,52.5554,2.2856
2026-08-01 08:39:00,87.7556,51.7221,2.4819
2026-08-01 08:40:00,87.2118,52.2586,2.1593
2026-08-01 08:41:00,87.7404,53.0660,2.2455
2026-08-01 08:42:00,87.5544,53.3795,2.2333
2026-08-01 08:43:00,87.3696,52.5564,2.1991
2026-08-01 08:44:00,87.3818,52.5632,2.2212
2026-08-01 08:45:00,87.1747,52.2056,2.1764
2026-08-01 08:46:00,87.4818,52.0704,2.4942
2026-08-01 08:47:00,87.1881,51.7143,2.2922
2026-08-01 08:48:00,86.9332,51.1817,2.1691
2026-08-01 08:49:00,86.8936,51.8418,2.3307
2026-08-01 08:50:00,87.3046,53.1033,2.2359
2026-08-01 08:51:00,87.7022,52.0164,2.2141
2026-08-01 08:52:00,87.2519,52.0546,2.1884
2026-08-01 08:53:00,87.1435,52.0141,2.1800
2026-08-01 08:54:00,87.2398,53.2770,2.0817
2026-08-01 08:55:00,87.5206,51.5128,2.0352
2026-08-01 08:56:00,87.1692,52.4511,2.2387
2026-08-01 08:57:00,86.9545,52.1482,2.1817
2026-08-01 08:58:00,87.3839,52.2305,2.2882
2026-08-01 08:59:00,87.1547,52.3444,2.1111
2026-08-01 09:00:00,87.4607,52.1671,2.0902
2026-08-01 09:01:00,87.0287,52.7278,2.2777
2026-08-01 09:02:00,86.5800,52.0417,2.1709
2026-08-01 09:03:00,86.5104,53.4319,2.2865
2026-08-01 09:04:00,87.3894,52.0430,2.2050
2026-08-01 09:05:00,87.3845,50.6153,2.3903
2026-08-01 09:06:00,86.7866,52.4590,2.2793
2026-08-01 09:07:00,86.6985,52.2320,2.2460
2026-08-01 09:08:00,87.2248,51.9140,2.2865
2026-08-01 09:09:00,86.4271,51.6496,2.1810
2026-08-01 09:10:00,86.4635,50.1346,2.0459
2026-08-01 09:11:00,86.8976,50.2375,2.2484
2026-08-01 09:12:00,86.5588,53.0814,2.4088
2026-08-01 09:13:00,86.6482,51.2630,1.9882
2026-08-01 09:14:00,86.5732,52.4717,2.2668
2026-08-01 09:15:00,86.6959,50.3843,2.0693
2026-08-01 09:16:00,86.9893,50.7964,2.2236
2026-08-01 09:17:00,86.5666,52.1438,2.2372
2026-08-01 09:18:00,86.7050,51.4855,2.3074
2026-08-01 09:19:00,85.8692,51.9640,2.2574
2026-08-01 09:20:00,86.4420,51.4891,2.3775
2026-08-01 09:21:00,86.1760,51.2997,2.3608
2026-08-01 09:22:00,86.0357,50.8874,2.2287
2026-08-01 09:23:00,86.1103,50.4416,2.3622
2026-08-01 09:24:00,86.2460,52.4841,2.2260
2026-08-01 09:25:00,86.5934,52.5807,2.2135
2026-08-01 09:26:00,85.8933,50.4606,2.1464
2026-08-01 09:27:00,86.2729,50.3727,2.4031
2026-08-01 09:28:00,86.0911,50.9420,2.2471
2026-08-01 09:29:00,86.1108,51.4566,2.0402
2026-08-01 09:30:00,86.4827,51.0026,2.3421
2026-08-01 09:31:00,86.3161,51.5113,2.2501
2026-08-01 09:32:00,86.5289,51.0357,2.2694
2026-08-01 09:33:00,86.0543,50.9466,2.2818
2026-08-01 09:34:00,85.8650,52.9319,2.2775
2026-08-01 09:35:00,85.9799,50.5442,2.5901
2026-08-01 09:36:00,86.0932,52.2390,2.4899
2026-08-01 09:37:00,86.0469,52.0471,2.4000
2026-08-01 09:38:00,85.6422,51.2553,2.3607
2026-08-01 09:39:00,85.9684,49.2734,2.4561
2026-08-01 09:40:00,85.9837,50.8013,2.3744
2026-08-01 09:41:00,86.6445,50.3267,2.4384
2026-08-01 09:42:00,86.4265,50.7164,2.4196
2026-08-01 09:43:00,85.5819,49.8117,2.3837
2026-08-01 09:44:00,85.7262,51.2287,2.4720
2026-08-01 09:45:00,85.3481,51.3733,2.3432
2026-08-01 09:46:00,85.5848,51.4827,2.3983
2026-08-01 09:47:00,85.8318,50.2023,2.3019
2026-08-01 09:48:00,86.0741,49.6218,2.3209
2026-08-01 09:49:00,85.4691,50.7118,2.1619
2026-08-01 09:50:00,85.4673,51.7964,2.4680
2026-08-01 09:51:00,84.9953,50.4081,2.5031
2026-08-01 09:52:00,85.5668,50.6754,2.5462
2026-08-01 09:53:00,85.2732,50.0866,2.3351
2026-08-01 09:54:00,85.4097,49.8326,2.4971
2026-08-01 09:55:00,85.2822,50.7228,2.4608
2026-08-01 09:56:00,85.4941,50.0722,2.5424
2026-08-01 09:57:00,84.9723,50.4406,2.4113
2026-08-01 09:58:00,85.0371,50.4845,2.4507
2026-08-01 09:59:00,86.0937,50.3173,2.3368
2026-08-01 10:00:00,85.0468,50.4463,2.4283
2026-08-01 10:01:00,85.0823,49.2783,2.5082
2026-08-01 10:02:00,85.9410,49.1902,2.5331
2026-08-01 10:03:00,86.2403,49.8481,2.3549
2026-08-01 10:04:00,84.9964,49.8281,2.4802
2026-08-01 10:05:00,85.2168,49.3859,2.5552
2026-08-01 10:06:00,85.4095,49.9574,2.6877
2026-08-01 10:07:00,85.8056,50.4521,2.4702
2026-08-01 10:08:00,84.9712,50.6364,2.6114
2026-08-01 10:09:00,85.1743,50.7772,2.5139
2026-08-01 10:10:00,85.4620,48.5566,2.5331
2026-08-01 10:11:00,85.3404,48.6391,2.4974
2026-08-01 10:12:00,85.0786,49.2990,2.4883
2026-08-01 10:13:00,85.1331,49.5562,2.5527
2026-08-01 10:14:00,84.7429,49.2626,2.7123
2026-08-01 10:15:00,85.0664,48.9726,2.5393
2026-08-01 10:16:00,85.0407,49.1327,2.5309
2026-08-01 10:17:00,85.1733,49.7246,2.6501
2026-08-01 10:18:00,84.9205,48.2360,2.6367
2026-08-01 10:19:00,85.2123,51.1362,2.6363
2026-08-01 10:20:00,85.3587,49.2403,2.6754
2026-08-01 10:21:00,85.0859,50.0264,2.5558
2026-08-01 10:22:00,85.1295,48.6840,2.5735
2026-08-01 10:23:00,85.0250,49.5699,2.7685
2026-08-01 10:24:00,84.9945,49.1530,2.6617
2026-08-01 10:25:00,84.7638,49.7211,2.7423
2026-08-01 10:26:00,85.0613,48.8397,2.8112
2026-08-01 10:27:00,84.9236,50.2029,2.7794
2026-08-01 10:28:00,85.5675,47.7313,2.5638
2026-08-01 10:29:00,85.3987,49.6478,2.6949
2026-08-01 10:30:00,85.0300,48.9469,2.8162
2026-08-01 10:31:00,84.6731,48.0011,2.7699
2026-08-01 10:32:00,84.5565,50.3414,2.7413
2026-08-01 10:33:00,85.2361,50.2230,2.5642
2026-08-01 10:34:00,84.9465,47.0494,2.6715
2026-08-01 10:35:00,85.0009,48.8146,2.7449
2026-08-01 10:36:00,84.3231,49.2026,2.6001
2026-08-01 10:37:00,85.1147,48.9565,2.8266
2026-08-01 10:38:00,84.9630,49.7809,2.7398
2026-08-01 10:39:00,84.4842,49.5802,2.5578
2026-08-01 10:40:00,84.6669,48.7121,2.7031
2026-08-01 10:41:00,84.8788,50.2878,2.7350
2026-08-01 10:42:00,84.8072,49.1820,2.7543
2026-08-01 10:43:00,84.6958,48.1180,2.9127
2026-08-01 10:44:00,84.7448,47.9242,2.8319
2026-08-01 10:45:00,84.6930,49.3280,2.6406
2026-08-01 10:46:00,84.8075,47.6664,2.6311
2026-08-01 10:47:00,85.1966,47.9408,2.7561
2026-08-01 10:48:00,83.9790,48.0450,2.7979
2026-08-01 10:49:00,84.6721,48.4895,2.8869
2026-08-01 10:50:00,84.7906,48.0189,2.9628
2026-08-01 10:51:00,84.8212,47.0891,2.9701
2026-08-01 10:52:00,84.6160,49.0417,2.7492
2026-08-01 10:53:00,84.1961,47.7582,2.8884
2026-08-01 10:54:00,84.8174,49.6676,2.8389
2026-08-01 10:55:00,85.2333,48.2652,2.6884
2026-08-01 10:56:00,84.2515,49.0064,2.6096
2026-08-01 10:57:00,84.9676,48.4683,2.8135
2026-08-01 10:58:00,84.6071,48.9870,2.6501
2026-08-01 10:59:00,84.6847,48.3629,2.7148
2026-08-01 11:00:00,84.3851,48.0668,2.7315
2026-08-01 11:01:00,84.5988,48.7257,2.8218
2026-08-01 11:02:00,85.0876,49.8127,2.9277
2026-08-01 11:03:00,84.8711,47.5812,2.8003
2026-08-01 11:04:00,85.2151,48.4065,2.7445
2026-08-01 11:05:00,85.0480,47.7403,2.5906
2026-08-01 11:06:00,84.8262,48.1236,2.8421
2026-08-01 11:07:00,85.2176,47.7272,2.7978
2026-08-01 11:08:00,84.8264,45.9424,2.7385
2026-08-01 11:09:00,84.9437,47.4839,2.9083
2026-08-01 11:10:00,84.6072,48.4196,2.6707
2026-08-01 11:11:00,84.7173,46.9841,2.7192
2026-08-01 11:12:00,84.4895,48.3097,2.7608
2026-08-01 11:13:00,84.9973,47.6970,2.7266
2026-08-01 11:14:00,84.3490,47.3744,2.8351
2026-08-01 11:15:00,84.9394,48.2302,2.8236
2026-08-01 11:16:00,84.6500,48.0288,2.8792
2026-08-01 11:17:00,85.0614,47.7993,2.8210
2026-08-01 11:18:00,84.9383,48.2548,2.7558
2026-08-01 11:19:00,85.2625,47.5843,2.7297
2026-08-01 11:20:00,84.9391,46.0862,2.8053
2026-08-01 11:21:00,84.2520,47.0800,2.7368
2026-08-01 11:22:00,84.7076,45.9200,2.7563
2026-08-01 11:23:00,84.3803,47.8709,2.7982
2026-08-01 11:24:00,84.5809,48.0439,2.7566
2026-08-01 11:25:00,85.1944,48.0627,2.7689
2026-08-01 11:26:00,84.9372,47.6835,2.6541
2026-08-01 11:27:00,84.5414,48.0499,2.8631
2026-08-01 11:28:00,84.4523,45.9981,2.6123
2026-08-01 11:29:00,84.7718,47.1576,2.7615
2026-08-01 11:30:00,84.4027,46.0964,2.6635
2026-08-01 11:31:00,84.5722,46.9269,2.8147
2026-08-01 11:32:00,84.8732,48.4923,2.7891
2026-08-01 11:33:00,85.1325,48.0600,2.6946
2026-08-01 11:34:00,84.9750,47.7019,2.8443
2026-08-01 11:35:00,84.1116,47.0139,2.6639
2026-08-01 11:36:00,84.8970,46.3520,2.7645
2026-08-01 11:37:00,84.8342,47.2846,2.5973
2026-08-01 11:38:00,84.9439,48.0121,2.7039
2026-08-01 11:39:00,85.3118,47.4405,2.5635
2026-08-01 11:40:00,84.2153,45.8337,2.6519
2026-08-01 11:41:00,84.6644,47.1760,2.6380
2026-08-01 11:42:00,85.0266,45.5522,2.7241
2026-08-01 11:43:00,84.3826,47.7173,2.5621
2026-08-01 11:44:00,85.3077,46.5112,2.9294
2026-08-01 11:45:00,84.9833,46.0791,2.4766
2026-08-01 11:46:00,85.1348,47.7046,2.6308
2026-08-01 11:47:00,84.7177,47.4908,2.6289
2026-08-01 11:48:00,85.1413,47.2229,2.6465
2026-08-01 11:49:00,85.2260,48.7844,2.5337
2026-08-01 11:50:00,84.9837,47.5337,2.6018
2026-08-01 11:51:00,84.9926,46.5048,2.5136
2026-08-01 11:52:00,85.0119,47.4318,2.7497
2026-08-01 11:53:00,84.6803,46.7837,2.4912
2026-08-01 11:54:00,84.9036,48.0227,2.5321
2026-08-01 11:55:00,84.9107,47.2312,2.4728
2026-08-01 11:56:00,85.0802,47.3081,2.4513
2026-08-01 11:57:00,85.2738,45.8484,2.3834
2026-08-01 11:58:00,84.6650,47.0501,2.5829
2026-08-01 11:59:00,84.9538,46.9552,2.4406
2026-08-01 12:00:00,85.4444,46.1806,2.4203
2026-08-01 12:01:00,84.7856,46.8231,2.3958
2026-08-01 12:02:00,84.7708,47.3496,2.5147
2026-08-01 12:03:00,85.0868,46.9988,2.4786
2026-08-01 12:04:00,85.2882,45.8744,2.4713
2026-08-01 12:05:00,85.0469,46.7878,2.3847
2026-08-01 12:06:00,85.4508,46.6348,2.4966
2026-08-01 12:07:00,85.3177,47.1674,2.3791
2026-08-01 12:08:00,85.3218,47.0849,2.4446
2026-08-01 12:09:00,85.2440,46.6915,2.4160
2026-08-01 12:10:00,85.7845,46.6651,2.2535
2026-08-01 12:11:00,85.0330,47.0848,2.6177
2026-08-01 12:12:00,84.5018,47.8073,2.4648
2026-08-01 12:13:00,85.5923,47.2662,2.4179
2026-08-01 12:14:00,84.9818,48.1887,2.4263
2026-08-01 12:15:00,85.1595,47.9642,2.5904
2026-08-01 12:16:00,85.5280,48.2629,2.4917
2026-08-01 12:17:00,84.6623,48.1689,2.4057
2026-08-01 12:18:00,84.7752,48.3332,2.2930
2026-08-01 12:19:00,84.6779,46.1698,2.3018
2026-08-01 12:20:00,84.9275,47.6202,2.1697
2026-08-01 12:21:00,85.3050,48.0873,2.3064
2026-08-01 12:22:00,85.3375,48.2428,2.4028
2026-08-01 12:23:00,85.2702,46.5184,2.3934
2026-08-01 12:24:00,84.7705,47.6727,2.3853
2026-08-01 12:25:00,84.5080,47.2194,2.2658
2026-08-01 12:26:00,85.2240,48.6497,2.3663
2026-08-01 12:27:00,85.0726,46.0756,2.3876
2026-08-01 12:28:00,85.3582,46.5838,2.0766
2026-08-01 12:29:00,85.4370,45.7651,2.3239
2026-08-01 12:30:00,85.2738,47.3441,2.4960
2026-08-01 12:31:00,85.4661,49.0547,2.2532
2026-08-01 12:32:00,85.3124,47.2239,2.0249
2026-08-01 12:33:00,85.4079,47.3564,2.1906
2026-08-01 12:34:00,85.0426,47.7324,2.0854
2026-08-01 12:35:00,85.2051,47.2163,2.1986
2026-08-01 12:36:00,85.3227,47.6198,2.1349
2026-08-01 12:37:00,85.5143,47.6588,2.3458
2026-08-01 12:38:00,85.1542,46.6871,2.3263
2026-08-01 12:39:00,85.4327,47.3073,2.2785
2026-08-01 12:40:00,85.2004,47.9955,2.3628
2026-08-01 12:41:00,85.2484,48.1646,2.1798
2026-08-01 12:42:00,85.5358,48.4809,2.2401
2026-08-01 12:43:00,84.6921,47.7312,2.4487
2026-08-01 12:44:00,84.9038,47.7686,2.2845
2026-08-01 12:45:00,84.8506,48.1057,2.2811
2026-08-01 12:46:00,84.5975,47.0518,2.1432
2026-08-01 12:47:00,85.0961,47.0415,2.1756
2026-08-01 12:48:00,85.5261,47.4731,2.1144
2026-08-01 12:49:00,85.2172,46.5762,2.3804
2026-08-01 12:50:00,85.3632,47.9455,2.0544
2026-08-01 12:51:00,85.6315,48.4833,2.2997
2026-08-01 12:52:00,85.7036,47.1005,2.2647
2026-08-01 12:53:00,85.2848,48.0416,2.0447
2026-08-01 12:54:00,85.7116,47.2155,2.3179
2026-08-01 12:55:00,85.3329,46.9312,2.1767
2026-08-01 12:56:00,85.0534,49.4150,2.0696
2026-08-01 12:57:00,85.1254,46.9952,2.2374
2026-08-01 12:58:00,84.8583,46.8004,2.1182
2026-08-01 12:59:00,85.0345,48.0229,2.1796
2026-08-01 13:00:00,85.1916,48.0935,2.1494
2026-08-01 13:01:00,85.5379,48.4404,2.1122
2026-08-01 13:02:00,85.8106,49.5359,2.0816
2026-08-01 13:03:00,84.8769,47.3419,2.2806
2026-08-01 13:04:00,85.4062,47.5299,2.2341
2026-08-01 13:05:00,84.9727,49.3090,2.2286
2026-08-01 13:06:00,85.4234,48.8030,2.1673
2026-08-01 13:07:00,85.2376,48.7217,2.2102
2026-08-01 13:08:00,84.7231,47.6401,2.1330
2026-08-01 13:09:00,85.5460,49.0434,2.1330
2026-08-01 13:10:00,85.0809,48.8163,2.3812
2026-08-01 13:11:00,85.0967,48.3567,2.3008
2026-08-01 13:12:00,84.9301,47.7687,2.1585
2026-08-01 13:13:00,85.0485,48.3539,2.0676
2026-08-01 13:14:00,85.3666,49.6196,2.0498
2026-08-01 13:15:00,85.1746,47.4581,2.1594
2026-08-01 13:16:00,85.3227,47.7262,2.2367
2026-08-01 13:17:00,85.3251,47.8969,2.2411
2026-08-01 13:18:00,85.6048,48.1038,2.2475
2026-08-01 13:19:00,85.0974,48.4535,2.2698
2026-08-01 13:20:00,84.7486,49.2669,2.1364
2026-08-01 13:21:00,85.5028,48.9033,2.3950
2026-08-01 13:22:00,85.0738,48.6172,2.2287
2026-08-01 13:23:00,85.4980,48.8248,2.2822
2026-08-01 13:24:00,85.2685,49.1372,2.1917
2026-08-01 13:25:00,85.1038,47.3278,2.2931
2026-08-01 13:26:00,85.2370,49.5657,2.4746
2026-08-01 13:27:00,85.7065,48.0829,2.1729
2026-08-01 13:28:00,85.7329,48.4250,2.1655
2026-08-01 13:29:00,85.1188,49.0881,2.1959
2026-08-01 13:30:00,85.1338,48.7916,2.2546
2026-08-01 13:31:00,85.3961,49.2779,2.2414
2026-08-01 13:32:00,84.8067,49.0384,2.1952
2026-08-01 13:33:00,85.1471,48.7302,2.3002
2026-08-01 13:34:00,85.0259,50.2216,2.4673
2026-08-01 13:35:00,85.1139,49.6021,2.3024
2026-08-01 13:36:00,84.7555,49.3146,2.3140
2026-08-01 13:37:00,84.5140,49.6644,2.3644
2026-08-01 13:38:00,84.3541,48.5837,2.4014
2026-08-01 13:39:00,84.6255,50.9255,2.4806
2026-08-01 13:40:00,84.8075,48.3534,2.3740
2026-08-01 13:41:00,84.8412,49.3521,2.3566
2026-08-01 13:42:00,85.4941,49.0705,2.2646
2026-08-01 13:43:00,85.2281,49.0784,2.4448
2026-08-01 13:44:00,84.5908,49.0129,2.2935
2026-08-01 13:45:00,84.9665,48.7974,2.2976
2026-08-01 13:46:00,84.7225,50.4040,2.4118
2026-08-01 13:47:00,84.7414,48.5282,2.5540
2026-08-01 13:48:00,84.8641,50.3175,2.4799
2026-08-01 13:49:00,84.9758,50.0884,2.4110
2026-08-01 13:50:00,84.6695,49.3037,2.3242
2026-08-01 13:51:00,85.0713,50.0735,2.5822
2026-08-01 13:52:00,84.3901,49.5601,2.4320
2026-08-01 13:53:00,84.7149,48.8447,2.4163
2026-08-01 13:54:00,85.4723,48.8923,2.5086
2026-08-01 13:55:00,84.7396,50.3281,2.4160
2026-08-01 13:56:00,85.0821,50.3258,2.3933
2026-08-01 13:57:00,84.6587,50.0758,2.4108
2026-08-01 13:58:00,84.7843,49.6083,2.4183
2026-08-01 13:59:00,84.5716,49.8084,2.3794
2026-08-01 14:00:00,84.5159,49.7396,2.3761
2026-08-01 14:01:00,84.3112,48.6417,2.6051
2026-08-01 14:02:00,84.6519,50.1275,2.5826
2026-08-01 14:03:00,84.2449,50.5357,2.4413
2026-08-01 14:04:00,84.6773,50.2111,2.6202
2026-08-01 14:05:00,84.7803,51.6115,2.5701
2026-08-01 14:06:00,84.5415,49.4317,2.5146
2026-08-01 14:07:00,84.3222,49.7456,2.4321
2026-08-01 14:08:00,84.5206,50.4200,2.5965
2026-08-01 14:09:00,84.2679,50.5476,2.7566
2026-08-01 14:10:00,84.6171,48.8706,2.5791
2026-08-01 14:11:00,83.7627,50.9126,2.6851
2026-08-01 14:12:00,84.1869,50.6680,2.5715
2026-08-01 14:13:00,83.6657,48.8125,2.6923
2026-08-01 14:14:00,83.7895,50.4533,2.5925
2026-08-01 14:15:00,84.6221,49.9384,2.3743
2026-08-01 14:16:00,84.4562,50.2611,2.5498
2026-08-01 14:17:00,83.9463,49.5916,2.6424
2026-08-01 14:18:00,83.6858,51.0333,2.7445
2026-08-01 14:19:00,83.2214,52.1479,2.6278
2026-08-01 14:20:00,83.9217,50.9885,2.6530
2026-08-01 14:21:00,84.7848,49.0868,2.5980
2026-08-01 14:22:00,84.1629,51.0805,2.8195
2026-08-01 14:23:00,83.8382,50.7339,2.8200
2026-08-01 14:24:00,84.1191,50.0462,2.6087
2026-08-01 14:25:00,83.4846,51.2472,2.5310
2026-08-01 14:26:00,83.8370,51.7052,2.5081
2026-08-01 14:27:00,83.9292,50.5036,2.7552
2026-08-01 14:28:00,83.8465,49.7601,2.7143
2026-08-01 14:29:00,84.0825,49.5023,2.6283
2026-08-01 14:30:00,83.9215,50.6155,2.7393
2026-08-01 14:31:00,83.9914,51.0598,2.5946
2026-08-01 14:32:00,83.5571,50.8074,2.8024
2026-08-01 14:33:00,84.0056,50.7094,2.6899
2026-08-01 14:34:00,84.1975,51.7459,2.6250
2026-08-01 14:35:00,83.3903,51.6971,2.7013
2026-08-01 14:36:00,83.3875,51.5216,2.7026
2026-08-01 14:37:00,84.0270,52.0500,2.7837
2026-08-01 14:38:00,83.5413,50.9064,2.8682
2026-08-01 14:39:00,83.9922,50.5902,2.8672
2026-08-01 14:40:00,83.4107,51.0821,2.7758
2026-08-01 14:41:00,83.9523,51.0608,2.7449
2026-08-01 14:42:00,83.5276,49.9265,2.7104
2026-08-01 14:43:00,83.5380,51.1644,2.5940
2026-08-01 14:44:00,83.9023,52.5178,2.7721
2026-08-01 14:45:00,83.2968,52.3074,2.6921
2026-08-01 14:46:00,83.0955,52.1194,2.9019
2026-08-01 14:47:00,83.2157,51.8367,2.7627
2026-08-01 14:48:00,83.4585,52.9225,2.8600
2026-08-01 14:49:00,82.8257,50.9468,2.7394
2026-08-01 14:50:00,83.4593,51.0544,2.7222
2026-08-01 14:51:00,83.0792,52.7567,2.8522
2026-08-01 14:52:00,83.5580,51.9100,2.8212
2026-08-01 14:53:00,82.4683,51.3814,2.8272
2026-08-01 14:54:00,82.9236,52.3899,2.7869
2026-08-01 14:55:00,82.6267,51.6273,2.8764
2026-08-01 14:56:00,82.8580,51.3374,2.8628
2026-08-01 14:57:00,83.1535,51.3441,2.5814
2026-08-01 14:58:00,82.9989,52.3223,2.7738
2026-08-01 14:59:00,82.9502,52.2580,2.9014
2026-08-01 15:00:00,82.9522,53.3347,2.6980
2026-08-01 15:01:00,83.0349,51.9168,2.6307
2026-08-01 15:02:00,82.6454,51.9304,2.7857
2026-08-01 15:03:00,83.1342,53.3547,2.8511
2026-08-01 15:04:00,83.0954,53.0180,2.7523
2026-08-01 15:05:00,82.9867,52.3714,2.9267
2026-08-01 15:06:00,83.0129,51.0324,2.9807
2026-08-01 15:07:00,82.9099,51.6570,2.6025
2026-08-01 15:08:00,83.4066,51.4882,2.7550
2026-08-01 15:09:00,82.7454,52.3851,2.5635
2026-08-01 15:10:00,82.6550,51.9734,2.8559
2026-08-01 15:11:00,82.4969,53.6861,2.7197
2026-08-01 15:12:00,82.3894,51.1699,2.7377
2026-08-01 15:13:00,82.3021,51.5209,2.8976
2026-08-01 15:14:00,82.3854,52.6681,2.6472
2026-08-01 15:15:00,82.6077,52.9116,2.6192
2026-08-01 15:16:00,82.7063,50.4463,2.5463
2026-08-01 15:17:00,82.5988,51.1489,2.8978
2026-08-01 15:18:00,82.3314,52.3470,2.8711
2026-08-01 15:19:00,82.8091,53.6631,2.7343
2026-08-01 15:20:00,82.7392,54.1083,2.6323
2026-08-01 15:21:00,82.4480,52.2859,2.8392
2026-08-01 15:22:00,82.2790,52.4999,3.0271
2026-08-01 15:23:00,82.6186,51.9855,2.7237
2026-08-01 15:24:00,82.4900,53.1796,2.6224
2026-08-01 15:25:00,81.9790,53.9134,2.8622
2026-08-01 15:26:00,82.3733,53.7126,2.6199
2026-08-01 15:27:00,82.4529,52.7012,2.6915
2026-08-01 15:28:00,82.0853,52.0698,2.4591
2026-08-01 15:29:00,82.3934,52.7629,2.6873
2026-08-01 15:30:00,81.8817,53.8763,2.5843
2026-08-01 15:31:00,82.7010,52.4660,2.8324
2026-08-01 15:32:00,82.6570,51.3484,2.6031
2026-08-01 15:33:00,82.1896,52.5266,2.7728
2026-08-01 15:34:00,82.3576,52.6047,2.6783
2026-08-01 15:35:00,81.5092,51.3838,2.6952
2026-08-01 15:36:00,81.8693,53.0388,2.7286
2026-08-01 15:37:00,82.1125,53.2699,2.6646
2026-08-01 15:38:00,81.8638,54.3644,2.5986
2026-08-01 15:39:00,82.3851,51.8215,2.5755
2026-08-01 15:40:00,82.7556,53.4822,2.7009
2026-08-01 15:41:00,81.7896,53.6812,2.4530
2026-08-01 15:42:00,81.8779,53.3328,2.8040
2026-08-01 15:43:00,82.1868,52.1206,2.6423
2026-08-01 15:44:00,82.5870,52.0825,2.5883
2026-08-01 15:45:00,81.7249,53.0201,2.6414
2026-08-01 15:46:00,82.1547,53.0219,2.5481
2026-08-01 15:47:00,82.6152,52.5091,2.5823
2026-08-01 15:48:00,81.5627,53.9964,2.4795
2026-08-01 15:49:00,81.6637,52.6484,2.6227
2026-08-01 15:50:00,81.9112,51.4594,2.5698
2026-08-01 15:51:00,81.8729,52.8000,2.5888
2026-08-01 15:52:00,82.2642,53.3678,2.7107
2026-08-01 15:53:00,82.0847,53.2610,2.4742
2026-08-01 15:54:00,81.4720,53.2581,2.5340
2026-08-01 15:55:00,82.1519,54.1888,2.3740
2026-08-01 15:56:00,81.8173,52.1041,2.5864
2026-08-01 15:57:00,82.3667,52.6587,2.5218
2026-08-01 15:58:00,81.7904,54.2350,2.5174
2026-08-01 15:59:00,81.7826,51.4259,2.4921
2026-08-01 16:00:00,82.1313,52.9570,2.4422
2026-08-01 16:01:00,82.1937,53.9829,2.7417
2026-08-01 16:02:00,82.0957,53.9702,2.4881
2026-08-01 16:03:00,81.4525,53.5258,2.5061
2026-08-01 16:04:00,82.1171,53.5442,2.3547
2026-08-01 16:05:00,81.6435,52.1608,2.5494
2026-08-01 16:06:00,82.0229,54.0893,2.4407
2026-08-01 16:07:00,81.5244,52.0274,2.4899
2026-08-01 16:08:00,82.0850,52.0712,2.5279
2026-08-01 16:09:00,81.7094,53.2895,2.4196
2026-08-01 16:10:00,81.5674,52.5799,2.3547
2026-08-01 16:11:00,82.1676,53.1343,2.1820
2026-08-01 16:12:00,82.0279,53.3077,2.3686
2026-08-01 16:13:00,81.7736,54.3792,2.3316
2026-08-01 16:14:00,82.3962,53.2967,2.2782
2026-08-01 16:15:00,81.8322,52.4475,2.5305
2026-08-01 16:16:00,81.9782,53.4756,2.4763
2026-08-01 16:17:00,82.0539,52.2606,2.1879
2026-08-01 16:18:00,81.7926,53.6476,2.3792
2026-08-01 16:19:00,82.1257,52.9594,2.2751
2026-08-01 16:20:00,81.8307,53.2182,2.3867
2026-08-01 16:21:00,81.8742,51.4628,2.2633
2026-08-01 16:22:00,82.4140,51.0759,2.2827
2026-08-01 16:23:00,81.7011,51.6639,2.4264
2026-08-01 16:24:00,81.2981,54.2498,2.4056
2026-08-01 16:25:00,82.5144,51.9223,2.4683
2026-08-01 16:26:00,82.8057,53.4138,2.2895
2026-08-01 16:27:00,81.9297,52.3010,2.1596
2026-08-01 16:28:00,81.4812,52.6087,2.3914
2026-08-01 16:29:00,81.9806,52.7507,2.3862
2026-08-01 16:30:00,81.9999,54.0867,2.3507
2026-08-01 16:31:00,82.0414,53.2240,2.2080
2026-08-01 16:32:00,81.7776,53.0487,2.1700
2026-08-01 16:33:00,82.2992,53.7618,2.3255
2026-08-01 16:34:00,82.2970,52.2012,2.1782
2026-08-01 16:35:00,81.7062,53.5453,2.2312
2026-08-01 16:36:00,82.3797,53.3941,2.5479
2026-08-01 16:37:00,82.8017,53.3669,2.4657
2026-08-01 16:38:00,82.2541,52.5124,2.3277
2026-08-01 16:39:00,82.1184,52.2676,2.1780
2026-08-01 16:40:00,82.1946,51.9022,2.1680
2026-08-01 16:41:00,82.4400,51.9325,2.3079
2026-08-01 16:42:00,81.7549,51.8243,2.3824
2026-08-01 16:43:00,82.3427,52.8307,2.1781
2026-08-01 16:44:00,82.1961,52.3333,2.1803
2026-08-01 16:45:00,82.8879,52.8395,2.2316
2026-08-01 16:46:00,82.3022,52.8627,2.0810
2026-08-01 16:47:00,82.8763,51.6021,2.0814
2026-08-01 16:48:00,82.0667,51.5552,2.0971
2026-08-01 16:49:00,82.5965,52.2208,2.2670
2026-08-01 16:50:00,82.5391,51.7600,2.2374
2026-08-01 16:51:00,82.2061,51.6516,2.3220
2026-08-01 16:52:00,82.5441,53.6880,2.0328
2026-08-01 16:53:00,82.8791,51.0798,2.0533
2026-08-01 16:54:00,82.4433,53.8997,2.2493
2026-08-01 16:55:00,82.0584,52.4866,2.1154
2026-08-01 16:56:00,82.5867,53.0184,2.1217
2026-08-01 16:57:00,82.3478,52.8976,2.3022
2026-08-01 16:58:00,82.5428,52.6697,2.1451
2026-08-01 16:59:00,82.6485,53.4784,2.1565
2026-08-01 17:00:00,82.1893,51.2554,2.1750
2026-08-01 17:01:00,82.2447,51.9683,2.1812
2026-08-01 17:02:00,82.9029,51.3828,2.2689
2026-08-01 17:03:00,82.6309,50.6795,2.0799
2026-08-01 17:04:00,82.0481,51.4784,2.1828
2026-08-01 17:05:00,83.0832,53.4761,2.3188
2026-08-01 17:06:00,82.9602,51.8096,2.4170
2026-08-01 17:07:00,82.6955,53.5051,2.0694
2026-08-01 17:08:00,82.5462,53.5566,2.2397
2026-08-01 17:09:00,83.2240,54.2534,2.1893
2026-08-01 17:10:00,83.1105,53.3507,2.2003
2026-08-01 17:11:00,83.7533,53.6815,2.1334
2026-08-01 17:12:00,83.1979,52.0235,2.2903
2026-08-01 17:13:00,83.2218,51.9141,2.2877
2026-08-01 17:14:00,83.0894,51.9351,2.4722
2026-08-01 17:15:00,83.4190,51.6668,2.0907
2026-08-01 17:16:00,83.3963,51.7536,2.0511
2026-08-01 17:17:00,83.6195,52.2026,2.4347
2026-08-01 17:18:00,83.1232,51.1948,2.2275
2026-08-01 17:19:00,83.1849,50.4318,2.1907
2026-08-01 17:20:00,83.2080,51.7909,2.2590
2026-08-01 17:21:00,83.6256,50.9116,2.1047
2026-08-01 17:22:00,83.8749,50.9601,2.2860
2026-08-01 17:23:00,83.3250,51.2826,2.2447
2026-08-01 17:24:00,83.3729,51.0643,2.3647
2026-08-01 17:25:00,83.6324,52.2149,2.3477
2026-08-01 17:26:00,83.5027,51.1581,2.3609
2026-08-01 17:27:00,83.9006,52.1843,2.2910
2026-08-01 17:28:00,82.9783,51.3850,2.4375
2026-08-01 17:29:00,83.4450,51.1134,2.3400
2026-08-01 17:30:00,83.4976,51.2746,2.2346
2026-08-01 17:31:00,83.0759,50.0784,2.2126
2026-08-01 17:32:00,83.5229,51.3456,2.2296
2026-08-01 17:33:00,83.5776,51.7177,2.3640
2026-08-01 17:34:00,83.8322,51.7941,2.1780
2026-08-01 17:35:00,84.2671,49.8826,2.3329
2026-08-01 17:36:00,83.9006,49.7119,2.2404
2026-08-01 17:37:00,83.7059,50.4602,2.2048
2026-08-01 17:38:00,84.0394,51.9598,2.2274
2026-08-01 17:39:00,84.4127,50.9911,2.3409
2026-08-01 17:40:00,83.8469,50.1567,2.4264
2026-08-01 17:41:00,83.9084,49.5761,2.2893
2026-08-01 17:42:00,84.3912,50.1531,2.1562
2026-08-01 17:43:00,84.1994,50.0609,2.6863
2026-08-01 17:44:00,84.5024,51.3722,2.4898
2026-08-01 17:45:00,84.3466,51.3953,2.4784
2026-08-01 17:46:00,84.6039,49.7068,2.5553
2026-08-01 17:47:00,84.1256,51.1106,2.4091
2026-08-01 17:48:00,84.4755,50.9899,2.3938
2026-08-01 17:49:00,84.4589,49.4867,2.5504
2026-08-01 17:50:00,84.2004,50.3245,2.5573
2026-08-01 17:51:00,84.1394,50.6253,2.4915
2026-08-01 17:52:00,84.8575,50.4442,2.5259
2026-08-01 17:53:00,84.5898,48.9061,2.3215
2026-08-01 17:54:00,84.4319,50.3403,2.4273
2026-08-01 17:55:00,84.7532,50.7052,2.6312
2026-08-01 17:56:00,85.1640,51.4207,2.5491
2026-08-01 17:57:00,84.1849,49.5827,2.3303
2026-08-01 17:58:00,84.4638,49.6422,2.4312
2026-08-01 17:59:00,84.6795,49.8722,2.6462
2026-08-01 18:00:00,85.4384,50.2330,2.5455
2026-08-01 18:01:00,85.1284,50.0383,2.5260
2026-08-01 18:02:00,85.3174,50.4049,2.5369
2026-08-01 18:03:00,84.7888,48.9821,2.5152
2026-08-01 18:04:00,84.8386,50.1605,2.4789
2026-08-01 18:05:00,85.3523,49.2100,2.4558
2026-08-01 18:06:00,85.2789,49.6500,2.6480
2026-08-01 18:07:00,85.4695,51.0919,2.5784
2026-08-01 18:08:00,85.2920,48.5678,2.6331
2026-08-01 18:09:00,85.4750,49.4238,2.6247
2026-08-01 18:10:00,85.4822,48.5887,2.7185
2026-08-01 18:11:00,85.7112,49.6920,2.6307
2026-08-01 18:12:00,85.7630,50.3693,2.6751
2026-08-01 18:13:00,85.0779,49.6277,2.6169
2026-08-01 18:14:00,84.9324,49.3599,2.5128
2026-08-01 18:15:00,85.9498,50.4775,2.5922
2026-08-01 18:16:00,86.0481,49.6407,2.6810
2026-08-01 18:17:00,85.4280,49.9936,2.6969
2026-08-01 18:18:00,85.2184,49.8719,2.7813
2026-08-01 18:19:00,85.8482,46.9605,2.5972
2026-08-01 18:20:00,86.1396,49.1622,2.6726
2026-08-01 18:21:00,86.4413,48.3232,2.6438
2026-08-01 18:22:00,86.0984,48.4845,2.8258
2026-08-01 18:23:00,85.8733,50.2900,2.7076
2026-08-01 18:24:00,85.7580,48.7731,2.7159
2026-08-01 18:25:00,86.0702,50.5497,2.6791
2026-08-01 18:26:00,86.0177,47.8724,2.6663
2026-08-01 18:27:00,85.8434,48.0947,2.5500
2026-08-01 18:28:00,86.8027,49.5348,2.5746
2026-08-01 18:29:00,86.7635,48.6152,2.7244
2026-08-01 18:30:00,86.6085,49.0978,2.7175
2026-08-01 18:31:00,86.0308,48.7259,2.7361
2026-08-01 18:32:00,86.6027,48.6657,2.8171
2026-08-01 18:33:00,86.5769,48.5006,2.7374
2026-08-01 18:34:00,86.5563,48.8521,2.6983
2026-08-01 18:35:00,86.8367,49.1864,2.7170
2026-08-01 18:36:00,86.6903,49.9296,2.7671
2026-08-01 18:37:00,86.7593,48.4411,2.7092
2026-08-01 18:38:00,86.7657,48.2536,2.8580
2026-08-01 18:39:00,86.7138,48.1162,2.7547
2026-08-01 18:40:00,86.1131,49.6758,2.7850
2026-08-01 18:41:00,86.7096,49.0184,2.6820
2026-08-01 18:42:00,86.5536,46.9133,2.8738
2026-08-01 18:43:00,86.3720,46.8447,2.9147
2026-08-01 18:44:00,87.2957,47.7020,2.6377
2026-08-01 18:45:00,87.3447,48.5174,2.8173
2026-08-01 18:46:00,87.2682,48.2740,2.7693
2026-08-01 18:47:00,86.9711,48.6804,2.8112
2026-08-01 18:48:00,87.3334,48.0963,2.8305
2026-08-01 18:49:00,86.9651,49.3230,2.5642
2026-08-01 18:50:00,87.0551,48.7914,2.8657
2026-08-01 18:51:00,86.6987,48.2048,2.9030
2026-08-01 18:52:00,87.1779,49.0283,2.9159
2026-08-01 18:53:00,87.1085,46.7626,2.7005
2026-08-01 18:54:00,86.7307,47.9836,2.7932
2026-08-01 18:55:00,87.1369,48.1320,2.7435
2026-08-01 18:56:00,87.1586,48.4742,2.6068
2026-08-01 18:57:00,87.7516,46.5915,2.7370
2026-08-01 18:58:00,87.5100,47.7266,2.6912
2026-08-01 18:59:00,87.2740,48.2270,2.8333
2026-08-01 19:00:00,87.3737,48.2604,2.6369
2026-08-01 19:01:00,87.3403,48.8000,2.7019
2026-08-01 19:02:00,87.2936,48.4331,2.7476
2026-08-01 19:03:00,87.0568,47.7484,2.8761
2026-08-01 19:04:00,87.3627,48.3105,3.0761
2026-08-01 19:05:00,87.2102,47.5834,2.8277
2026-08-01 19:06:00,87.0845,47.8362,2.6931
2026-08-01 19:07:00,87.6380,48.3293,2.7271
2026-08-01 19:08:00,87.6265,47.6323,2.8593
2026-08-01 19:09:00,86.9972,47.9336,2.6571
2026-08-01 19:10:00,87.5199,48.3890,2.8994
2026-08-01 19:11:00,87.8784,48.1660,2.8150
2026-08-01 19:12:00,87.9199,48.5597,2.7728
2026-08-01 19:13:00,87.9319,49.4128,2.6143
2026-08-01 19:14:00,87.6572,48.0900,2.8721
2026-08-01 19:15:00,87.4129,47.1366,2.7010
2026-08-01 19:16:00,87.3617,47.8934,2.7894
2026-08-01 19:17:00,87.8100,47.8379,2.7551
2026-08-01 19:18:00,87.8396,47.9329,2.6089
2026-08-01 19:19:00,88.1308,48.6178,2.7406
2026-08-01 19:20:00,88.0928,46.0546,2.6388
2026-08-01 19:21:00,87.7408,48.5936,2.6906
2026-08-01 19:22:00,87.4243,48.8439,2.7949
2026-08-01 19:23:00,87.7183,47.7995,2.8175
2026-08-01 19:24:00,87.8952,47.8007,2.7409
2026-08-01 19:25:00,87.7848,47.1161,2.6496
2026-08-01 19:26:00,87.6870,47.2973,2.6684
2026-08-01 19:27:00,87.9505,47.8339,2.6616
2026-08-01 19:28:00,87.7372,47.7662,2.5092
2026-08-01 19:29:00,87.7132,47.8202,2.7249
2026-08-01 19:30:00,88.0076,47.7297,2.5455
2026-08-01 19:31:00,87.8057,47.9323,2.7141
2026-08-01 19:32:00,88.0110,47.8286,2.5548
2026-08-01 19:33:00,88.0307,46.3659,2.5742
2026-08-01 19:34:00,87.6172,47.8379,2.7557
2026-08-01 19:35:00,87.8245,48.6461,2.6851
2026-08-01 19:36:00,88.4094,47.1255,2.4879
2026-08-01 19:37:00,87.6381,48.3345,2.6140
2026-08-01 19:38:00,87.3598,46.3897,2.6896
2026-08-01 19:39:00,87.4438,47.0888,2.5948
2026-08-01 19:40:00,88.0180,46.5893,2.6157
2026-08-01 19:41:00,88.0250,48.1957,2.6676
2026-08-01 19:42:00,87.9862,48.3953,2.6407
2026-08-01 19:43:00,88.3910,46.9946,2.5299
2026-08-01 19:44:00,87.2296,48.0024,2.6243
2026-08-01 19:45:00,88.1544,48.3781,2.5861
2026-08-01 19:46:00,88.5076,47.0239,2.7799
2026-08-01 19:47:00,87.7038,47.1471,2.5898
2026-08-01 19:48:00,87.9307,47.6238,2.6062
2026-08-01 19:49:00,87.8206,46.3570,2.6112
2026-08-01 19:50:00,87.7795,47.1137,2.5454
2026-08-01 19:51:00,87.9507,48.7350,2.4980
2026-08-01 19:52:00,88.4771,46.6164,2.6084
2026-08-01 19:53:00,88.5997,47.6956,2.6015
2026-08-01 19:54:00,87.9469,47.4283,2.7552
2026-08-01 19:55:00,88.6178,46.8754,2.6134
2026-08-01 19:56:00,88.0550,47.1814,2.6073
2026-08-01 19:57:00,88.5679,48.4044,2.5953
2026-08-01 19:58:00,88.0108,47.4439,2.4467
2026-08-01 19:59:00,88.0745,47.5681,2.3821
2026-08-01 20:00:00,88.1407,48.2807,2.3996
2026-08-01 20:01:00,88.9801,46.7687,2.5609
2026-08-01 20:02:00,88.2767,46.1635,2.6265
2026-08-01 20:03:00,87.8035,48.4170,2.5499
2026-08-01 20:04:00,88.3002,47.1133,2.4519
2026-08-01 20:05:00,87.8942,47.7213,2.6285
2026-08-01 20:06:00,87.8486,46.3994,2.4087
2026-08-01 20:07:00,88.2604,47.3234,2.3305
2026-08-01 20:08:00,87.9889,46.1389,2.4629
2026-08-01 20:09:00,88.0545,47.0718,2.5592
2026-08-01 20:10:00,87.9659,46.5073,2.3380
2026-08-01 20:11:00,88.0530,46.3289,2.2443
2026-08-01 20:12:00,88.0693,46.7944,2.4111
2026-08-01 20:13:00,87.3501,45.2086,2.4770
2026-08-01 20:14:00,88.1200,46.1223,2.0960
2026-08-01 20:15:00,87.6138,47.6836,2.4829
2026-08-01 20:16:00,87.4637,47.3437,2.2413
2026-08-01 20:17:00,87.8663,46.2146,2.4433
2026-08-01 20:18:00,87.8961,47.5212,2.1641
2026-08-01 20:19:00,87.6494,46.3897,2.2094
2026-08-01 20:20:00,88.0929,47.6798,2.4119
2026-08-01 20:21:00,87.4266,47.0201,2.4648
2026-08-01 20:22:00,87.6924,46.8634,2.3357
2026-08-01 20:23:00,87.6239,47.0621,2.5696
2026-08-01 20:24:00,87.7698,49.1945,2.2214
2026-08-01 20:25:00,87.8515,46.5522,2.2138
2026-08-01 20:26:00,87.4490,47.3533,2.2810
2026-08-01 20:27:00,87.9519,47.8105,2.2702
2026-08-01 20:28:00,87.7363,46.4293,2.3276
2026-08-01 20:29:00,87.1322,45.9382,2.2192
2026-08-01 20:30:00,87.0943,46.7475,2.3446
2026-08-01 20:31:00,87.6598,47.8512,2.3367
2026-08-01 20:32:00,87.5785,46.9858,2.4384
2026-08-01 20:33:00,87.5947,47.0907,2.2228
2026-08-01 20:34:00,87.5979,48.0209,2.3006
2026-08-01 20:35:00,87.6542,46.6643,2.3226
2026-08-01 20:36:00,87.8507,47.2560,2.2566
2026-08-01 20:37:00,87.2126,46.1340,2.2316
2026-08-01 20:38:00,87.1736,47.6201,2.0420
2026-08-01 20:39:00,87.1761,47.5661,2.2525
2026-08-01 20:40:00,87.5693,48.0384,2.2997
2026-08-01 20:41:00,87.8344,46.5056,2.2306
2026-08-01 20:42:00,87.3095,47.2886,2.1545
2026-08-01 20:43:00,86.6661,46.4400,2.0613
2026-08-01 20:44:00,86.8828,47.2871,2.2712
2026-08-01 20:45:00,87.1212,48.6910,2.2261
2026-08-01 20:46:00,87.1807,47.2710,2.3589
2026-08-01 20:47:00,87.2021,46.4573,2.0723
2026-08-01 20:48:00,87.3125,47.0290,2.1677
2026-08-01 20:49:00,87.1835,46.3075,2.0802
2026-08-01 20:50:00,87.5677,46.5833,2.3128
2026-08-01 20:51:00,87.0257,48.1808,2.3322
2026-08-01 20:52:00,86.9452,46.5115,2.3988
2026-08-01 20:53:00,87.3227,47.9433,2.2572
2026-08-01 20:54:00,86.6934,47.7394,2.2826
2026-08-01 20:55:00,87.2457,47.3193,2.2462
2026-08-01 20:56:00,87.1342,47.9524,2.2590
2026-08-01 20:57:00,87.0336,47.0469,2.2058
2026-08-01 20:58:00,87.5285,48.4966,2.2623
2026-08-01 20:59:00,86.8394,47.2924,2.4141
2026-08-01 21:00:00,87.6181,47.5696,2.2219
2026-08-01 21:01:00,86.9061,47.5023,2.2025
2026-08-01 21:02:00,86.5642,48.4865,2.2202
2026-08-01 21:03:00,86.9418,48.3992,2.1860
2026-08-01 21:04:00,86.5713,45.8952,2.2263
2026-08-01 21:05:00,86.6418,48.2254,2.1843
2026-08-01 21:06:00,86.9596,46.6560,2.3181
2026-08-01 21:07:00,86.9801,47.8086,2.3094
2026-08-01 21:08:00,86.5997,48.0255,2.4231
2026-08-01 21:09:00,87.0554,47.8611,2.2059
2026-08-01 21:10:00,87.0792,48.5744,2.2391
2026-08-01 21:11:00,87.1355,48.7811,2.2371
2026-08-01 21:12:00,86.8360,47.6179,2.2346
2026-08-01 21:13:00,87.0587,47.6207,2.3302
2026-08-01 21:14:00,86.0580,48.2720,2.0574
2026-08-01 21:15:00,86.4993,47.0983,2.2689
2026-08-01 21:16:00,86.3070,47.9845,2.4255
2026-08-01 21:17:00,86.5752,49.4776,2.3655
2026-08-01 21:18:00,86.3404,47.2275,2.3576
2026-08-01 21:19:00,86.4344,48.1940,2.3206
2026-08-01 21:20:00,87.0212,48.0262,2.1806
2026-08-01 21:21:00,86.3780,50.1384,2.1692
2026-08-01 21:22:00,86.5255,48.1382,2.1742
2026-08-01 21:23:00,86.3041,48.2193,2.1389
2026-08-01 21:24:00,86.3689,47.8134,2.3520
2026-08-01 21:25:00,86.3205,48.6806,2.4088
2026-08-01 21:26:00,86.4257,48.9246,2.3103
2026-08-01 21:27:00,86.6133,48.0354,2.3524
2026-08-01 21:28:00,86.7306,49.5708,2.3064
2026-08-01 21:29:00,86.3020,49.0326,2.3393
2026-08-01 21:30:00,86.3587,49.5335,2.0762
2026-08-01 21:31:00,85.8094,48.6258,2.3250
2026-08-01 21:32:00,86.1013,49.1194,2.2567
2026-08-01 21:33:00,86.3828,48.7912,2.3011
2026-08-01 21:34:00,86.3336,50.1647,2.3338
2026-08-01 21:35:00,86.1106,49.1287,2.2458
2026-08-01 21:36:00,86.2864,49.0800,2.2161
2026-08-01 21:37:00,86.1412,48.7438,2.2555
2026-08-01 21:38:00,86.3276,48.7352,2.1918
2026-08-01 21:39:00,86.0281,49.3759,2.2277
2026-08-01 21:40:00,85.8085,49.8792,2.2482
2026-08-01 21:41:00,85.9900,48.7139,2.2133
2026-08-01 21:42:00,84.9843,49.4009,2.4167
2026-08-01 21:43:00,85.9527,49.4852,2.2808
2026-08-01 21:44:00,84.7179,49.6630,2.1917
2026-08-01 21:45:00,85.2701,48.0487,2.3451
2026-08-01 21:46:00,85.8975,48.7135,2.2812
2026-08-01 21:47:00,85.8803,48.3993,2.5458
2026-08-01 21:48:00,85.3636,49.5570,2.4206
2026-08-01 21:49:00,85.4742,48.8487,2.2677
2026-08-01 21:50:00,86.0747,49.2114,2.4792
2026-08-01 21:51:00,85.4942,48.6920,2.4385
2026-08-01 21:52:00,86.2884,49.3638,2.4138
2026-08-01 21:53:00,85.5913,48.8262,2.6028
2026-08-01 21:54:00,85.6909,50.3709,2.3555
2026-08-01 21:55:00,86.0304,50.1872,2.5644
2026-08-01 21:56:00,85.5616,49.9632,2.4277
2026-08-01 21:57:00,85.1989,49.6407,2.4746
2026-08-01 21:58:00,85.4442,48.2913,2.4093
2026-08-01 21:59:00,85.4443,49.5942,2.4235
2026-08-01 22:00:00,85.0236,49.3908,2.4564
2026-08-01 22:01:00,85.3346,50.2371,2.3178
2026-08-01 22:02:00,85.1673,50.5743,2.5504
2026-08-01 22:03:00,85.6461,50.3775,2.5350
2026-08-01 22:04:00,85.3583,51.1674,2.3816
2026-08-01 22:05:00,85.2425,49.7416,2.6052
2026-08-01 22:06:00,85.2752,49.7476,2.6926
2026-08-01 22:07:00,85.3540,51.1048,2.4882
2026-08-01 22:08:00,85.4523,50.4466,2.4839
2026-08-01 22:09:00,84.9480,50.1550,2.6814
2026-08-01 22:10:00,84.9163,51.8688,2.6180
2026-08-01 22:11:00,85.5414,50.8927,2.5716
2026-08-01 22:12:00,85.0677,50.3169,2.6742
2026-08-01 22:13:00,84.7482,49.9593,2.6276
2026-08-01 22:14:00,85.2885,51.6079,2.7504
2026-08-01 22:15:00,85.2768,50.7509,2.6131
2026-08-01 22:16:00,84.6614,50.6433,2.6647
2026-08-01 22:17:00,85.1725,51.2031,2.7390
2026-08-01 22:18:00,85.3077,51.4044,2.3914
2026-08-01 22:19:00,85.1831,51.1784,2.7566
2026-08-01 22:20:00,85.2445,51.4836,2.5995
2026-08-01 22:21:00,84.6180,51.1754,2.7067
2026-08-01 22:22:00,85.1233,51.2960,2.8298
2026-08-01 22:23:00,84.9183,50.3043,2.6393
2026-08-01 22:24:00,84.8497,52.3753,2.6308
2026-08-01 22:25:00,85.2414,49.9774,2.6772
2026-08-01 22:26:00,85.4101,51.2489,2.5436
2026-08-01 22:27:00,85.4911,49.9689,2.9147
2026-08-01 22:28:00,85.3340,50.9966,2.6965
2026-08-01 22:29:00,84.8938,50.6546,2.8711
2026-08-01 22:30:00,85.0200,51.2567,2.6788
2026-08-01 22:31:00,85.1321,51.4576,2.7210
2026-08-01 22:32:00,84.9266,50.4551,2.8174
2026-08-01 22:33:00,84.9180,51.2324,2.6179
2026-08-01 22:34:00,85.1148,52.4065,2.7229
2026-08-01 22:35:00,84.8391,50.2771,2.8287
2026-08-01 22:36:00,84.6277,50.6787,2.7214
2026-08-01 22:37:00,84.7121,52.0854,2.6989
2026-08-01 22:38:00,85.0169,51.4935,2.8631
2026-08-01 22:39:00,84.8183,51.5868,2.8959
2026-08-01 22:40:00,84.9104,52.3178,2.9158
2026-08-01 22:41:00,85.0007,50.8986,2.6961
2026-08-01 22:42:00,84.6790,51.1520,2.7094
2026-08-01 22:43:00,85.0103,51.0867,2.7236
2026-08-01 22:44:00,84.8895,51.3554,2.8459
2026-08-01 22:45:00,84.3982,52.7383,2.6575
2026-08-01 22:46:00,85.1944,50.3384,2.6660
2026-08-01 22:47:00,84.6050,50.7761,2.7114
2026-08-01 22:48:00,84.2525,50.6708,2.6915
2026-08-01 22:49:00,84.4296,52.9163,2.8761
2026-08-01 22:50:00,84.4313,51.3348,2.8715
2026-08-01 22:51:00,84.7481,51.5959,2.7435
2026-08-01 22:52:00,84.6455,50.5963,2.7741
2026-08-01 22:53:00,84.6221,51.7084,2.5410
2026-08-01 22:54:00,84.9049,52.6416,2.7506
2026-08-01 22:55:00,84.8171,52.1804,2.9218
2026-08-01 22:56:00,84.8065,51.9211,2.7472
2026-08-01 22:57:00,84.8314,50.7845,2.6898
2026-08-01 22:58:00,84.8905,51.8027,2.9372
2026-08-01 22:59:00,84.0708,52.2109,2.6884
2026-08-01 23:00:00,84.5916,51.3279,2.9546
2026-08-01 23:01:00,84.0450,52.6728,3.0887
2026-08-01 23:02:00,84.7084,52.8842,2.7887
2026-08-01 23:03:00,84.6949,51.7800,2.9235
2026-08-01 23:04:00,85.0090,52.8101,2.6315
2026-08-01 23:05:00,85.0511,52.1677,2.6261
2026-08-01 23:06:00,84.7553,53.1989,2.7166
2026-08-01 23:07:00,84.5443,53.9338,2.8772
2026-08-01 23:08:00,84.8403,51.4565,2.7936
2026-08-01 23:09:00,84.5369,52.9715,2.7731
2026-08-01 23:10:00,84.6958,53.4240,2.6607
2026-08-01 23:11:00,84.9932,51.6272,2.7749
2026-08-01 23:12:00,84.5314,51.9670,2.7210
2026-08-01 23:13:00,84.9422,51.9808,2.6905
2026-08-01 23:14:00,84.9057,52.3662,2.6793
2026-08-01 23:15:00,84.4183,52.2093,2.7964
2026-08-01 23:16:00,84.9994,52.3574,2.7020
2026-08-01 23:17:00,84.9196,53.2076,2.7701
2026-08-01 23:18:00,84.7436,51.0413,2.5904
2026-08-01 23:19:00,84.4876,51.7991,2.8140
2026-08-01 23:20:00,84.4621,53.1340,2.7839
2026-08-01 23:21:00,84.5623,53.0597,2.7327
2026-08-01 23:22:00,84.8904,51.7896,2.7678
2026-08-01 23:23:00,84.4452,53.1027,2.8407
2026-08-01 23:24:00,84.8676,53.7345,2.5978
2026-08-01 23:25:00,84.3685,52.6514,2.7447
2026-08-01 23:26:00,84.6847,51.9014,2.6026
2026-08-01 23:27:00,84.7840,53.4244,2.7369
2026-08-01 23:28:00,85.4899,54.1191,2.6971
2026-08-01 23:29:00,84.3487,52.0475,2.7151
2026-08-01 23:30:00,85.2092,52.8030,2.7970
2026-08-01 23:31:00,84.8185,53.6586,2.7884
2026-08-01 23:32:00,84.9030,52.8930,2.8094
2026-08-01 23:33:00,84.8214,51.4167,2.6552
2026-08-01 23:34:00,84.9258,53.1827,2.7591
2026-08-01 23:35:00,84.7528,52.0577,2.7333
2026-08-01 23:36:00,85.2419,51.8366,2.6392
2026-08-01 23:37:00,84.6757,51.4829,2.6816
2026-08-01 23:38:00,85.1594,53.8288,2.6502
2026-08-01 23:39:00,84.6336,52.2196,2.7962
2026-08-01 23:40:00,84.8162,53.1644,2.7310
2026-08-01 23:41:00,84.5202,53.3709,2.6096
2026-08-01 23:42:00,84.9859,53.0466,2.5957
2026-08-01 23:43:00,85.2906,53.1633,2.7249
2026-08-01 23:44:00,84.8417,53.2393,2.7560
2026-08-01 23:45:00,84.8138,53.0528,2.6464
2026-08-01 23:46:00,84.5465,52.3416,2.6734
2026-08-01 23:47:00,84.8202,52.2772,2.7305
2026-08-01 23:48:00,84.4194,52.8791,2.5752
2026-08-01 23:49:00,84.6316,52.8680,2.5936
2026-08-01 23:50:00,84.9819,53.3178,2.6263
2026-08-01 23:51:00,85.3180,53.8605,2.5271
2026-08-01 23:52:00,85.7735,53.2587,2.7323
2026-08-01 23:53:00,84.7633,52.3387,2.5109
2026-08-01 23:54:00,85.3785,51.2458,2.5531
2026-08-01 23:55:00,85.0296,52.3784,2.7308
2026-08-01 23:56:00,84.9198,51.9203,2.3452
2026-08-01 23:57:00,85.1036,52.4134,2.5451
2026-08-01 23:58:00,85.0011,53.1928,2.4496
2026-08-01 23:59:00,85.0244,53.0673,2.5079
2026-08-02 00:00:00,84.8775,54.4865,2.3794
2026-08-02 00:01:00,84.5893,53.3862,2.4551
2026-08-02 00:02:00,84.5544,54.5263,2.4868
2026-08-02 00:03:00,85.2221,53.5698,2.5003
2026-08-02 00:04:00,84.9518,53.8645,2.5582
2026-08-02 00:05:00,84.8647,52.7065,2.2285
2026-08-02 00:06:00,85.0547,52.1311,2.4405
2026-08-02 00:07:00,85.2992,52.6282,2.4279
2026-08-02 00:08:00,85.1234,52.9741,2.4312
2026-08-02 00:09:00,84.8809,52.4767,2.4332
2026-08-02 00:10:00,85.4540,52.1734,2.3393
2026-08-02 00:11:00,85.5683,53.3024,2.2601
2026-08-02 00:12:00,85.2512,52.1587,2.4290
2026-08-02 00:13:00,85.4031,51.7299,2.3004
2026-08-02 00:14:00,85.4917,52.0521,2.4328
2026-08-02 00:15:00,85.4662,52.7549,2.2915
2026-08-02 00:16:00,85.3193,52.1417,2.4473
2026-08-02 00:17:00,85.3224,52.7436,2.3654
2026-08-02 00:18:00,85.3066,53.3975,2.3653
2026-08-02 00:19:00,84.8291,53.3672,2.3322
2026-08-02 00:20:00,85.3760,52.3691,2.3093
2026-08-02 00:21:00,84.7663,51.8442,2.3200
2026-08-02 00:22:00,84.9419,52.4160,2.4548
2026-08-02 00:23:00,85.5784,53.3896,2.1766
2026-08-02 00:24:00,85.4463,53.5645,2.2589
2026-08-02 00:25:00,85.6473,53.1231,2.4230
2026-08-02 00:26:00,85.1262,53.7891,2.3932
2026-08-02 00:27:00,84.8684,54.1979,2.4395
2026-08-02 00:28:00,85.1482,52.4142,2.2933
2026-08-02 00:29:00,85.2571,53.9757,2.1617
2026-08-02 00:30:00,85.2561,52.5632,2.1771
2026-08-02 00:31:00,85.5782,53.5723,2.2525
2026-08-02 00:32:00,85.1352,53.3075,2.3531
2026-08-02 00:33:00,85.3545,51.1428,2.2464
2026-08-02 00:34:00,84.9575,51.9348,2.2337
2026-08-02 00:35:00,85.3940,51.7136,2.3017
2026-08-02 00:36:00,85.2646,51.2474,2.2601
2026-08-02 00:37:00,85.0432,53.3584,2.2087
2026-08-02 00:38:00,85.2016,54.2915,2.1482
2026-08-02 00:39:00,85.2211,52.4114,2.3389
2026-08-02 00:40:00,85.1991,53.2814,2.3450
2026-08-02 00:41:00,85.8151,53.7659,2.1306
2026-08-02 00:42:00,85.2574,52.7246,2.1924
2026-08-02 00:43:00,85.2168,52.5169,2.2959
2026-08-02 00:44:00,84.6635,52.3195,2.1122
2026-08-02 00:45:00,85.0270,52.9245,2.2594
2026-08-02 00:46:00,85.2186,53.1721,2.1873
2026-08-02 00:47:00,85.0938,52.8194,2.0955
2026-08-02 00:48:00,85.7158,52.7690,2.3924
2026-08-02 00:49:00,85.2532,52.3628,2.1782
2026-08-02 00:50:00,85.6904,51.1057,2.2627
2026-08-02 00:51:00,85.3232,53.0741,2.0962
2026-08-02 00:52:00,85.3164,51.3037,2.3618
2026-08-02 00:53:00,85.2789,52.8020,2.3998
2026-08-02 00:54:00,85.3067,52.8858,2.0535
2026-08-02 00:55:00,85.8209,51.3432,2.1861
2026-08-02 00:56:00,84.6087,51.7432,2.3344
2026-08-02 00:57:00,84.7032,53.9001,2.1541
2026-08-02 00:58:00,85.1395,52.1125,2.2413
2026-08-02 00:59:00,85.3053,51.1727,2.0321
2026-08-02 01:00:00,85.5061,52.7620,2.1212
2026-08-02 01:01:00,85.4388,51.4752,2.2306
2026-08-02 01:02:00,85.1791,50.5286,2.1415
2026-08-02 01:03:00,85.5972,52.4522,2.1649
2026-08-02 01:04:00,85.5974,51.2741,2.0501
2026-08-02 01:05:00,85.3401,52.2350,2.2680
2026-08-02 01:06:00,85.5698,51.2982,2.0697
2026-08-02 01:07:00,85.3587,52.4841,2.3591
2026-08-02 01:08:00,85.1039,52.0348,2.1383
2026-08-02 01:09:00,85.4769,49.7859,2.2884
2026-08-02 01:10:00,85.2956,52.1319,2.2804
2026-08-02 01:11:00,85.2573,51.5632,2.1138
2026-08-02 01:12:00,85.6929,52.8967,2.1571
2026-08-02 01:13:00,84.5095,52.0476,2.1715
2026-08-02 01:14:00,84.8130,52.3041,2.1810
2026-08-02 01:15:00,84.8752,51.0983,2.0931
2026-08-02 01:16:00,85.1151,51.0019,2.2793
2026-08-02 01:17:00,85.1401,51.5803,2.1603
2026-08-02 01:18:00,84.7564,51.2790,2.2213
2026-08-02 01:19:00,84.9047,52.6043,2.3370
2026-08-02 01:20:00,84.9334,51.3773,2.2974
2026-08-02 01:21:00,85.9199,50.4860,2.1821
2026-08-02 01:22:00,85.7138,50.7694,2.3525
2026-08-02 01:23:00,85.0401,52.1689,2.3193
2026-08-02 01:24:00,85.0444,51.2282,2.1867
2026-08-02 01:25:00,84.7984,51.1503,2.2106
2026-08-02 01:26:00,84.5599,52.1397,2.3669
2026-08-02 01:27:00,85.0862,50.5242,2.3497
2026-08-02 01:28:00,84.8104,49.4321,2.1268
2026-08-02 01:29:00,85.0725,50.5019,2.1818
2026-08-02 01:30:00,84.6057,51.3417,2.3574
2026-08-02 01:31:00,84.8447,50.9121,2.1761
2026-08-02 01:32:00,85.1050,49.8268,2.3798
2026-08-02 01:33:00,85.1571,51.8512,2.4987
2026-08-02 01:34:00,85.1589,51.1322,2.3485
2026-08-02 01:35:00,84.6236,51.2755,2.2251
2026-08-02 01:36:00,85.2619,51.2627,2.3413
2026-08-02 01:37:00,84.7508,49.8508,2.4335
2026-08-02 01:38:00,85.1658,51.0943,2.3465
2026-08-02 01:39:00,84.9575,51.5403,2.3916
2026-08-02 01:40:00,84.5322,51.6887,2.2701
2026-08-02 01:41:00,84.8343,51.3155,2.2845
2026-08-02 01:42:00,85.0225,51.1108,2.4544
2026-08-02 01:43:00,85.0802,49.2722,2.2996
2026-08-02 01:44:00,84.8371,50.6118,2.1194
2026-08-02 01:45:00,85.3217,49.8200,2.3546
2026-08-02 01:46:00,85.1469,51.5724,2.4239
2026-08-02 01:47:00,84.7497,51.4124,2.5057
2026-08-02 01:48:00,85.0336,49.7089,2.5719
2026-08-02 01:49:00,85.3702,50.3937,2.4233
2026-08-02 01:50:00,85.3594,50.5904,2.4882
2026-08-02 01:51:00,84.3837,51.0732,2.4420
2026-08-02 01:52:00,84.4547,48.9731,2.4730
2026-08-02 01:53:00,85.1585,48.5068,2.4266
2026-08-02 01:54:00,84.3755,50.2659,2.4917
2026-08-02 01:55:00,84.2759,48.1711,2.3878
2026-08-02 01:56:00,84.5062,50.2839,2.6667
2026-08-02 01:57:00,84.7573,50.5915,2.2373
2026-08-02 01:58:00,84.5794,51.0674,2.5414
2026-08-02 01:59:00,84.3935,49.5412,2.5241
2026-08-02 02:00:00,84.3647,50.1289,2.5371
2026-08-02 02:01:00,84.3313,50.4819,2.3896
2026-08-02 02:02:00,84.2590,48.9809,2.3479
2026-08-02 02:03:00,85.1849,50.6145,2.5841
2026-08-02 02:04:00,84.5669,50.0625,2.6655
2026-08-02 02:05:00,84.7207,49.3194,2.5612
2026-08-02 02:06:00,84.2848,49.8777,2.6275
2026-08-02 02:07:00,84.3523,49.6140,2.5089
2026-08-02 02:08:00,84.1704,50.3105,2.5955
2026-08-02 02:09:00,83.5650,49.3590,2.6926
2026-08-02 02:10:00,83.9230,49.7901,2.5463
2026-08-02 02:11:00,83.7690,49.0728,2.7038
2026-08-02 02:12:00,83.6127,48.7804,2.4292
2026-08-02 02:13:00,83.9043,49.6292,2.5388
2026-08-02 02:14:00,84.6355,48.7359,2.6621
2026-08-02 02:15:00,84.1996,50.0552,2.8051
2026-08-02 02:16:00,84.5748,49.8501,2.6234
2026-08-02 02:17:00,84.2855,48.7258,2.5258
2026-08-02 02:18:00,84.3713,49.4707,2.8242
2026-08-02 02:19:00,83.8405,48.6458,2.6305
2026-08-02 02:20:00,84.2420,47.9401,2.7165
2026-08-02 02:21:00,84.2773,48.7079,2.6233
2026-08-02 02:22:00,83.8595,49.1077,2.6776
2026-08-02 02:23:00,84.1739,49.5275,2.6137
2026-08-02 02:24:00,84.1494,49.1925,2.9021
2026-08-02 02:25:00,83.7881,49.7618,2.8018
2026-08-02 02:26:00,83.5893,48.2136,2.8656
2026-08-02 02:27:00,83.5441,48.6603,2.6160
2026-08-02 02:28:00,83.8983,50.2404,2.5182
2026-08-02 02:29:00,83.9434,47.3435,2.6772
2026-08-02 02:30:00,83.5804,48.4904,2.9638
2026-08-02 02:31:00,83.7989,47.9586,2.6854
2026-08-02 02:32:00,83.9348,48.6235,2.8281
2026-08-02 02:33:00,83.9217,48.3965,2.6256
2026-08-02 02:34:00,84.1744,49.1902,2.6502
2026-08-02 02:35:00,84.0644,48.8776,2.7300
2026-08-02 02:36:00,83.3534,47.5935,2.9537
2026-08-02 02:37:00,84.1313,48.1326,2.8573
2026-08-02 02:38:00,83.4394,48.5684,2.5463
2026-08-02 02:39:00,83.8845,49.1256,2.8225
2026-08-02 02:40:00,83.5638,50.4464,2.6449
2026-08-02 02:41:00,83.3921,49.0284,2.6955
2026-08-02 02:42:00,82.9458,47.6225,2.8183
2026-08-02 02:43:00,83.4091,48.3241,2.9106
2026-08-02 02:44:00,82.9651,48.5109,2.9090
2026-08-02 02:45:00,83.6955,47.9178,2.8103
2026-08-02 02:46:00,83.8328,48.6770,2.8146
2026-08-02 02:47:00,83.1112,46.4515,2.9174
2026-08-02 02:48:00,83.4134,48.6792,2.6278
2026-08-02 02:49:00,83.0778,47.8239,2.9704
2026-08-02 02:50:00,83.0795,48.0860,2.7162
2026-08-02 02:51:00,83.4732,49.3153,2.8178
2026-08-02 02:52:00,83.2021,47.1028,2.7438
2026-08-02 02:53:00,83.7084,48.2999,2.6794
2026-08-02 02:54:00,83.0149,48.6868,2.8425
2026-08-02 02:55:00,83.4324,48.1582,2.8211
2026-08-02 02:56:00,83.1351,46.7013,2.7878
2026-08-02 02:57:00,83.3179,49.0439,2.7838
2026-08-02 02:58:00,82.9185,47.7659,2.9522
2026-08-02 02:59:00,83.0114,47.4846,3.0192
2026-08-02 03:00:00,82.9654,47.6303,2.9253
2026-08-02 03:01:00,82.7231,47.5454,2.8276
2026-08-02 03:02:00,83.1466,46.8717,2.6359
2026-08-02 03:03:00,83.1173,47.9290,2.8618
2026-08-02 03:04:00,83.0747,47.2928,2.8655
2026-08-02 03:05:00,83.3323,48.2812,2.8746
2026-08-02 03:06:00,83.2808,48.1329,2.6822
2026-08-02 03:07:00,82.7084,48.9940,2.8800
2026-08-02 03:08:00,82.9080,47.4993,2.9496
2026-08-02 03:09:00,82.5844,47.0014,2.6934
2026-08-02 03:10:00,82.7541,46.4441,2.8582
2026-08-02 03:11:00,82.5431,49.3509,2.7065
2026-08-02 03:12:00,83.1851,48.1026,2.7749
2026-08-02 03:13:00,82.7845,46.9961,2.6879
2026-08-02 03:14:00,82.5866,48.8821,2.7450
2026-08-02 03:15:00,82.9870,48.5905,2.7429
2026-08-02 03:16:00,81.9548,46.4030,2.8153
2026-08-02 03:17:00,81.9792,46.8600,2.8598
2026-08-02 03:18:00,82.7998,47.3362,2.8889
2026-08-02 03:19:00,82.5572,46.5657,2.6984
2026-08-02 03:20:00,82.5925,47.3247,2.7958
2026-08-02 03:21:00,82.0980,47.9521,2.6460
2026-08-02 03:22:00,82.4679,46.2649,2.7405
2026-08-02 03:23:00,83.0551,47.5794,2.7515
2026-08-02 03:24:00,82.6809,48.2618,2.6505
2026-08-02 03:25:00,82.4644,47.6296,2.7939
2026-08-02 03:26:00,82.2620,47.2318,2.7176
2026-08-02 03:27:00,82.2559,46.7411,2.7436
2026-08-02 03:28:00,81.7164,47.9240,2.8454
2026-08-02 03:29:00,82.4138,46.3021,2.6748
2026-08-02 03:30:00,82.5718,47.4226,2.7972
2026-08-02 03:31:00,81.8275,47.2340,2.8508
2026-08-02 03:32:00,82.0842,48.0997,2.8389
2026-08-02 03:33:00,81.9182,46.7192,2.6760
2026-08-02 03:34:00,81.9590,46.7739,2.5915
2026-08-02 03:35:00,82.2482,46.1657,2.6116
2026-08-02 03:36:00,81.5909,47.4967,2.5177
2026-08-02 03:37:00,82.3849,46.7959,2.7385
2026-08-02 03:38:00,82.4116,46.4339,2.7382
2026-08-02 03:39:00,82.0954,46.4992,2.6685
2026-08-02 03:40:00,81.4122,47.5319,2.5124
2026-08-02 03:41:00,81.8436,46.2099,2.6066
2026-08-02 03:42:00,82.4990,46.2716,2.7742
2026-08-02 03:43:00,81.2828,47.7911,2.6901
2026-08-02 03:44:00,81.9994,46.9327,2.7003
2026-08-02 03:45:00,81.7376,47.8220,2.9456
2026-08-02 03:46:00,82.3214,46.7628,2.6403
2026-08-02 03:47:00,81.8663,47.0424,2.3843
2026-08-02 03:48:00,82.1794,47.1620,2.4826
2026-08-02 03:49:00,82.2177,48.1409,2.6158
2026-08-02 03:50:00,82.5892,48.0704,2.5795
2026-08-02 03:51:00,81.9682,47.9434,2.5528
2026-08-02 03:52:00,82.1332,46.5134,2.5469
2026-08-02 03:53:00,81.5667,46.2231,2.4762
2026-08-02 03:54:00,82.3616,47.6179,2.5843
2026-08-02 03:55:00,81.7691,48.1078,2.6786
2026-08-02 03:56:00,81.8223,47.9344,2.7046
2026-08-02 03:57:00,81.9777,47.0128,2.6939
2026-08-02 03:58:00,81.5098,47.5833,2.4201
2026-08-02 03:59:00,82.0422,47.5966,2.5058
2026-08-02 04:00:00,82.2592,47.1192,2.4686
2026-08-02 04:01:00,82.0527,47.1542,2.5513
2026-08-02 04:02:00,81.4846,47.0796,2.4760
2026-08-02 04:03:00,81.9211,46.3718,2.4539
2026-08-02 04:04:00,82.1783,46.4553,2.6141
2026-08-02 04:05:00,81.3904,46.4452,2.4707
2026-08-02 04:06:00,81.6299,45.7299,2.4655
2026-08-02 04:07:00,82.2144,47.1269,2.4867
2026-08-02 04:08:00,82.0322,46.9840,2.5052
2026-08-02 04:09:00,82.0750,47.6304,2.4982
2026-08-02 04:10:00,82.5100,48.0342,2.5776
2026-08-02 04:11:00,82.0941,48.0905,2.2862
2026-08-02 04:12:00,82.1527,48.1717,2.4397
2026-08-02 04:13:00,82.7711,46.4377,2.3896
2026-08-02 04:14:00,81.8967,45.9047,2.3624
2026-08-02 04:15:00,81.7250,47.8022,2.4610
2026-08-02 04:16:00,82.0969,48.1713,2.5076
2026-08-02 04:17:00,82.1049,48.3188,2.3117
2026-08-02 04:18:00,81.8205,47.4709,2.5325
2026-08-02 04:19:00,81.6746,45.4949,2.2137
2026-08-02 04:20:00,82.6837,47.3947,2.4090
2026-08-02 04:21:00,82.0957,47.5570,2.2542
2026-08-02 04:22:00,81.7855,48.1252,2.2724
2026-08-02 04:23:00,82.2880,48.2786,2.3361
2026-08-02 04:24:00,81.9892,47.8745,2.2838
2026-08-02 04:25:00,81.9553,46.6894,2.0310
2026-08-02 04:26:00,82.2096,46.3488,2.3724
2026-08-02 04:27:00,81.6637,47.6126,2.3831
2026-08-02 04:28:00,82.1680,46.5653,2.2832
2026-08-02 04:29:00,82.6476,48.3937,2.2695
2026-08-02 04:30:00,82.2256,45.8647,2.2506
2026-08-02 04:31:00,81.9855,47.6971,2.1112
2026-08-02 04:32:00,81.9595,47.5150,2.0953
2026-08-02 04:33:00,82.0022,47.1102,2.3522
2026-08-02 04:34:00,82.0635,46.5522,2.3733
2026-08-02 04:35:00,82.0412,45.6600,2.3217
2026-08-02 04:36:00,82.4448,46.9018,2.2952
2026-08-02 04:37:00,81.6660,46.9339,2.3310
2026-08-02 04:38:00,82.4611,48.2529,2.3200
2026-08-02 04:39:00,82.1057,46.7562,2.1657
2026-08-02 04:40:00,82.3503,47.7641,2.2624
2026-08-02 04:41:00,81.9173,46.3880,2.2067
2026-08-02 04:42:00,82.6727,47.8263,2.2044
2026-08-02 04:43:00,82.6671,45.6727,2.3432
2026-08-02 04:44:00,82.6011,49.1602,2.3834
2026-08-02 04:45:00,81.8792,47.3927,1.9882
2026-08-02 04:46:00,82.6032,45.2920,2.1944
2026-08-02 04:47:00,82.4974,46.9759,2.1865
2026-08-02 04:48:00,81.9163,46.8724,2.3308
2026-08-02 04:49:00,82.4130,47.0716,2.0673
2026-08-02 04:50:00,82.5527,47.3282,1.9113
2026-08-02 04:51:00,82.6336,47.1140,2.2904
2026-08-02 04:52:00,82.5440,47.0154,2.3028
2026-08-02 04:53:00,82.6027,46.7665,2.0266
2026-08-02 04:54:00,82.9825,48.3762,2.1913
2026-08-02 04:55:00,82.9337,48.7054,2.3556
2026-08-02 04:56:00,81.7319,47.5669,2.0938
2026-08-02 04:57:00,82.5233,47.7829,2.2110
2026-08-02 04:58:00,82.5961,46.9228,2.2512
2026-08-02 04:59:00,82.1474,47.9079,2.0573
2026-08-02 05:00:00,82.7292,48.0627,2.1436
2026-08-02 05:01:00,83.1040,47.7311,2.0310
2026-08-02 05:02:00,82.4323,48.2518,2.1840
2026-08-02 05:03:00,82.8886,48.2106,2.1218
2026-08-02 05:04:00,82.5428,47.1493,2.2224
2026-08-02 05:05:00,82.6462,48.9764,2.2660
2026-08-02 05:06:00,83.3217,47.8855,2.3426
2026-08-02 05:07:00,82.7469,49.4221,2.4383
2026-08-02 05:08:00,83.0799,48.4484,2.2273
2026-08-02 05:09:00,82.4119,49.7195,2.1766
2026-08-02 05:10:00,83.5644,49.1139,2.1728
2026-08-02 05:11:00,83.2193,48.3868,2.1159
2026-08-02 05:12:00,83.0171,47.6582,2.2595
2026-08-02 05:13:00,83.2781,47.7073,2.1677
2026-08-02 05:14:00,82.7166,48.7272,2.2717
2026-08-02 05:15:00,83.5287,48.4478,2.1295
2026-08-02 05:16:00,83.1116,47.8949,2.1793
2026-08-02 05:17:00,83.1828,49.0656,2.2725
2026-08-02 05:18:00,83.1321,48.4635,2.2202
2026-08-02 05:19:00,83.1413,49.1373,2.0443
2026-08-02 05:20:00,83.5602,47.7196,2.2387
2026-08-02 05:21:00,83.4652,49.3337,2.1640
2026-08-02 05:22:00,83.6209,48.9693,2.3665
2026-08-02 05:23:00,83.4600,49.5612,2.3499
2026-08-02 05:24:00,83.6542,49.4200,2.0290
2026-08-02 05:25:00,83.4126,48.6052,2.3421
2026-08-02 05:26:00,84.2454,48.5762,2.3058
2026-08-02 05:27:00,83.1446,50.1704,2.1235
2026-08-02 05:28:00,84.0321,48.5473,2.3649
2026-08-02 05:29:00,84.1033,49.4145,2.1544
2026-08-02 05:30:00,83.4767,48.5468,2.4024
2026-08-02 05:31:00,84.4408,47.3988,2.2289
2026-08-02 05:32:00,84.1106,47.9430,2.1475
2026-08-02 05:33:00,84.1435,49.2864,2.5172
2026-08-02 05:34:00,83.9009,49.5595,2.1566
2026-08-02 05:35:00,83.8680,49.3631,2.2368
2026-08-02 05:36:00,83.9112,49.9897,2.2627
2026-08-02 05:37:00,84.1323,49.4234,2.2845
2026-08-02 05:38:00,84.4768,48.5278,2.4065
2026-08-02 05:39:00,84.1524,49.6611,2.3490
2026-08-02 05:40:00,83.8662,49.3592,2.4504
2026-08-02 05:41:00,84.4289,48.8011,2.3940
2026-08-02 05:42:00,84.5000,49.6777,2.1965
2026-08-02 05:43:00,84.4622,49.4014,2.4258
2026-08-02 05:44:00,84.5318,48.8923,2.4014
2026-08-02 05:45:00,84.2694,49.2724,2.3227
2026-08-02 05:46:00,84.1147,50.5841,2.5999
2026-08-02 05:47:00,84.1757,50.5967,2.4607
2026-08-02 05:48:00,83.9884,49.6812,2.5015
2026-08-02 05:49:00,84.5932,49.6153,2.5125
2026-08-02 05:50:00,84.5402,48.4620,2.3803
2026-08-02 05:51:00,84.4764,51.0229,2.4933
2026-08-02 05:52:00,83.7650,50.5155,2.4692
2026-08-02 05:53:00,84.3209,50.3271,2.3896
2026-08-02 05:54:00,85.0748,47.9448,2.3309
2026-08-02 05:55:00,84.5826,49.8365,2.4633
2026-08-02 05:56:00,84.9337,49.7413,2.5273
2026-08-02 05:57:00,84.4519,50.4285,2.4781
2026-08-02 05:58:00,85.3444,49.5606,2.4661
2026-08-02 05:59:00,84.9132,49.7754,2.4949
2026-08-02 06:00:00,85.0870,50.4955,2.4713
2026-08-02 06:01:00,85.7414,49.4204,2.6628
2026-08-02 06:02:00,85.5422,49.6193,2.5427
2026-08-02 06:03:00,85.0389,50.2724,2.4749
2026-08-02 06:04:00,84.9965,51.2278,2.3506
2026-08-02 06:05:00,85.1203,50.8430,2.5194
2026-08-02 06:06:00,85.4144,51.0957,2.4892
2026-08-02 06:07:00,85.2733,50.3252,2.4933
2026-08-02 06:08:00,85.2297,51.5096,2.6566
2026-08-02 06:09:00,85.8317,48.9597,2.5780
2026-08-02 06:10:00,85.4005,52.0094,2.4094
2026-08-02 06:11:00,86.1678,52.1519,2.6471
2026-08-02 06:12:00,85.5481,50.8346,2.4345
2026-08-02 06:13:00,86.0994,51.1739,2.6695
2026-08-02 06:14:00,85.7138,50.5163,2.5600
2026-08-02 06:15:00,85.9382,50.4176,2.6235
2026-08-02 06:16:00,85.4744,50.1350,2.6195
2026-08-02 06:17:00,85.4780,50.6229,2.6143
2026-08-02 06:18:00,85.9143,51.1451,2.6571
2026-08-02 06:19:00,86.1150,51.0744,2.6513
2026-08-02 06:20:00,85.8724,52.3657,2.8370
2026-08-02 06:21:00,85.5161,50.8945,2.6791
2026-08-02 06:22:00,85.5355,49.6610,2.6881
2026-08-02 06:23:00,85.5567,52.2051,2.5990
2026-08-02 06:24:00,85.4956,49.9503,2.7144
2026-08-02 06:25:00,86.0997,50.5168,2.5803
2026-08-02 06:26:00,86.4450,51.2188,2.8038
2026-08-02 06:27:00,86.1439,51.3721,2.5464
2026-08-02 06:28:00,85.5099,49.9188,2.6164
2026-08-02 06:29:00,86.1707,50.5145,2.5436
2026-08-02 06:30:00,86.2188,49.9634,2.7541
2026-08-02 06:31:00,86.9358,51.6816,2.6752
2026-08-02 06:32:00,85.9090,52.1669,2.7915
2026-08-02 06:33:00,86.2678,50.2785,2.6306
2026-08-02 06:34:00,86.9353,52.0881,2.7863
2026-08-02 06:35:00,86.5968,52.0715,2.7960
2026-08-02 06:36:00,86.6687,50.8347,2.7639
2026-08-02 06:37:00,86.5717,49.8108,2.7503
2026-08-02 06:38:00,86.6736,50.5745,2.7653
2026-08-02 06:39:00,86.8449,50.9897,2.6647
2026-08-02 06:40:00,86.4054,52.7333,2.6523
2026-08-02 06:41:00,86.9479,51.4392,2.8180
2026-08-02 06:42:00,86.3085,50.7620,2.7304
2026-08-02 06:43:00,86.8545,51.7191,2.8161
2026-08-02 06:44:00,86.8448,50.5976,2.9292
2026-08-02 06:45:00,86.6411,52.0782,2.7314
2026-08-02 06:46:00,86.8537,50.9171,2.7201
2026-08-02 06:47:00,86.7078,51.0654,2.7504
2026-08-02 06:48:00,86.6067,52.0637,2.7892
2026-08-02 06:49:00,86.8554,53.1952,2.8491
2026-08-02 06:50:00,86.6631,53.5845,2.7869
2026-08-02 06:51:00,87.1236,51.0254,2.9996
2026-08-02 06:52:00,86.7137,51.4107,2.8355
2026-08-02 06:53:00,87.3039,52.3307,2.8731
2026-08-02 06:54:00,86.7671,52.8834,2.7926
2026-08-02 06:55:00,86.9823,50.2468,2.8986
2026-08-02 06:56:00,86.9951,52.0773,2.7778
2026-08-02 06:57:00,87.6099,51.6467,2.7347
2026-08-02 06:58:00,87.3408,50.5258,2.8901
2026-08-02 06:59:00,87.2071,51.0236,2.7942
2026-08-02 07:00:00,87.4487,51.6671,2.8245
2026-08-02 07:01:00,86.6948,52.1960,2.8981
2026-08-02 07:02:00,87.3416,52.9826,2.8135
2026-08-02 07:03:00,87.9808,52.4864,2.7842
2026-08-02 07:04:00,87.4477,52.9875,2.7448
2026-08-02 07:05:00,87.4544,52.2769,2.9036
2026-08-02 07:06:00,87.6240,51.7173,2.7621
2026-08-02 07:07:00,87.7533,52.1595,2.7899
2026-08-02 07:08:00,86.9099,52.8879,2.8221
2026-08-02 07:09:00,87.0285,53.1820,2.8200
2026-08-02 07:10:00,87.6198,52.2618,2.8911
2026-08-02 07:11:00,87.3652,51.6605,2.7807
2026-08-02 07:12:00,87.9958,52.6956,2.9230
2026-08-02 07:13:00,87.5296,52.8323,2.7579
2026-08-02 07:14:00,87.0652,53.4586,2.8172
2026-08-02 07:15:00,87.2860,51.9514,2.7588
2026-08-02 07:16:00,86.8619,51.9818,2.9834
2026-08-02 07:17:00,87.6363,53.1421,2.7357
2026-08-02 07:18:00,87.6693,52.2320,2.7413
2026-08-02 07:19:00,87.6173,52.2185,2.7751
2026-08-02 07:20:00,88.0865,53.6014,2.7331
2026-08-02 07:21:00,88.1400,51.5207,2.7872
2026-08-02 07:22:00,87.7464,54.2814,2.8745
2026-08-02 07:23:00,87.1737,52.1649,2.7620
2026-08-02 07:24:00,88.0152,53.3664,2.7611
2026-08-02 07:25:00,88.0121,52.6036,2.7151
2026-08-02 07:26:00,87.9532,52.9248,2.6826
2026-08-02 07:27:00,88.1691,52.5142,2.7378
2026-08-02 07:28:00,87.5390,53.4259,2.7237
2026-08-02 07:29:00,88.5042,52.4785,2.8349
2026-08-02 07:30:00,87.6264,52.3133,2.6162
2026-08-02 07:31:00,88.1510,54.2371,2.8520
2026-08-02 07:32:00,87.4316,52.8242,2.6861
2026-08-02 07:33:00,87.6696,52.2740,2.7097
2026-08-02 07:34:00,88.4140,51.6357,2.5823
2026-08-02 07:35:00,87.8906,54.3333,2.7388
2026-08-02 07:36:00,88.2300,52.4116,2.5803
2026-08-02 07:37:00,88.0578,54.5145,2.7073
2026-08-02 07:38:00,87.9633,53.1955,2.6910
2026-08-02 07:39:00,88.4115,53.0017,2.6242
2026-08-02 07:40:00,87.9383,53.0337,2.4435
2026-08-02 07:41:00,87.4815,54.6805,2.8592
2026-08-02 07:42:00,87.7805,51.1633,2.5308
2026-08-02 07:43:00,88.1921,53.0975,2.6564
2026-08-02 07:44:00,88.1501,52.7223,2.5490
2026-08-02 07:45:00,87.5655,52.7719,2.7196
2026-08-02 07:46:00,87.8219,53.0692,2.5696
2026-08-02 07:47:00,87.8677,52.7437,2.5249
2026-08-02 07:48:00,87.9350,53.1136,2.6522
2026-08-02 07:49:00,87.6337,52.9501,2.4580
2026-08-02 07:50:00,87.8593,51.9235,2.5363
2026-08-02 07:51:00,87.8300,53.2843,2.6391
2026-08-02 07:52:00,88.2803,53.5564,2.7131
2026-08-02 07:53:00,88.2913,52.5538,2.4584
2026-08-02 07:54:00,88.0039,54.4851,2.4858
2026-08-02 07:55:00,87.9286,54.0620,2.5744
2026-08-02 07:56:00,88.0863,53.6711,2.3316
2026-08-02 07:57:00,87.7968,53.6631,2.6593
2026-08-02 07:58:00,87.6947,53.0230,2.4158
2026-08-02 07:59:00,87.7531,53.9128,2.4641
2026-08-02 08:00:00,87.8406,54.2566,2.5261
2026-08-02 08:01:00,87.6774,53.6462,2.4973
2026-08-02 08:02:00,88.0699,52.5427,2.3879
2026-08-02 08:03:00,88.2346,52.9659,2.6486
2026-08-02 08:04:00,87.5333,53.4548,2.2111
2026-08-02 08:05:00,88.0103,53.6638,2.3486
2026-08-02 08:06:00,87.9296,52.9288,2.3894
2026-08-02 08:07:00,88.0903,52.5340,2.3504
2026-08-02 08:08:00,87.9757,54.2509,2.5596
2026-08-02 08:09:00,87.5348,52.1213,2.2641
2026-08-02 08:10:00,87.5830,52.2213,2.5781
2026-08-02 08:11:00,87.9608,51.9073,2.3870
2026-08-02 08:12:00,88.2504,52.2082,2.2712
2026-08-02 08:13:00,87.2669,53.9545,2.1898
2026-08-02 08:14:00,88.0237,53.9744,2.3710
2026-08-02 08:15:00,88.2653,52.8831,2.3150
2026-08-02 08:16:00,87.8504,53.3315,2.4016
2026-08-02 08:17:00,88.0489,52.9176,2.3258
2026-08-02 08:18:00,87.6599,51.9635,2.4594
2026-08-02 08:19:00,87.8216,54.6822,2.3426
2026-08-02 08:20:00,87.3573,53.9976,2.3076
2026-08-02 08:21:00,87.1260,53.1709,2.4406
2026-08-02 08:22:00,88.0974,52.1917,2.3594
2026-08-02 08:23:00,87.5039,52.6851,2.4075
2026-08-02 08:24:00,87.6471,52.2992,2.4385
2026-08-02 08:25:00,87.3519,52.9189,2.2880
2026-08-02 08:26:00,87.3284,53.0759,2.3150
2026-08-02 08:27:00,87.6824,52.5417,2.3895
2026-08-02 08:28:00,87.4985,51.6372,2.0542
2026-08-02 08:29:00,87.8132,54.4921,2.2833
2026-08-02 08:30:00,87.8176,52.9617,2.2654
2026-08-02 08:31:00,87.7598,53.1216,2.3198
2026-08-02 08:32:00,87.7164,52.4027,2.1969
2026-08-02 08:33:00,88.0991,51.4748,2.3814
2026-08-02 08:34:00,87.2860,52.6411,2.1931
2026-08-02 08:35:00,87.5700,52.4320,2.2161
2026-08-02 08:36:00,87.9062,53.2406,2.1909
2026-08-02 08:37:00,87.9253,53.3798,2.3758
2026-08-02 08:38:00,87.0986,53.2485,2.0398
2026-08-02 08:39:00,87.4104,53.4081,2.4229
2026-08-02 08:40:00,87.8901,54.0410,2.3875
2026-08-02 08:41:00,87.6133,52.8901,2.1799
2026-08-02 08:42:00,87.4975,53.4373,2.3354
2026-08-02 08:43:00,87.3513,52.9323,2.2422
2026-08-02 08:44:00,87.2789,50.9960,2.3912
2026-08-02 08:45:00,87.4576,52.3708,2.3179
2026-08-02 08:46:00,87.2723,51.7782,2.4392
2026-08-02 08:47:00,87.3118,52.6351,2.0610
2026-08-02 08:48:00,87.3245,51.7942,2.2338
2026-08-02 08:49:00,87.0736,52.8883,2.0399
2026-08-02 08:50:00,87.4125,53.1649,2.1584
2026-08-02 08:51:00,88.1028,53.3188,2.4333
2026-08-02 08:52:00,86.6708,53.6268,2.2534
2026-08-02 08:53:00,87.2763,50.9657,2.3035
2026-08-02 08:54:00,86.9260,51.3220,2.2551
2026-08-02 08:55:00,87.3021,54.5978,2.2476
2026-08-02 08:56:00,87.1174,53.0371,2.1494
2026-08-02 08:57:00,87.3064,52.3825,2.1301
2026-08-02 08:58:00,87.4047,52.2018,2.1455
2026-08-02 08:59:00,87.0838,52.1034,1.9271
2026-08-02 09:00:00,87.3396,50.5743,2.1918
2026-08-02 09:01:00,86.2705,51.4755,2.2241
2026-08-02 09:02:00,87.4245,51.9756,2.1385
2026-08-02 09:03:00,87.0333,51.4637,2.1879
2026-08-02 09:04:00,87.2175,51.5393,2.2541
2026-08-02 09:05:00,86.5014,54.0250,2.2910
2026-08-02 09:06:00,86.5912,51.7470,2.0839
2026-08-02 09:07:00,86.8572,52.1408,2.1255
2026-08-02 09:08:00,86.7813,52.0820,2.2819
2026-08-02 09:09:00,86.8441,52.3288,2.2672
2026-08-02 09:10:00,87.0573,51.4445,2.3447
2026-08-02 09:11:00,86.1750,52.7926,2.3426
2026-08-02 09:12:00,86.9693,52.1182,2.4562
2026-08-02 09:13:00,86.6522,50.7017,2.1879
2026-08-02 09:14:00,86.5611,51.6132,2.3778
2026-08-02 09:15:00,86.1533,51.5290,2.1308
2026-08-02 09:16:00,86.7180,51.4594,2.4653
2026-08-02 09:17:00,85.8152,52.0083,2.2747
2026-08-02 09:18:00,86.7064,52.0753,2.2869
2026-08-02 09:19:00,86.0366,51.9472,2.3353
2026-08-02 09:20:00,86.4726,51.7711,2.1047
2026-08-02 09:21:00,86.3932,51.5344,2.1367
2026-08-02 09:22:00,86.7522,49.7105,2.2600
2026-08-02 09:23:00,86.3202,52.0192,2.2873
2026-08-02 09:24:00,86.1379,51.7527,2.4656
2026-08-02 09:25:00,86.1667,50.5391,2.1671
2026-08-02 09:26:00,86.6730,51.5160,2.4209
2026-08-02 09:27:00,86.4246,51.7743,2.2453
2026-08-02 09:28:00,86.1207,52.1572,2.2491
2026-08-02 09:29:00,86.1381,51.5925,2.2660
2026-08-02 09:30:00,85.7117,51.4053,2.2573
2026-08-02 09:31:00,86.2712,51.8691,2.3421
2026-08-02 09:32:00,85.5997,50.8299,2.2598
2026-08-02 09:33:00,86.3262,51.3680,2.1641
2026-08-02 09:34:00,86.1124,50.5045,2.2844
2026-08-02 09:35:00,86.7632,51.8526,2.3630
2026-08-02 09:36:00,85.6904,49.6393,2.1834
2026-08-02 09:37:00,85.9631,51.5430,2.3883
2026-08-02 09:38:00,86.5070,50.8662,2.4547
2026-08-02 09:39:00,86.2987,51.5866,2.4912
2026-08-02 09:40:00,85.7063,50.1520,2.3838
2026-08-02 09:41:00,85.9564,50.8104,2.1764
2026-08-02 09:42:00,85.8641,50.7488,2.4286
2026-08-02 09:43:00,85.9224,51.0092,2.4676
2026-08-02 09:44:00,85.6028,49.7857,2.3083
2026-08-02 09:45:00,85.7603,51.0942,2.3779
2026-08-02 09:46:00,85.2826,49.0700,2.4408
2026-08-02 09:47:00,85.7776,49.9738,2.5786
2026-08-02 09:48:00,85.8474,49.2191,2.3817
2026-08-02 09:49:00,85.6196,51.0931,2.5039
2026-08-02 09:50:00,85.1790,50.7117,2.4540
2026-08-02 09:51:00,85.9360,50.7174,2.4499
2026-08-02 09:52:00,85.7249,51.4921,2.5707
2026-08-02 09:53:00,85.3741,50.0218,2.3622
2026-08-02 09:54:00,85.4843,50.7230,2.4761
2026-08-02 09:55:00,85.0951,50.2490,2.4636
2026-08-02 09:56:00,85.2147,50.0880,2.3179
2026-08-02 09:57:00,85.3383,51.1631,2.5997
2026-08-02 09:58:00,85.8457,51.7440,2.5672
2026-08-02 09:59:00,85.2631,49.6941,2.4955
2026-08-02 10:00:00,85.6251,50.6670,2.4739
2026-08-02 10:01:00,85.2498,50.2160,2.5079
2026-08-02 10:02:00,85.4643,50.1864,2.5864
2026-08-02 10:03:00,85.3264,50.0800,2.5288
2026-08-02 10:04:00,85.6098,49.5765,2.4646
2026-08-02 10:05:00,85.1669,46.9358,2.4874
2026-08-02 10:06:00,84.8353,50.9925,2.5457
2026-08-02 10:07:00,84.8724,49.1697,2.4614
2026-08-02 10:08:00,85.1077,49.4932,2.5957
2026-08-02 10:09:00,84.8732,49.4712,2.4907
2026-08-02 10:10:00,85.3518,48.9814,2.4822
2026-08-02 10:11:00,85.0702,49.7617,2.9045
2026-08-02 10:12:00,85.9038,49.4952,2.7867
2026-08-02 10:13:00,84.6519,48.9187,2.6145
2026-08-02 10:14:00,85.2165,49.5727,2.6926
2026-08-02 10:15:00,84.7994,49.3883,2.7169
2026-08-02 10:16:00,84.9726,50.1185,2.6145
2026-08-02 10:17:00,85.1461,48.2656,2.6574
2026-08-02 10:18:00,84.3895,48.6554,2.6100
2026-08-02 10:19:00,85.1419,49.8418,2.7687
2026-08-02 10:20:00,85.6257,48.7117,2.7769
2026-08-02 10:21:00,84.9032,48.4630,2.8129
2026-08-02 10:22:00,85.1020,48.6757,2.6900
2026-08-02 10:23:00,85.3166,49.0296,2.8867
2026-08-02 10:24:00,84.9453,48.9952,2.6687
2026-08-02 10:25:00,84.8060,48.8677,2.8873
2026-08-02 10:26:00,84.2836,48.1757,2.6425
2026-08-02 10:27:00,85.1451,49.5802,2.5651
2026-08-02 10:28:00,84.9056,49.9859,2.9035
2026-08-02 10:29:00,84.6229,47.3600,2.7725
2026-08-02 10:30:00,84.9522,47.6091,2.7640
2026-08-02 10:31:00,84.7269,49.6181,2.6816
2026-08-02 10:32:00,84.7317,50.0356,2.6384
2026-08-02 10:33:00,85.0607,47.0407,2.6531
2026-08-02 10:34:00,84.4661,49.3608,2.7470
2026-08-02 10:35:00,85.1711,49.9834,2.7230
2026-08-02 10:36:00,84.4272,47.9481,2.5486
2026-08-02 10:37:00,84.6376,49.8669,2.9166
2026-08-02 10:38:00,85.4036,48.4261,2.7096
2026-08-02 10:39:00,85.1556,48.7858,2.8796
2026-08-02 10:40:00,84.8376,47.9246,2.6892
2026-08-02 10:41:00,84.5176,49.2669,2.7791
2026-08-02 10:42:00,84.6326,49.1001,2.8645
2026-08-02 10:43:00,84.8055,49.7789,2.8542
2026-08-02 10:44:00,84.7871,49.5186,2.7473
2026-08-02 10:45:00,84.7414,48.3260,2.8281
2026-08-02 10:46:00,84.7525,50.7875,2.8477
2026-08-02 10:47:00,84.6909,49.3492,2.7680
2026-08-02 10:48:00,84.3164,48.6691,2.6739
2026-08-02 10:49:00,84.5882,47.4073,2.7252
2026-08-02 10:50:00,85.0120,46.9497,2.7519
2026-08-02 10:51:00,84.3219,46.9867,2.7943
2026-08-02 10:52:00,84.6707,47.3651,2.9527
2026-08-02 10:53:00,84.4772,49.1835,2.8857
2026-08-02 10:54:00,84.7524,48.4413,2.7147
2026-08-02 10:55:00,84.5985,47.5313,2.9811
2026-08-02 10:56:00,85.1549,47.8839,2.7905
2026-08-02 10:57:00,84.8605,47.7574,2.8663
2026-08-02 10:58:00,84.3121,48.5750,2.7057
2026-08-02 10:59:00,84.9045,47.2036,2.7547
2026-08-02 11:00:00,84.4686,48.1584,2.9038
2026-08-02 11:01:00,84.5260,48.0912,2.7120
2026-08-02 11:02:00,84.7917,47.1448,2.8051
2026-08-02 11:03:00,84.5488,49.0674,2.8462
2026-08-02 11:04:00,84.9632,47.5341,2.6961
2026-08-02 11:05:00,84.4624,46.9503,2.6197
2026-08-02 11:06:00,84.5088,48.4011,2.8870
2026-08-02 11:07:00,84.4975,47.7371,3.0813
2026-08-02 11:08:00,84.5250,47.9953,2.8393
2026-08-02 11:09:00,85.0251,46.6963,2.8568
2026-08-02 11:10:00,84.8848,48.2699,2.7014
2026-08-02 11:11:00,85.2103,49.3342,2.9346
2026-08-02 11:12:00,85.3790,46.5627,2.7476
2026-08-02 11:13:00,84.3913,47.8334,2.8992
2026-08-02 11:14:00,84.7236,46.8994,2.8408
2026-08-02 11:15:00,84.3518,49.6573,2.8403
2026-08-02 11:16:00,84.4739,48.4757,2.8334
2026-08-02 11:17:00,84.5210,47.6885,2.8269
2026-08-02 11:18:00,84.3959,46.4598,2.7956
2026-08-02 11:19:00,84.4008,46.6329,2.8606
2026-08-02 11:20:00,84.6766,47.9989,2.6872
2026-08-02 11:21:00,84.3586,46.2925,2.7319
2026-08-02 11:22:00,84.9803,46.2987,2.8984
2026-08-02 11:23:00,84.4566,47.3521,2.7645
2026-08-02 11:24:00,85.5792,47.4337,2.7101
2026-08-02 11:25:00,84.6056,47.6134,2.8415
2026-08-02 11:26:00,84.7676,46.9406,2.8169
2026-08-02 11:27:00,84.3625,48.0117,2.5981
2026-08-02 11:28:00,85.2682,46.5699,2.7959
2026-08-02 11:29:00,85.0978,47.7449,2.7313
2026-08-02 11:30:00,84.8567,47.3997,2.7833
2026-08-02 11:31:00,84.3695,47.6941,2.7076
2026-08-02 11:32:00,84.8428,48.1449,2.7472
2026-08-02 11:33:00,84.4495,46.8212,2.5117
2026-08-02 11:34:00,85.2311,46.6432,2.5993
2026-08-02 11:35:00,85.0417,45.8085,2.7566
2026-08-02 11:36:00,84.8344,45.5316,2.9385
2026-08-02 11:37:00,84.0817,46.9942,2.7066
2026-08-02 11:38:00,84.5247,47.0375,2.5941
2026-08-02 11:39:00,85.0332,46.2438,2.6703
2026-08-02 11:40:00,85.1981,46.4053,2.5607
2026-08-02 11:41:00,85.1745,48.3111,2.7681
2026-08-02 11:42:00,84.3717,47.7836,2.6410
2026-08-02 11:43:00,84.9475,46.0647,2.7345
2026-08-02 11:44:00,85.1695,46.7117,2.6067
2026-08-02 11:45:00,84.3753,47.3824,2.7290
2026-08-02 11:46:00,84.8785,46.5491,2.4452
2026-08-02 11:47:00,84.9711,46.3964,2.6026
2026-08-02 11:48:00,84.8070,46.7663,2.6467
2026-08-02 11:49:00,84.3498,47.9036,2.5584
2026-08-02 11:50:00,84.8161,47.9708,2.6136
2026-08-02 11:51:00,84.8241,46.4324,2.6043
2026-08-02 11:52:00,84.8863,47.3849,2.6673
2026-08-02 11:53:00,84.7703,47.0075,2.6168
2026-08-02 11:54:00,84.8150,46.2027,2.5862
2026-08-02 11:55:00,84.9446,46.7688,2.6271
2026-08-02 11:56:00,85.0979,45.9927,2.3961
2026-08-02 11:57:00,84.8825,47.9328,2.4483
2026-08-02 11:58:00,84.8597,48.2430,2.3772
2026-08-02 11:59:00,85.0190,46.6718,2.5627
2026-08-02 12:00:00,84.4237,46.4807,2.5414
2026-08-02 12:01:00,85.1518,47.8439,2.6307
2026-08-02 12:02:00,85.0173,47.9739,2.5195
2026-08-02 12:03:00,85.0381,46.1108,2.4133
2026-08-02 12:04:00,85.3231,46.8857,2.4820
2026-08-02 12:05:00,84.4577,46.9593,2.2733
2026-08-02 12:06:00,84.4600,46.3926,2.4122
2026-08-02 12:07:00,85.1428,47.3214,2.2106
2026-08-02 12:08:00,85.0671,46.4565,2.4705
2026-08-02 12:09:00,85.1288,46.5886,2.4020
2026-08-02 12:10:00,84.9475,46.9446,2.4091
2026-08-02 12:11:00,85.2938,45.8398,2.3216
2026-08-02 12:12:00,85.3826,45.3918,2.3404
2026-08-02 12:13:00,85.2562,47.7779,2.4691
2026-08-02 12:14:00,85.0409,46.4580,2.2489
2026-08-02 12:15:00,84.4949,48.7655,2.4358
2026-08-02 12:16:00,85.3659,48.6430,2.2969
2026-08-02 12:17:00,85.5095,46.6688,2.2027
2026-08-02 12:18:00,85.3440,48.9541,2.4864
2026-08-02 12:19:00,84.8944,47.8424,2.4898
2026-08-02 12:20:00,85.3679,46.5860,2.2961
2026-08-02 12:21:00,85.4312,45.0472,2.2883
2026-08-02 12:22:00,85.6479,47.6741,2.3115
2026-08-02 12:23:00,84.9245,47.1600,2.2491
2026-08-02 12:24:00,85.1263,47.4919,2.2603
2026-08-02 12:25:00,85.4252,46.9761,2.3624
2026-08-02 12:26:00,85.2249,46.2570,2.5186
2026-08-02 12:27:00,84.8789,46.8438,2.2697
2026-08-02 12:28:00,85.3447,47.7646,2.4016
2026-08-02 12:29:00,85.4001,46.9301,2.3288
2026-08-02 12:30:00,85.2588,46.9400,2.1206
2026-08-02 12:31:00,85.3040,46.0281,2.2799
2026-08-02 12:32:00,85.1660,47.3323,2.2621
2026-08-02 12:33:00,85.6924,46.3860,2.4183
2026-08-02 12:34:00,84.9838,48.0271,2.4174
2026-08-02 12:35:00,85.0828,46.7221,2.2997
2026-08-02 12:36:00,85.2669,47.0904,2.3787
2026-08-02 12:37:00,85.5318,49.0762,2.2381
2026-08-02 12:38:00,84.8231,47.1183,2.3603
2026-08-02 12:39:00,84.8833,47.0301,2.2542
2026-08-02 12:40:00,84.6688,47.8704,2.3500
2026-08-02 12:41:00,85.2935,45.9936,2.3563
2026-08-02 12:42:00,84.9515,48.4427,2.3043
2026-08-02 12:43:00,85.1746,48.2580,2.1551
2026-08-02 12:44:00,85.4912,47.9035,2.1839
2026-08-02 12:45:00,85.1028,44.8039,2.2981
2026-08-02 12:46:00,85.3669,47.3201,2.3093
2026-08-02 12:47:00,85.2097,46.5318,2.2330
2026-08-02 12:48:00,85.5029,48.4722,2.1835
2026-08-02 12:49:00,85.4452,48.4383,2.2315
2026-08-02 12:50:00,85.0963,47.9303,2.1824
2026-08-02 12:51:00,85.2541,46.6816,2.1810
2026-08-02 12:52:00,85.6184,48.8640,2.4026
2026-08-02 12:53:00,85.4236,47.4837,2.1575
2026-08-02 12:54:00,84.8865,49.1631,2.2545
2026-08-02 12:55:00,85.5019,47.9568,2.2179
2026-08-02 12:56:00,84.9792,48.1760,2.0790
2026-08-02 12:57:00,85.7274,47.4288,2.0748
2026-08-02 12:58:00,85.6097,48.9494,2.1923
2026-08-02 12:59:00,85.3879,48.3378,2.0048
2026-08-02 13:00:00,85.3462,49.0330,2.3830
2026-08-02 13:01:00,85.2341,48.0487,2.1639
2026-08-02 13:02:00,85.4979,47.8973,2.1561
2026-08-02 13:03:00,85.1803,48.4397,2.3232
2026-08-02 13:04:00,85.3590,49.1466,2.1876
2026-08-02 13:05:00,85.5464,48.8354,2.2677
2026-08-02 13:06:00,85.1125,48.1622,2.1464
2026-08-02 13:07:00,85.0920,46.5959,2.2096
2026-08-02 13:08:00,84.9141,48.7603,2.3034
2026-08-02 13:09:00,84.9482,46.9918,2.1221
2026-08-02 13:10:00,84.7139,48.2017,2.2630
2026-08-02 13:11:00,85.4758,48.1124,1.9707
2026-08-02 13:12:00,85.7937,47.1024,2.3412
2026-08-02 13:13:00,85.6724,48.5666,2.1616
2026-08-02 13:14:00,84.7504,50.0242,2.2114
2026-08-02 13:15:00,85.4488,48.0832,2.2130
2026-08-02 13:16:00,85.6508,48.9788,2.1285
2026-08-02 13:17:00,85.0795,50.2837,2.1241
2026-08-02 13:18:00,85.2390,49.1226,2.2848
2026-08-02 13:19:00,84.5979,47.9502,2.2932
2026-08-02 13:20:00,85.2717,48.6896,2.1517
2026-08-02 13:21:00,84.8636,48.9188,2.2983
2026-08-02 13:22:00,85.2332,49.7156,2.3042
2026-08-02 13:23:00,84.6952,49.5744,2.2149
2026-08-02 13:24:00,85.3164,46.4221,2.1279
2026-08-02 13:25:00,85.4505,47.9882,2.2582
2026-08-02 13:26:00,84.8974,48.6524,2.3034
2026-08-02 13:27:00,84.7802,47.9318,2.2660
2026-08-02 13:28:00,84.4630,45.8197,2.2178
2026-08-02 13:29:00,85.0180,48.2353,2.3291
2026-08-02 13:30:00,84.9113,48.8491,2.4144
2026-08-02 13:31:00,84.6080,48.4681,2.2165
2026-08-02 13:32:00,85.1963,48.1273,2.2695
2026-08-02 13:33:00,84.9122,48.9948,2.5795
2026-08-02 13:34:00,84.7109,49.2730,2.3403
2026-08-02 13:35:00,84.8534,48.6608,2.1907
2026-08-02 13:36:00,85.3269,50.1703,2.2759
2026-08-02 13:37:00,85.1718,49.1565,2.2544
2026-08-02 13:38:00,84.9370,48.4507,2.3746
2026-08-02 13:39:00,85.1465,48.2860,2.3740
2026-08-02 13:40:00,84.5968,49.0532,2.2864
2026-08-02 13:41:00,84.9389,50.1523,2.5425
2026-08-02 13:42:00,84.9571,48.6407,2.3723
2026-08-02 13:43:00,84.7554,49.8146,2.3253
2026-08-02 13:44:00,85.0101,49.4519,2.2559
2026-08-02 13:45:00,84.6281,51.0093,2.2957
2026-08-02 13:46:00,84.9976,49.7655,2.2679
2026-08-02 13:47:00,84.9923,48.9334,2.3808
2026-08-02 13:48:00,83.9334,50.1198,2.3188
2026-08-02 13:49:00,85.1471,50.1855,2.4932
2026-08-02 13:50:00,83.8569,49.2908,2.3639
2026-08-02 13:51:00,84.5673,48.7162,2.5140
2026-08-02 13:52:00,85.0403,50.1152,2.4868
2026-08-02 13:53:00,84.6178,49.7763,2.5099
2026-08-02 13:54:00,84.2531,48.5514,2.5427
2026-08-02 13:55:00,84.3446,50.0074,2.6602
2026-08-02 13:56:00,84.9602,49.3334,2.3837
2026-08-02 13:57:00,84.0548,48.6697,2.5611
2026-08-02 13:58:00,84.9488,49.6398,2.5241
2026-08-02 13:59:00,84.5721,50.9871,2.5985
2026-08-02 14:00:00,84.2093,50.9664,2.5111
2026-08-02 14:01:00,84.3701,50.7967,2.6255
2026-08-02 14:02:00,84.2177,50.2939,2.3865
2026-08-02 14:03:00,84.7602,50.5944,2.4231
2026-08-02 14:04:00,84.6974,50.2359,2.4744
2026-08-02 14:05:00,83.9390,49.3122,2.5317
2026-08-02 14:06:00,84.3104,49.5110,2.5516
2026-08-02 14:07:00,84.1491,49.7888,2.4807
2026-08-02 14:08:00,84.7725,51.4347,2.4633
2026-08-02 14:09:00,83.9555,51.2140,2.5045
2026-08-02 14:10:00,84.8177,49.5277,2.4067
2026-08-02 14:11:00,84.3022,50.4732,2.5564
2026-08-02 14:12:00,83.9390,50.1472,2.5869
2026-08-02 14:13:00,84.0597,50.3840,2.6442
2026-08-02 14:14:00,83.9975,50.1179,2.6242
2026-08-02 14:15:00,83.8305,51.7098,2.7941
2026-08-02 14:16:00,84.2161,50.6086,2.7033
2026-08-02 14:17:00,83.7938,50.8350,2.7029
2026-08-02 14:18:00,83.4824,50.8797,2.6727
2026-08-02 14:19:00,83.9968,49.9162,2.6967
2026-08-02 14:20:00,83.5439,50.8633,2.6279
2026-08-02 14:21:00,83.8330,51.6642,2.6667
2026-08-02 14:22:00,83.7597,52.0302,2.8555
2026-08-02 14:23:00,83.7447,49.9714,2.6629
2026-08-02 14:24:00,84.5799,49.7122,2.5431
2026-08-02 14:25:00,83.9699,51.0140,2.7523
2026-08-02 14:26:00,83.9998,51.8888,2.7763
2026-08-02 14:27:00,83.3664,51.3260,2.7103
2026-08-02 14:28:00,83.6762,51.6193,2.5129
2026-08-02 14:29:00,83.9099,50.0235,2.8352
2026-08-02 14:30:00,83.5108,50.6905,2.7351
2026-08-02 14:31:00,84.0633,49.4273,2.6866
2026-08-02 14:32:00,83.4028,51.1062,2.8417
2026-08-02 14:33:00,83.6503,49.5246,2.5257
2026-08-02 14:34:00,83.5330,52.3577,2.7443
2026-08-02 14:35:00,83.7306,52.5707,2.6839
2026-08-02 14:36:00,83.4617,51.4745,2.8919
2026-08-02 14:37:00,83.5450,50.1868,2.7715
2026-08-02 14:38:00,83.5278,51.7320,2.6651
2026-08-02 14:39:00,83.3507,52.9532,2.8696
2026-08-02 14:40:00,83.6889,51.8806,2.5139
2026-08-02 14:41:00,83.5873,52.4819,2.8144
2026-08-02 14:42:00,83.4616,51.1794,2.6410
2026-08-02 14:43:00,83.3314,50.9039,2.7245
2026-08-02 14:44:00,83.6719,51.5772,2.7500
2026-08-02 14:45:00,83.3346,50.1253,2.8682
2026-08-02 14:46:00,83.2858,53.5105,3.0004
2026-08-02 14:47:00,83.3817,51.8432,2.6048
2026-08-02 14:48:00,83.8318,52.4568,2.8299
2026-08-02 14:49:00,82.8933,51.4258,3.0079
2026-08-02 14:50:00,83.4990,50.5918,2.7325
2026-08-02 14:51:00,82.6729,52.9979,2.7282
2026-08-02 14:52:00,83.2788,50.9887,2.8170
2026-08-02 14:53:00,83.6591,52.1974,2.8779
2026-08-02 14:54:00,83.3061,52.3028,2.8621
2026-08-02 14:55:00,83.1838,52.0372,2.7616
2026-08-02 14:56:00,82.9377,51.3797,2.7181
2026-08-02 14:57:00,83.0885,51.9167,2.9307
2026-08-02 14:58:00,82.9770,51.3050,2.7221
2026-08-02 14:59:00,82.7905,52.7407,2.6083
2026-08-02 15:00:00,82.9130,52.5786,2.6547
2026-08-02 15:01:00,83.0334,52.1318,2.7423
2026-08-02 15:02:00,82.7178,51.7214,2.9488
2026-08-02 15:03:00,82.6803,53.8888,2.6802
2026-08-02 15:04:00,82.4885,51.1878,2.9505
2026-08-02 15:05:00,82.9884,51.0198,2.9281
2026-08-02 15:06:00,83.0095,52.2156,2.8188
2026-08-02 15:07:00,82.8904,52.1001,2.5401
2026-08-02 15:08:00,83.0857,53.2095,2.6750
2026-08-02 15:09:00,82.7979,52.8728,2.7284
2026-08-02 15:10:00,82.8647,52.4037,2.9628
2026-08-02 15:11:00,82.8141,52.8040,2.7307
2026-08-02 15:12:00,82.6716,52.8128,2.7080
2026-08-02 15:13:00,82.5162,54.1328,2.8016
2026-08-02 15:14:00,83.3163,52.6751,2.6391
2026-08-02 15:15:00,82.4933,51.9495,2.7747
2026-08-02 15:16:00,82.4062,52.6748,2.6942
2026-08-02 15:17:00,82.7136,50.4422,3.0396
2026-08-02 15:18:00,82.6367,52.5318,2.6755
2026-08-02 15:19:00,82.1176,53.4526,2.9566
2026-08-02 15:20:00,82.8542,53.0798,2.6458
2026-08-02 15:21:00,82.4677,52.8563,2.7821
2026-08-02 15:22:00,82.1416,53.1558,2.8016
2026-08-02 15:23:00,82.8107,53.5376,2.7614
2026-08-02 15:24:00,82.6213,53.8132,2.7507
2026-08-02 15:25:00,82.0341,53.0486,2.8242
2026-08-02 15:26:00,82.9269,52.4549,2.7749
2026-08-02 15:27:00,82.5719,50.8736,2.7108
2026-08-02 15:28:00,82.3521,53.5232,2.6555
2026-08-02 15:29:00,82.8136,53.1685,2.7010
2026-08-02 15:30:00,82.3659,52.8938,2.6943
2026-08-02 15:31:00,82.2918,52.2360,2.6867
2026-08-02 15:32:00,82.0845,53.5729,2.7084
2026-08-02 15:33:00,82.4400,52.6088,2.5539
2026-08-02 15:34:00,82.3916,52.8004,2.5860
2026-08-02 15:35:00,82.2366,52.7960,2.7658
2026-08-02 15:36:00,81.9792,53.2131,2.4513
2026-08-02 15:37:00,82.2396,51.9462,2.7896
2026-08-02 15:38:00,82.1645,53.3265,2.6075
2026-08-02 15:39:00,81.7707,52.3107,2.8237
2026-08-02 15:40:00,81.7149,52.3491,2.7726
2026-08-02 15:41:00,82.3121,53.6159,2.6104
2026-08-02 15:42:00,81.3486,52.1211,2.6138
2026-08-02 15:43:00,82.1778,53.6328,2.7885
2026-08-02 15:44:00,81.9602,53.0155,2.7493
2026-08-02 15:45:00,82.4841,51.6237,2.7121
2026-08-02 15:46:00,81.9319,54.0413,2.7219
2026-08-02 15:47:00,82.2667,53.2049,2.4914
2026-08-02 15:48:00,81.9391,53.2784,2.6132
2026-08-02 15:49:00,82.0821,53.7747,2.5082
2026-08-02 15:50:00,82.2594,54.1737,2.4663
2026-08-02 15:51:00,81.8903,53.1400,2.5864
2026-08-02 15:52:00,82.3194,53.4774,2.5210
2026-08-02 15:53:00,81.7141,53.2844,2.5380
2026-08-02 15:54:00,82.0928,52.7165,2.4969
2026-08-02 15:55:00,82.2740,51.7268,2.4137
2026-08-02 15:56:00,82.1886,53.1678,2.7010
2026-08-02 15:57:00,82.5593,54.1008,2.5391
2026-08-02 15:58:00,81.7497,53.4656,2.3715
2026-08-02 15:59:00,81.5598,52.1458,2.5261
2026-08-02 16:00:00,81.6706,53.8780,2.6521
2026-08-02 16:01:00,82.1629,52.7522,2.5880
2026-08-02 16:02:00,82.1106,51.3254,2.4324
2026-08-02 16:03:00,81.9889,53.8120,2.4270
2026-08-02 16:04:00,81.6188,52.2396,2.3729
2026-08-02 16:05:00,82.1838,54.4182,2.3866
2026-08-02 16:06:00,81.5849,53.9090,2.3870
2026-08-02 16:07:00,82.2992,52.8052,2.2985
2026-08-02 16:08:00,82.8084,53.3511,2.3932
2026-08-02 16:09:00,82.0613,54.9183,2.4644
2026-08-02 16:10:00,82.1271,53.7743,2.3810
2026-08-02 16:11:00,81.8056,53.1595,2.4365
2026-08-02 16:12:00,81.4123,55.2744,2.5695
2026-08-02 16:13:00,81.7770,53.0507,2.5834
2026-08-02 16:14:00,81.6330,53.4152,2.3857
2026-08-02 16:15:00,81.5303,52.1934,2.4732
2026-08-02 16:16:00,82.4852,51.5947,2.3613
2026-08-02 16:17:00,82.0551,52.6958,2.3221
2026-08-02 16:18:00,82.0924,52.9478,2.2521
2026-08-02 16:19:00,81.8916,53.1711,2.3655
2026-08-02 16:20:00,81.9388,51.7620,2.4584
2026-08-02 16:21:00,82.2870,53.4159,2.2158
2026-08-02 16:22:00,81.9955,52.2122,2.3079
2026-08-02 16:23:00,82.1725,53.3520,2.2965
2026-08-02 16:24:00,81.9631,53.6011,2.3484
2026-08-02 16:25:00,81.9285,52.5244,2.3436
2026-08-02 16:26:00,81.6189,52.0569,2.3649
2026-08-02 16:27:00,81.4580,54.0495,2.4949
2026-08-02 16:28:00,81.9838,53.4991,2.2122
2026-08-02 16:29:00,82.0907,52.9080,2.2009
2026-08-02 16:30:00,81.6999,53.9464,2.3126
2026-08-02 16:31:00,82.0881,52.8230,2.4277
2026-08-02 16:32:00,82.1277,52.2442,2.1308
2026-08-02 16:33:00,81.4785,51.9231,2.3050
2026-08-02 16:34:00,81.8651,52.6215,2.2467
2026-08-02 16:35:00,82.2767,53.3080,2.3474
2026-08-02 16:36:00,82.2861,53.7848,2.3201
2026-08-02 16:37:00,81.8398,52.6738,2.2576
2026-08-02 16:38:00,82.2500,53.6070,2.2972
2026-08-02 16:39:00,82.5263,52.4461,2.1784
2026-08-02 16:40:00,82.4703,51.9728,2.3202
2026-08-02 16:41:00,82.2268,51.5332,2.3750
2026-08-02 16:42:00,82.1337,52.1529,2.2427
2026-08-02 16:43:00,82.1046,51.5223,2.1884
2026-08-02 16:44:00,82.4536,54.1236,2.2114
2026-08-02 16:45:00,82.3921,52.8458,2.3018
2026-08-02 16:46:00,82.5433,52.3959,2.2157
2026-08-02 16:47:00,82.4155,53.8275,2.0972
2026-08-02 16:48:00,82.6435,51.3852,2.3099
2026-08-02 16:49:00,82.4487,52.2940,2.1141
2026-08-02 16:50:00,82.6787,53.9798,2.2527
2026-08-02 16:51:00,82.7281,52.2407,2.0217
2026-08-02 16:52:00,82.2495,54.2889,2.2174
2026-08-02 16:53:00,81.9729,52.9350,2.1982
2026-08-02 16:54:00,83.0035,53.3260,2.0070
2026-08-02 16:55:00,82.6429,53.3234,2.2358
2026-08-02 16:56:00,82.0776,52.2307,2.0915
2026-08-02 16:57:00,82.4043,51.8124,2.2094
2026-08-02 16:58:00,82.8771,52.0838,2.1592
2026-08-02 16:59:00,82.5891,51.3594,2.0520
2026-08-02 17:00:00,82.5473,52.0686,2.0954
2026-08-02 17:01:00,83.1497,52.0898,2.1035
2026-08-02 17:02:00,82.4441,53.4165,2.2987
2026-08-02 17:03:00,82.5482,52.5110,2.2845
2026-08-02 17:04:00,82.8809,53.8975,2.4211
2026-08-02 17:05:00,82.9649,50.2504,2.1514
2026-08-02 17:06:00,83.0274,50.9747,2.1493
2026-08-02 17:07:00,83.1830,51.6340,2.2185
2026-08-02 17:08:00,83.0008,53.0820,2.1710
2026-08-02 17:09:00,83.1201,51.7696,2.1500
2026-08-02 17:10:00,82.9279,50.6520,2.2157
2026-08-02 17:11:00,83.0574,51.5989,2.2827
2026-08-02 17:12:00,83.1041,50.8053,2.0035
2026-08-02 17:13:00,83.1700,50.6165,2.1600
2026-08-02 17:14:00,83.3713,53.2983,2.0796
2026-08-02 17:15:00,83.3405,51.3854,2.2075
2026-08-02 17:16:00,83.2221,51.7724,2.2692
2026-08-02 17:17:00,83.0013,51.5265,2.3409
2026-08-02 17:18:00,83.2999,51.3663,2.1893
2026-08-02 17:19:00,83.3071,50.8614,2.2470
2026-08-02 17:20:00,83.4097,51.2515,2.0720
2026-08-02 17:21:00,84.0504,51.7357,2.1582
2026-08-02 17:22:00,83.2682,52.5664,2.2691
2026-08-02 17:23:00,83.5894,52.1548,2.1169
2026-08-02 17:24:00,83.8208,50.3867,2.3810
2026-08-02 17:25:00,83.5676,52.1177,2.3143
2026-08-02 17:26:00,84.2778,51.6719,2.1764
2026-08-02 17:27:00,83.5016,50.7562,2.1237
2026-08-02 17:28:00,83.7511,51.3659,2.2051
2026-08-02 17:29:00,83.4533,51.6421,2.1925
2026-08-02 17:30:00,83.6269,51.1857,2.1662
2026-08-02 17:31:00,83.8467,51.4959,2.1528
2026-08-02 17:32:00,84.0658,50.3847,2.2762
2026-08-02 17:33:00,83.9479,52.6326,2.3784
2026-08-02 17:34:00,84.2703,49.4580,2.2401
2026-08-02 17:35:00,83.9047,51.4266,2.3619
2026-08-02 17:36:00,83.8744,51.2205,2.2909
2026-08-02 17:37:00,84.8264,51.4040,2.3913
2026-08-02 17:38:00,84.1747,50.2853,2.2580
2026-08-02 17:39:00,83.8821,51.7497,2.3713
2026-08-02 17:40:00,83.9314,50.6901,2.3620
2026-08-02 17:41:00,83.8987,49.7895,2.4931
2026-08-02 17:42:00,84.5046,49.8245,2.4197
2026-08-02 17:43:00,84.1565,50.7619,2.3964
2026-08-02 17:44:00,84.3464,49.3465,2.2310
2026-08-02 17:45:00,84.3317,52.0257,2.3327
2026-08-02 17:46:00,84.6128,51.3858,2.3124
2026-08-02 17:47:00,84.1821,51.9695,2.3176
2026-08-02 17:48:00,84.1564,51.8464,2.4088
2026-08-02 17:49:00,84.5894,50.1490,2.4389
2026-08-02 17:50:00,84.7455,49.6961,2.4503
2026-08-02 17:51:00,84.7082,48.2104,2.5561
2026-08-02 17:52:00,84.4089,49.9886,2.4860
2026-08-02 17:53:00,84.8983,51.6870,2.3225
2026-08-02 17:54:00,84.5154,49.5731,2.4733
2026-08-02 17:55:00,84.6256,50.0283,2.5193
2026-08-02 17:56:00,84.5424,49.7134,2.5949
2026-08-02 17:57:00,85.2595,50.4178,2.4610
2026-08-02 17:58:00,85.1028,51.1074,2.4699
2026-08-02 17:59:00,85.1379,48.8079,2.6000
2026-08-02 18:00:00,85.3742,48.9218,2.5179
2026-08-02 18:01:00,85.8874,51.1500,2.3480
2026-08-02 18:02:00,84.5745,50.5079,2.3344
2026-08-02 18:03:00,84.9093,49.6747,2.7076
2026-08-02 18:04:00,84.9896,51.2087,2.3600
2026-08-02 18:05:00,84.9627,48.7118,2.5224
2026-08-02 18:06:00,84.9382,50.5096,2.6352
2026-08-02 18:07:00,85.2150,49.6709,2.3782
2026-08-02 18:08:00,84.9833,50.1716,2.4542
2026-08-02 18:09:00,85.4921,47.7377,2.4454
2026-08-02 18:10:00,85.4503,49.3999,2.7578
2026-08-02 18:11:00,85.6222,50.1590,2.7870
2026-08-02 18:12:00,85.6732,49.4800,2.5193
2026-08-02 18:13:00,85.7447,50.4962,2.6581
2026-08-02 18:14:00,85.4946,50.4307,2.6383
2026-08-02 18:15:00,86.2856,48.6479,2.5867
2026-08-02 18:16:00,85.7621,50.0355,2.4593
2026-08-02 18:17:00,85.1754,48.5438,2.8599
2026-08-02 18:18:00,85.4757,49.3429,2.4546
2026-08-02 18:19:00,85.2963,49.7864,2.6644
2026-08-02 18:20:00,85.8655,48.5553,2.5852
2026-08-02 18:21:00,85.8655,49.8152,2.7576
2026-08-02 18:22:00,85.8030,48.7437,2.7480
2026-08-02 18:23:00,86.5881,48.6458,2.5720
2026-08-02 18:24:00,86.1906,49.6383,2.5973
2026-08-02 18:25:00,86.2846,48.3669,2.5276
2026-08-02 18:26:00,85.8281,48.2891,2.7083
2026-08-02 18:27:00,85.8481,49.7946,2.7659
2026-08-02 18:28:00,86.1991,49.0117,2.6566
2026-08-02 18:29:00,86.2799,47.7250,2.6820
2026-08-02 18:30:00,85.7107,49.5365,2.9029
2026-08-02 18:31:00,86.2529,48.4905,2.8112
2026-08-02 18:32:00,86.3504,47.6574,2.8577
2026-08-02 18:33:00,86.3204,46.7382,2.5039
2026-08-02 18:34:00,86.1795,49.4312,2.7879
2026-08-02 18:35:00,86.2999,47.9852,2.7631
2026-08-02 18:36:00,86.4467,47.6430,2.6175
2026-08-02 18:37:00,86.5646,49.1147,2.6428
2026-08-02 18:38:00,86.7561,49.2132,2.7298
2026-08-02 18:39:00,86.9359,47.9045,2.6216
2026-08-02 18:40:00,86.5599,49.2301,2.6799
2026-08-02 18:41:00,86.5477,50.1100,2.7175
2026-08-02 18:42:00,86.8517,49.5098,2.8247
2026-08-02 18:43:00,86.9393,49.3520,2.7001
2026-08-02 18:44:00,86.6609,48.6174,2.7293
2026-08-02 18:45:00,87.0631,47.9783,2.8796
2026-08-02 18:46:00,87.1543,48.2561,2.6036
2026-08-02 18:47:00,87.2820,48.6212,2.8055
2026-08-02 18:48:00,87.4617,47.2306,2.8243
2026-08-02 18:49:00,86.7015,47.5895,2.8293
2026-08-02 18:50:00,86.9985,47.0315,2.7396
2026-08-02 18:51:00,87.0301,48.3309,2.6852
2026-08-02 18:52:00,87.0293,48.1785,2.9454
2026-08-02 18:53:00,86.8956,47.5595,2.7093
2026-08-02 18:54:00,86.6758,48.7081,2.6846
2026-08-02 18:55:00,87.1800,47.1863,2.7995
2026-08-02 18:56:00,86.9520,47.4407,2.7244
2026-08-02 18:57:00,87.2381,48.5880,2.9042
2026-08-02 18:58:00,87.0035,48.6780,2.7731
2026-08-02 18:59:00,86.9407,47.2700,2.9179
2026-08-02 19:00:00,87.3693,48.0643,2.8449
2026-08-02 19:01:00,87.3723,47.2280,2.7611
2026-08-02 19:02:00,87.5283,47.6660,2.9110
2026-08-02 19:03:00,88.0373,47.9121,2.7340
2026-08-02 19:04:00,87.4912,48.2189,2.7663
2026-08-02 19:05:00,87.5796,47.9985,2.8503
2026-08-02 19:06:00,87.1363,47.9373,2.8190
2026-08-02 19:07:00,87.0986,46.8307,2.7276
2026-08-02 19:08:00,87.9840,47.9792,2.6398
2026-08-02 19:09:00,87.2561,48.0849,2.7898
2026-08-02 19:10:00,87.2435,48.1711,2.7171
2026-08-02 19:11:00,87.5680,47.0206,2.7906
2026-08-02 19:12:00,87.5751,48.3054,2.7432
2026-08-02 19:13:00,87.3534,46.4963,2.7110
2026-08-02 19:14:00,87.5540,47.1830,2.7533
2026-08-02 19:15:00,88.0352,47.2852,2.7698
2026-08-02 19:16:00,87.4450,46.4741,2.8436
2026-08-02 19:17:00,87.2885,47.2302,2.8131
2026-08-02 19:18:00,88.0086,47.6193,2.9767
2026-08-02 19:19:00,87.8923,45.9612,2.7778
2026-08-02 19:20:00,87.5766,47.0862,2.6925
2026-08-02 19:21:00,87.3058,45.9838,2.7392
2026-08-02 19:22:00,87.5741,48.9968,2.8084
2026-08-02 19:23:00,87.7976,47.5150,2.8476
2026-08-02 19:24:00,88.1797,47.4276,2.8769
2026-08-02 19:25:00,87.5345,47.4950,2.6363
2026-08-02 19:26:00,87.8350,47.7759,2.8612
2026-08-02 19:27:00,88.0772,48.0581,2.7235
2026-08-02 19:28:00,87.1740,46.0085,2.6302
2026-08-02 19:29:00,88.2117,48.2918,2.6972
2026-08-02 19:30:00,87.5595,48.2250,2.8332
2026-08-02 19:31:00,88.0259,47.1605,2.7522
2026-08-02 19:32:00,88.0118,47.1043,2.5795
2026-08-02 19:33:00,88.2741,44.7032,2.5744
2026-08-02 19:34:00,88.1243,46.1769,2.5656
2026-08-02 19:35:00,87.2557,47.5743,2.6095
2026-08-02 19:36:00,87.7426,48.1073,2.6841
2026-08-02 19:37:00,88.0282,47.7180,2.5573
2026-08-02 19:38:00,87.9363,47.0630,2.6206
2026-08-02 19:39:00,88.1456,48.6533,2.7970
2026-08-02 19:40:00,88.2461,47.9064,2.8118
2026-08-02 19:41:00,88.1982,46.7772,2.7982
2026-08-02 19:42:00,87.9572,48.8286,2.4567
2026-08-02 19:43:00,87.4729,46.1970,2.7965
2026-08-02 19:44:00,87.8948,45.8881,2.6312
2026-08-02 19:45:00,88.1605,46.7208,2.6226
2026-08-02 19:46:00,87.7120,46.4433,2.7104
2026-08-02 19:47:00,88.2316,46.7514,2.6705
2026-08-02 19:48:00,88.3171,47.6754,2.4058
2026-08-02 19:49:00,88.0846,47.0039,2.5240
2026-08-02 19:50:00,87.1287,47.0190,2.5410
2026-08-02 19:51:00,87.6652,47.0678,2.4370
2026-08-02 19:52:00,88.6147,45.1666,2.6621
2026-08-02 19:53:00,87.8846,45.8004,2.6986
2026-08-02 19:54:00,87.4524,46.7010,2.5459
2026-08-02 19:55:00,88.4168,46.3321,2.5690
2026-08-02 19:56:00,88.0483,46.8187,2.5302
2026-08-02 19:57:00,88.3733,48.1256,2.5335
2026-08-02 19:58:00,88.1218,46.9415,2.6275
2026-08-02 19:59:00,88.1728,45.9425,2.3313
2026-08-02 20:00:00,88.1400,46.3655,2.5486
2026-08-02 20:01:00,88.2357,48.3687,2.4933
2026-08-02 20:02:00,88.7045,48.2270,2.4130
2026-08-02 20:03:00,88.3069,47.4790,2.4261
2026-08-02 20:04:00,87.5353,45.7541,2.6519
2026-08-02 20:05:00,88.1367,47.2519,2.3281
2026-08-02 20:06:00,88.3380,47.3162,2.4362
2026-08-02 20:07:00,88.3486,47.0330,2.6083
2026-08-02 20:08:00,87.8516,46.5604,2.3106
2026-08-02 20:09:00,88.3204,46.7307,2.3843
2026-08-02 20:10:00,88.2400,46.5139,2.4266
2026-08-02 20:11:00,88.7237,46.1150,2.4561
2026-08-02 20:12:00,87.7168,48.1297,2.3993
2026-08-02 20:13:00,87.7789,47.7492,2.3103
2026-08-02 20:14:00,87.8282,46.8223,2.4372
2026-08-02 20:15:00,87.7614,47.3394,2.3751
2026-08-02 20:16:00,87.6293,47.3773,2.4408
2026-08-02 20:17:00,87.0550,48.9483,2.4632
2026-08-02 20:18:00,87.7404,47.7809,2.2152
2026-08-02 20:19:00,87.9682,47.7601,2.4602
2026-08-02 20:20:00,87.6956,47.1326,2.3245
2026-08-02 20:21:00,88.4099,46.7651,2.4258
2026-08-02 20:22:00,87.8185,48.2297,2.3860
2026-08-02 20:23:00,88.1867,47.6568,2.5155
2026-08-02 20:24:00,87.8622,46.4832,2.3243
2026-08-02 20:25:00,88.0157,47.5223,2.2770
2026-08-02 20:26:00,87.8352,47.8420,2.2599
2026-08-02 20:27:00,88.1452,45.5088,2.2015
2026-08-02 20:28:00,87.7342,46.4613,2.3801
2026-08-02 20:29:00,87.8487,47.5038,2.1834
2026-08-02 20:30:00,87.7918,45.6888,2.3678
2026-08-02 20:31:00,87.5770,45.8307,2.2600
2026-08-02 20:32:00,87.7663,47.0430,2.1007
2026-08-02 20:33:00,88.2960,47.6688,2.4207
2026-08-02 20:34:00,87.5252,47.7225,1.9293
2026-08-02 20:35:00,87.7124,48.5753,2.2538
2026-08-02 20:36:00,87.9437,47.3928,2.2807
2026-08-02 20:37:00,87.8880,47.0469,2.0222
2026-08-02 20:38:00,87.5287,46.3177,2.2925
2026-08-02 20:39:00,86.7890,47.0748,2.1772
2026-08-02 20:40:00,87.6377,47.9679,2.2153
2026-08-02 20:41:00,86.7951,48.0240,2.3707
2026-08-02 20:42:00,87.8799,47.6538,2.2470
2026-08-02 20:43:00,87.4674,47.9005,2.1942
2026-08-02 20:44:00,87.6939,48.5051,2.2089
2026-08-02 20:45:00,87.1005,47.5658,2.4004
2026-08-02 20:46:00,86.8822,48.6215,2.2604
2026-08-02 20:47:00,87.4028,46.9688,2.1288
2026-08-02 20:48:00,87.2908,47.5143,2.1659
2026-08-02 20:49:00,87.1295,47.2116,2.0933
2026-08-02 20:50:00,87.2783,48.2541,2.1651
2026-08-02 20:51:00,88.0587,46.8325,2.3691
2026-08-02 20:52:00,87.4542,47.4111,2.1899
2026-08-02 20:53:00,87.4939,46.2057,2.0713
2026-08-02 20:54:00,87.4072,48.1943,2.2468
2026-08-02 20:55:00,87.5727,48.7419,2.1633
2026-08-02 20:56:00,87.0464,48.4991,2.2578
2026-08-02 20:57:00,86.4614,48.4471,2.1767
2026-08-02 20:58:00,86.9955,48.4954,2.3449
2026-08-02 20:59:00,87.2696,48.4108,2.1090
2026-08-02 21:00:00,86.7091,48.3702,2.0835
2026-08-02 21:01:00,86.9208,48.4498,2.2939
2026-08-02 21:02:00,86.7398,47.4104,2.0001
2026-08-02 21:03:00,87.3714,47.8034,2.1837
2026-08-02 21:04:00,87.1190,48.0488,2.2817
2026-08-02 21:05:00,87.0628,47.7534,1.9831
2026-08-02 21:06:00,87.0269,46.7986,2.2102
2026-08-02 21:07:00,86.8023,47.0937,2.0554
2026-08-02 21:08:00,86.8456,48.2960,2.0221
2026-08-02 21:09:00,86.4036,48.8673,2.1017
2026-08-02 21:10:00,86.0760,48.1812,2.1919
2026-08-02 21:11:00,86.7496,50.4169,2.1418
2026-08-02 21:12:00,86.7744,47.5008,2.3254
2026-08-02 21:13:00,87.0125,48.6245,2.2254
2026-08-02 21:14:00,87.0936,49.3337,2.1710
2026-08-02 21:15:00,87.0657,49.1858,2.0918
2026-08-02 21:16:00,86.2677,48.8901,2.2483
2026-08-02 21:17:00,86.4338,49.2554,2.4351
2026-08-02 21:18:00,86.6560,48.4768,2.1624
2026-08-02 21:19:00,87.2438,49.7964,2.1778
2026-08-02 21:20:00,86.9006,49.5265,2.1341
2026-08-02 21:21:00,86.7648,47.8524,2.3626
2026-08-02 21:22:00,86.2850,48.8258,2.3411
2026-08-02 21:23:00,86.1088,47.3653,2.2081
2026-08-02 21:24:00,86.5829,49.8555,2.1974
2026-08-02 21:25:00,85.9885,48.8525,2.1676
2026-08-02 21:26:00,86.2197,49.7875,2.2379
2026-08-02 21:27:00,86.2293,48.6565,2.3739
2026-08-02 21:28:00,86.7143,47.2948,2.2812
2026-08-02 21:29:00,86.1027,50.9257,2.4112
2026-08-02 21:30:00,85.4501,48.9568,2.2159
2026-08-02 21:31:00,86.3060,48.0882,2.0622
2026-08-02 21:32:00,85.9179,49.8415,2.5598
2026-08-02 21:33:00,86.1135,50.5903,2.3266
2026-08-02 21:34:00,86.0478,48.8366,2.3891
2026-08-02 21:35:00,85.9650,48.9563,2.2386
2026-08-02 21:36:00,86.2575,49.2634,2.1874
2026-08-02 21:37:00,85.5341,48.2216,2.3456
2026-08-02 21:38:00,85.8124,48.5954,2.1374
2026-08-02 21:39:00,86.1465,50.6112,2.3165
2026-08-02 21:40:00,85.7310,49.1178,2.4522
2026-08-02 21:41:00,85.4066,48.5915,2.4017
2026-08-02 21:42:00,86.0640,48.9380,2.3893
2026-08-02 21:43:00,86.1748,50.1962,2.5452
2026-08-02 21:44:00,85.7989,47.7955,2.4155
2026-08-02 21:45:00,85.1988,49.6184,2.1948
2026-08-02 21:46:00,85.9738,51.4231,2.3776
2026-08-02 21:47:00,85.2391,51.1168,2.5924
2026-08-02 21:48:00,85.8050,49.9893,2.3764
2026-08-02 21:49:00,85.4216,50.6227,2.6012
2026-08-02 21:50:00,85.3156,50.6539,2.5247
2026-08-02 21:51:00,85.5069,49.5467,2.3891
2026-08-02 21:52:00,85.5606,50.4262,2.3296
2026-08-02 21:53:00,85.3987,51.1564,2.4793
2026-08-02 21:54:00,85.7451,48.7536,2.5801
2026-08-02 21:55:00,85.4115,50.2651,2.3030
2026-08-02 21:56:00,85.8164,50.1322,2.4807
2026-08-02 21:57:00,85.5840,49.9648,2.2723
2026-08-02 21:58:00,85.2679,49.9332,2.4503
2026-08-02 21:59:00,85.1952,50.1461,2.3267
2026-08-02 22:00:00,84.9388,50.2525,2.5562
2026-08-02 22:01:00,85.4985,50.9342,2.4390
2026-08-02 22:02:00,85.2835,50.4597,2.6315
2026-08-02 22:03:00,84.6571,49.9755,2.4695
2026-08-02 22:04:00,85.1872,49.4851,2.4682
2026-08-02 22:05:00,85.0570,49.8183,2.3776
2026-08-02 22:06:00,85.7797,50.4443,2.5860
2026-08-02 22:07:00,84.7762,49.7096,2.6039
2026-08-02 22:08:00,84.8349,51.0703,2.6563
2026-08-02 22:09:00,85.5809,50.6967,2.6356
2026-08-02 22:10:00,85.6358,51.3064,2.6178
2026-08-02 22:11:00,84.9865,49.9194,2.6448
2026-08-02 22:12:00,85.0018,49.8044,2.6624
2026-08-02 22:13:00,85.3581,51.4169,2.6909
2026-08-02 22:14:00,84.4572,50.6507,2.4548
2026-08-02 22:15:00,84.5795,50.4233,2.5686
2026-08-02 22:16:00,85.0364,51.1827,2.4597
2026-08-02 22:17:00,85.5686,51.1913,2.6624
2026-08-02 22:18:00,84.9564,49.6957,2.7992
2026-08-02 22:19:00,85.1011,51.8462,2.7328
2026-08-02 22:20:00,85.3950,50.4481,2.5893
2026-08-02 22:21:00,85.6713,52.1743,2.7073
2026-08-02 22:22:00,84.8510,49.7852,2.6983
2026-08-02 22:23:00,85.0040,51.1435,2.6932
2026-08-02 22:24:00,85.5411,50.7786,2.5460
2026-08-02 22:25:00,84.5236,49.3841,2.8141
2026-08-02 22:26:00,85.2746,51.5280,2.5710
2026-08-02 22:27:00,84.6473,49.4992,2.6582
2026-08-02 22:28:00,84.9703,50.8418,2.7967
2026-08-02 22:29:00,84.8539,51.9951,2.6692
2026-08-02 22:30:00,84.6268,50.7240,2.7201
2026-08-02 22:31:00,84.6071,50.4612,2.7296
2026-08-02 22:32:00,84.9732,51.8605,2.7295
2026-08-02 22:33:00,85.1774,51.0564,2.7396
2026-08-02 22:34:00,84.8287,50.9675,2.7545
2026-08-02 22:35:00,84.8779,52.3469,2.7455
2026-08-02 22:36:00,85.0178,50.4281,2.6532
2026-08-02 22:37:00,84.5449,51.0292,2.5922
2026-08-02 22:38:00,85.0486,52.1246,2.8514
2026-08-02 22:39:00,85.0632,50.4803,2.8602
2026-08-02 22:40:00,85.5895,52.9203,2.7936
2026-08-02 22:41:00,84.6869,51.3604,2.7966
2026-08-02 22:42:00,84.6540,52.2671,2.6758
2026-08-02 22:43:00,85.0142,52.2988,2.5269
2026-08-02 22:44:00,85.0216,51.5121,2.7492
2026-08-02 22:45:00,84.6081,51.2835,2.5874
2026-08-02 22:46:00,84.6408,51.6648,2.7985
2026-08-02 22:47:00,84.9175,52.3016,2.9132
2026-08-02 22:48:00,84.5007,50.9742,2.7237
2026-08-02 22:49:00,84.6200,50.8324,2.7318
2026-08-02 22:50:00,84.7645,53.0136,2.6892
2026-08-02 22:51:00,85.0312,51.2694,2.7961
2026-08-02 22:52:00,84.5462,52.1712,2.7901
2026-08-02 22:53:00,84.1704,51.7566,2.6931
2026-08-02 22:54:00,84.1440,51.8221,2.8876
2026-08-02 22:55:00,84.3373,53.1223,3.0677
2026-08-02 22:56:00,84.3177,51.9393,2.9173
2026-08-02 22:57:00,84.6621,51.7509,2.7880
2026-08-02 22:58:00,84.3490,51.8493,2.7873
2026-08-02 22:59:00,84.4923,51.6906,2.7485
2026-08-02 23:00:00,84.4687,51.5852,2.7466
2026-08-02 23:01:00,84.5669,51.7493,2.8957
2026-08-02 23:02:00,85.0943,53.5067,2.8998
2026-08-02 23:03:00,84.8949,52.7722,2.6821
2026-08-02 23:04:00,84.7002,51.9533,2.8350
2026-08-02 23:05:00,84.5565,53.0408,2.9085
2026-08-02 23:06:00,84.5645,51.0115,2.7613
2026-08-02 23:07:00,84.7928,53.4071,2.7738
2026-08-02 23:08:00,84.8700,53.3676,2.8630
2026-08-02 23:09:00,84.4230,54.1450,2.8642
2026-08-02 23:10:00,84.7071,53.1893,2.8327
2026-08-02 23:11:00,84.0878,52.7535,2.8131
2026-08-02 23:12:00,84.7623,53.4600,2.8242
2026-08-02 23:13:00,84.9291,51.9493,2.7550
2026-08-02 23:14:00,84.6184,52.1560,2.6683
2026-08-02 23:15:00,85.2497,52.4430,2.6215
2026-08-02 23:16:00,84.4429,53.6111,2.8336
2026-08-02 23:17:00,84.7752,51.8525,2.7816
2026-08-02 23:18:00,84.7023,51.7883,2.8129
2026-08-02 23:19:00,84.6862,52.7674,2.6808
2026-08-02 23:20:00,84.6856,53.1721,2.7701
2026-08-02 23:21:00,84.7558,52.0550,2.7637
2026-08-02 23:22:00,84.9820,53.1728,2.8795
2026-08-02 23:23:00,85.1452,53.7497,2.8324
2026-08-02 23:24:00,84.7357,53.6334,2.6687
2026-08-02 23:25:00,84.9856,52.9733,2.7885
2026-08-02 23:26:00,84.5354,52.6353,2.6585
2026-08-02 23:27:00,84.9809,54.1129,2.4668
2026-08-02 23:28:00,84.5278,52.7530,2.8955
2026-08-02 23:29:00,85.0891,53.5087,2.6801
2026-08-02 23:30:00,85.4308,54.3383,2.8161
2026-08-02 23:31:00,84.7369,53.4546,2.6404
2026-08-02 23:32:00,84.1219,52.0031,2.6200
2026-08-02 23:33:00,84.6215,51.8234,2.6402
2026-08-02 23:34:00,85.1619,52.5898,2.7141
2026-08-02 23:35:00,84.9649,53.4084,2.7002
2026-08-02 23:36:00,84.8804,53.2090,2.7261
2026-08-02 23:37:00,85.1152,54.6307,2.6203
2026-08-02 23:38:00,84.9650,53.2245,2.6674
2026-08-02 23:39:00,85.1922,52.6254,2.5724
2026-08-02 23:40:00,85.1101,51.9911,2.7969
2026-08-02 23:41:00,85.2983,53.8520,2.5117
2026-08-02 23:42:00,84.9570,52.9123,2.5540
2026-08-02 23:43:00,85.1286,51.7211,2.5868
2026-08-02 23:44:00,84.7728,52.9523,2.8609
2026-08-02 23:45:00,84.6924,52.1458,2.6915
2026-08-02 23:46:00,85.3929,52.6093,2.5222
2026-08-02 23:47:00,84.9538,52.9616,2.6824
2026-08-02 23:48:00,85.1387,52.2389,2.6443
2026-08-02 23:49:00,84.9426,52.5789,2.6126
2026-08-02 23:50:00,84.7379,52.3790,2.6472
2026-08-02 23:51:00,84.9256,52.4054,2.5758
2026-08-02 23:52:00,85.3616,52.1771,2.5795
2026-08-02 23:53:00,85.1059,52.6012,2.3994
2026-08-02 23:54:00,84.4344,52.2750,2.6912
2026-08-02 23:55:00,84.8919,53.4628,2.4944
2026-08-02 23:56:00,85.4999,53.1565,2.4076
2026-08-02 23:57:00,84.9097,53.9535,2.4731
2026-08-02 23:58:00,84.4424,54.5083,2.4693
2026-08-02 23:59:00,85.5592,53.5416,2.4277
2026-08-03 00:00:00,85.2047,53.3597,2.5778
2026-08-03 00:01:00,84.9877,53.5920,2.5896
2026-08-03 00:02:00,84.9060,53.3722,2.2884
2026-08-03 00:03:00,85.3509,53.0378,2.4250
2026-08-03 00:04:00,84.8722,52.9724,2.4243
2026-08-03 00:05:00,85.3880,52.1762,2.4436
2026-08-03 00:06:00,85.2148,53.6619,2.6237
2026-08-03 00:07:00,85.1341,52.9624,2.3640
2026-08-03 00:08:00,85.1129,54.1432,2.5939
2026-08-03 00:09:00,85.0252,53.7113,2.4153
2026-08-03 00:10:00,85.3999,52.4736,2.5795
2026-08-03 00:11:00,84.8349,53.9663,2.3837
2026-08-03 00:12:00,84.6162,50.9145,2.3645
2026-08-03 00:13:00,85.2954,54.5008,2.3976
2026-08-03 00:14:00,85.3085,51.8790,2.5217
2026-08-03 00:15:00,85.2712,53.3384,2.4010
2026-08-03 00:16:00,85.2574,53.2764,2.3989
2026-08-03 00:17:00,85.0468,53.8250,2.4345
2026-08-03 00:18:00,85.3869,52.6542,2.2758
2026-08-03 00:19:00,85.1446,51.1913,2.3905
2026-08-03 00:20:00,85.0196,52.6359,2.2872
2026-08-03 00:21:00,85.0795,52.7120,2.4904
2026-08-03 00:22:00,85.7865,51.2371,2.3785
2026-08-03 00:23:00,84.6669,52.9014,2.3994
2026-08-03 00:24:00,85.3442,51.9925,2.1197
2026-08-03 00:25:00,84.6973,53.3601,2.3880
2026-08-03 00:26:00,85.1752,52.6311,2.2934
2026-08-03 00:27:00,85.0840,54.3834,2.1614
2026-08-03 00:28:00,84.5949,52.5958,2.3088
2026-08-03 00:29:00,85.3432,53.1307,2.1417
2026-08-03 00:30:00,85.1184,52.6012,2.3490
2026-08-03 00:31:00,84.6083,51.4578,2.4258
2026-08-03 00:32:00,85.4955,52.5769,2.0980
2026-08-03 00:33:00,85.6794,53.3272,2.2689
2026-08-03 00:34:00,85.7011,53.1893,2.2504
2026-08-03 00:35:00,85.3666,52.4560,2.0630
2026-08-03 00:36:00,85.2775,51.5076,2.3489
2026-08-03 00:37:00,85.6666,53.1705,2.3153
2026-08-03 00:38:00,85.7771,52.9720,2.4510
2026-08-03 00:39:00,85.6164,53.2922,2.2938
2026-08-03 00:40:00,84.9977,52.3788,2.1523
2026-08-03 00:41:00,85.3441,51.2307,2.2878
2026-08-03 00:42:00,85.4188,52.9849,2.3612
2026-08-03 00:43:00,84.7471,52.5299,2.1827
2026-08-03 00:44:00,85.4336,53.6294,2.3112
2026-08-03 00:45:00,85.9772,52.5174,1.9873
2026-08-03 00:46:00,85.4895,52.4360,2.3674
2026-08-03 00:47:00,85.7416,52.7837,2.2972
2026-08-03 00:48:00,85.3561,51.9495,1.9602
2026-08-03 00:49:00,85.2807,51.8877,2.2506
2026-08-03 00:50:00,85.4182,52.3017,2.0116
2026-08-03 00:51:00,85.0599,51.6196,2.1472
2026-08-03 00:52:00,85.0161,52.1482,2.2744
2026-08-03 00:53:00,85.6854,53.8582,2.1914
2026-08-03 00:54:00,85.7172,53.1153,2.3294
2026-08-03 00:55:00,85.0079,52.5019,2.2089
2026-08-03 00:56:00,85.5950,53.4708,2.1979
2026-08-03 00:57:00,85.2776,51.5431,2.3108
2026-08-03 00:58:00,85.4044,54.1685,2.1667
2026-08-03 00:59:00,85.4390,51.7805,2.1976
2026-08-03 01:00:00,85.5973,53.7244,2.2107
2026-08-03 01:01:00,85.3217,53.6929,2.1934
2026-08-03 01:02:00,85.7174,50.6625,2.3164
2026-08-03 01:03:00,85.3843,53.2101,2.1342
2026-08-03 01:04:00,85.4756,51.7803,2.1186
2026-08-03 01:05:00,85.0349,51.5237,2.0964
2026-08-03 01:06:00,85.9286,52.3681,1.9895
2026-08-03 01:07:00,85.4178,51.1120,2.3534
2026-08-03 01:08:00,85.4863,52.2896,2.1165
2026-08-03 01:09:00,84.7851,51.1046,2.1844
2026-08-03 01:10:00,85.0156,51.9679,2.3660
2026-08-03 01:11:00,85.6282,52.8633,2.1982
2026-08-03 01:12:00,85.3371,52.0726,2.2661
2026-08-03 01:13:00,84.6707,51.4436,2.0751
2026-08-03 01:14:00,85.5497,52.1323,2.3598
2026-08-03 01:15:00,85.0682,50.5415,2.2107
2026-08-03 01:16:00,85.6475,50.9628,2.1241
2026-08-03 01:17:00,85.1902,51.2566,2.1273
2026-08-03 01:18:00,85.2700,52.1970,2.4017
2026-08-03 01:19:00,85.5540,51.8585,2.1777
2026-08-03 01:20:00,84.9224,51.9281,2.1405
2026-08-03 01:21:00,84.8848,51.4440,2.2009
2026-08-03 01:22:00,85.1143,50.8010,2.2529
2026-08-03 01:23:00,85.4117,52.5873,2.2679
2026-08-03 01:24:00,84.7543,50.8037,2.3017
2026-08-03 01:25:00,84.6427,51.6621,2.2855
2026-08-03 01:26:00,85.3795,51.2018,2.3316
2026-08-03 01:27:00,84.9403,51.7064,2.2446
2026-08-03 01:28:00,84.9921,50.7358,2.4843
2026-08-03 01:29:00,84.5409,52.0264,2.2335
2026-08-03 01:30:00,84.8821,52.2507,2.4231
2026-08-03 01:31:00,85.0710,51.9047,2.2336
2026-08-03 01:32:00,85.3395,51.2012,2.1565
2026-08-03 01:33:00,84.8158,50.6903,2.1385
2026-08-03 01:34:00,85.5309,53.2591,2.3416
2026-08-03 01:35:00,84.8144,50.1710,2.4336
2026-08-03 01:36:00,84.8006,51.6320,2.2086
2026-08-03 01:37:00,85.4521,51.1559,2.2423
2026-08-03 01:38:00,85.0394,50.8020,2.3752
2026-08-03 01:39:00,84.7951,50.9625,2.3430
2026-08-03 01:40:00,84.8986,50.3683,2.2914
2026-08-03 01:41:00,85.3351,51.0801,2.2289
2026-08-03 01:42:00,85.3528,50.9538,2.3947
2026-08-03 01:43:00,84.6513,52.8042,2.4361
2026-08-03 01:44:00,84.8667,51.4804,2.4272
2026-08-03 01:45:00,84.8892,50.9980,2.3878
2026-08-03 01:46:00,84.5487,51.0072,2.2869
2026-08-03 01:47:00,84.8100,51.9797,2.4313
2026-08-03 01:48:00,84.8101,49.6930,2.4313
2026-08-03 01:49:00,85.1321,50.2843,2.2835
2026-08-03 01:50:00,85.1335,48.8659,2.3921
2026-08-03 01:51:00,84.6534,50.7996,2.4666
2026-08-03 01:52:00,84.6685,50.9921,2.4298
2026-08-03 01:53:00,84.9123,49.4780,2.2493
2026-08-03 01:54:00,84.5174,51.3834,2.3890
2026-08-03 01:55:00,84.8493,49.6211,2.3902
2026-08-03 01:56:00,84.6257,49.8830,2.5246
2026-08-03 01:57:00,84.3404,50.2134,2.7363
2026-08-03 01:58:00,84.3230,51.3539,2.4977
2026-08-03 01:59:00,85.0228,49.3527,2.3724
2026-08-03 02:00:00,84.5201,50.2330,2.4839
2026-08-03 02:01:00,85.0371,50.5806,2.5089
2026-08-03 02:02:00,84.3687,50.3762,2.5914
2026-08-03 02:03:00,84.5877,50.3665,2.6477
2026-08-03 02:04:00,85.1955,50.4522,2.6705
2026-08-03 02:05:00,84.1375,49.3600,2.5929
2026-08-03 02:06:00,83.8622,51.1148,2.5469
2026-08-03 02:07:00,84.7941,49.6366,2.7030
2026-08-03 02:08:00,84.1364,49.4913,2.5276
2026-08-03 02:09:00,84.3543,50.7255,2.5755
2026-08-03 02:10:00,84.1607,49.1040,2.5533
2026-08-03 02:11:00,84.3926,49.8257,2.3721
2026-08-03 02:12:00,84.0025,48.9524,2.7199
2026-08-03 02:13:00,84.2089,51.5073,2.6677
2026-08-03 02:14:00,84.3729,51.3002,2.3705
2026-08-03 02:15:00,83.9104,49.3265,2.7150
2026-08-03 02:16:00,83.9776,49.7922,2.5917
2026-08-03 02:17:00,84.0579,49.3421,2.7280
2026-08-03 02:18:00,83.7079,49.0208,2.6438
2026-08-03 02:19:00,83.9840,49.3572,2.5074
2026-08-03 02:20:00,84.1204,49.1911,2.6526
2026-08-03 02:21:00,83.9388,47.9691,2.5669
2026-08-03 02:22:00,83.9510,49.3584,2.5411
2026-08-03 02:23:00,84.0001,49.0765,2.7566
2026-08-03 02:24:00,83.7828,49.3227,2.7155
2026-08-03 02:25:00,84.1602,48.9737,2.8324
2026-08-03 02:26:00,84.3570,48.7103,2.6494
2026-08-03 02:27:00,83.7600,49.6616,2.5985
2026-08-03 02:28:00,84.0179,49.3514,2.7646
2026-08-03 02:29:00,83.7734,50.0052,2.6231
2026-08-03 02:30:00,83.9278,49.2477,2.6811
2026-08-03 02:31:00,84.2607,48.6577,2.7701
2026-08-03 02:32:00,83.9162,49.2732,2.7103
2026-08-03 02:33:00,83.2042,47.1595,2.6792
2026-08-03 02:34:00,83.8450,50.3914,2.5929
2026-08-03 02:35:00,84.0512,48.8926,2.8317
2026-08-03 02:36:00,83.5873,50.3856,2.7059
2026-08-03 02:37:00,83.9249,47.9077,2.8090
2026-08-03 02:38:00,83.3916,47.6744,2.8002
2026-08-03 02:39:00,83.1254,48.8268,2.8649
2026-08-03 02:40:00,83.5858,48.7900,2.7363
2026-08-03 02:41:00,82.9888,48.7367,2.7289
2026-08-03 02:42:00,83.4162,48.5812,2.6565
2026-08-03 02:43:00,83.8466,47.8967,2.7165
2026-08-03 02:44:00,82.8600,47.1778,2.8082
2026-08-03 02:45:00,83.0215,48.5598,2.6955
2026-08-03 02:46:00,83.0682,47.2747,2.8117
2026-08-03 02:47:00,83.3313,47.1670,2.9295
2026-08-03 02:48:00,83.2131,47.9321,2.7408
2026-08-03 02:49:00,83.7152,48.5496,2.6562
2026-08-03 02:50:00,83.5544,49.7639,2.7484
2026-08-03 02:51:00,83.3894,48.9261,2.6494
2026-08-03 02:52:00,83.2573,49.2586,2.9269
2026-08-03 02:53:00,83.3045,48.6046,2.8035
2026-08-03 02:54:00,82.9009,48.3451,2.7235
2026-08-03 02:55:00,83.3898,50.0266,2.7414
2026-08-03 02:56:00,82.7722,46.9343,2.6801
2026-08-03 02:57:00,83.3298,47.6330,2.9002
2026-08-03 02:58:00,83.4085,47.6668,2.9833
2026-08-03 02:59:00,83.0895,48.6215,2.6505
2026-08-03 03:00:00,82.9471,47.0957,2.9043
2026-08-03 03:01:00,83.0940,48.4618,2.7753
2026-08-03 03:02:00,82.0895,48.2876,2.9263
2026-08-03 03:03:00,83.0129,48.4477,2.6157
2026-08-03 03:04:00,82.8626,48.4067,2.8209
2026-08-03 03:05:00,82.8560,48.9751,2.7566
2026-08-03 03:06:00,83.0579,47.6794,2.8622
2026-08-03 03:07:00,82.7985,48.1176,2.8011
2026-08-03 03:08:00,82.4541,47.0793,2.7957
2026-08-03 03:09:00,82.7291,46.8722,2.7811
2026-08-03 03:10:00,82.7674,49.0318,2.9460
2026-08-03 03:11:00,82.7575,46.9465,2.7701
2026-08-03 03:12:00,82.7477,48.0860,2.8717
2026-08-03 03:13:00,82.9872,47.9749,2.8456
2026-08-03 03:14:00,82.3262,48.4676,2.8690
2026-08-03 03:15:00,82.6816,46.1790,2.6757
2026-08-03 03:16:00,82.9930,48.1970,2.8448
2026-08-03 03:17:00,82.0630,47.4164,2.8045
2026-08-03 03:18:00,82.6150,46.9622,2.6484
2026-08-03 03:19:00,82.3635,47.2211,2.7424
2026-08-03 03:20:00,82.4061,48.2313,2.9892
2026-08-03 03:21:00,82.2245,47.9675,2.7166
2026-08-03 03:22:00,82.4240,47.2612,2.7148
2026-08-03 03:23:00,83.0064,46.4338,2.7923
2026-08-03 03:24:00,82.0543,46.4721,2.6886
2026-08-03 03:25:00,82.0626,47.9118,2.7521
2026-08-03 03:26:00,82.0031,46.2701,2.6883
2026-08-03 03:27:00,82.8925,47.1810,2.7684
2026-08-03 03:28:00,82.2165,49.4042,2.7168
2026-08-03 03:29:00,82.3288,47.6113,2.9128
2026-08-03 03:30:00,82.1973,47.8222,2.7167
2026-08-03 03:31:00,82.0169,46.3647,2.6842
2026-08-03 03:32:00,82.2121,46.2174,2.8037
2026-08-03 03:33:00,83.0029,47.8221,2.5557
2026-08-03 03:34:00,82.6662,46.9462,2.8580
2026-08-03 03:35:00,81.9763,48.0981,2.5838
2026-08-03 03:36:00,82.4105,47.2613,2.7956
2026-08-03 03:37:00,81.9512,49.9800,2.8156
2026-08-03 03:38:00,81.6526,46.7457,2.6108
2026-08-03 03:39:00,82.4766,47.4239,2.6138
2026-08-03 03:40:00,82.5045,46.4669,2.6391
2026-08-03 03:41:00,82.4564,47.9980,2.7053
2026-08-03 03:42:00,81.9882,47.5153,2.5364
2026-08-03 03:43:00,82.0661,46.3850,2.6182
2026-08-03 03:44:00,82.3286,46.8917,2.5907
2026-08-03 03:45:00,82.2090,48.2351,2.4997
2026-08-03 03:46:00,81.9619,48.1316,2.5030
2026-08-03 03:47:00,81.5831,45.9918,2.6130
2026-08-03 03:48:00,82.0924,46.7442,2.6038
2026-08-03 03:49:00,82.3717,48.5682,2.5088
2026-08-03 03:50:00,81.6790,46.9719,2.5856
2026-08-03 03:51:00,82.2207,47.2475,2.5053
2026-08-03 03:52:00,82.1199,47.9180,2.6931
2026-08-03 03:53:00,82.2372,46.0269,2.5444
2026-08-03 03:54:00,82.2661,46.3375,2.6567
2026-08-03 03:55:00,81.7889,46.8275,2.3699
2026-08-03 03:56:00,81.5055,48.0478,2.5636
2026-08-03 03:57:00,81.8243,47.8981,2.5831
2026-08-03 03:58:00,82.2454,47.6568,2.5019
2026-08-03 03:59:00,81.8109,46.9689,2.4540
2026-08-03 04:00:00,81.7607,47.9837,2.4846
2026-08-03 04:01:00,81.4184,46.9581,2.5664
2026-08-03 04:02:00,82.4870,47.5434,2.3632
2026-08-03 04:03:00,82.2059,47.8119,2.5465
2026-08-03 04:04:00,82.1867,48.4416,2.5005
2026-08-03 04:05:00,82.2441,47.0414,2.4348
2026-08-03 04:06:00,82.1254,46.7992,2.4313
2026-08-03 04:07:00,81.8782,48.1286,2.4515
2026-08-03 04:08:00,81.9020,48.1939,2.6035
2026-08-03 04:09:00,81.8231,46.6661,2.4648
2026-08-03 04:10:00,82.7426,46.2216,2.3281
2026-08-03 04:11:00,82.1203,48.0863,2.3713
2026-08-03 04:12:00,81.8162,45.8036,2.2928
2026-08-03 04:13:00,82.0975,45.7691,2.2109
2026-08-03 04:14:00,81.6576,46.9156,2.2763
2026-08-03 04:15:00,82.4158,47.1396,2.3972
2026-08-03 04:16:00,81.7702,46.2176,2.5054
2026-08-03 04:17:00,82.1236,47.2515,2.4704
2026-08-03 04:18:00,82.2983,47.2961,2.2483
2026-08-03 04:19:00,82.0997,46.7080,2.2771
2026-08-03 04:20:00,82.0190,48.7290,2.2561
2026-08-03 04:21:00,82.0009,47.4564,2.0851
2026-08-03 04:22:00,81.9882,48.0263,2.3198
2026-08-03 04:23:00,81.8403,45.9700,2.4104
2026-08-03 04:24:00,81.8871,45.9750,2.2984
2026-08-03 04:25:00,82.4750,47.5273,2.1906
2026-08-03 04:26:00,82.0084,48.6560,2.2267
2026-08-03 04:27:00,81.8156,46.3775,2.2723
2026-08-03 04:28:00,81.9073,47.3140,2.3763
2026-08-03 04:29:00,82.4038,46.2255,2.2752
2026-08-03 04:30:00,82.2885,46.6535,2.3514
2026-08-03 04:31:00,82.2665,47.3981,2.2743
2026-08-03 04:32:00,82.0343,46.8653,2.3007
2026-08-03 04:33:00,82.2974,46.2312,2.1779
2026-08-03 04:34:00,81.9466,46.2299,2.1983
2026-08-03 04:35:00,82.0766,45.8006,2.1364
2026-08-03 04:36:00,82.4609,47.7082,2.3175
2026-08-03 04:37:00,82.4482,47.8231,2.2236
2026-08-03 04:38:00,81.9079,47.8376,1.8886
2026-08-03 04:39:00,81.9629,46.6552,2.2923
2026-08-03 04:40:00,82.2698,48.2067,2.3376
2026-08-03 04:41:00,82.7732,47.9872,2.1552
2026-08-03 04:42:00,81.6995,47.4479,2.2807
2026-08-03 04:43:00,82.3769,47.3374,2.2083
2026-08-03 04:44:00,81.9004,46.9647,2.0142
2026-08-03 04:45:00,82.1433,47.6593,2.4181
2026-08-03 04:46:00,82.2451,48.8214,2.1996
2026-08-03 04:47:00,82.2497,48.4604,2.2373
2026-08-03 04:48:00,82.2377,47.3680,2.1522
2026-08-03 04:49:00,82.4225,48.0271,2.1828
2026-08-03 04:50:00,82.2827,46.7388,2.2264
2026-08-03 04:51:00,82.0281,48.2281,2.1040
2026-08-03 04:52:00,82.7248,47.0039,2.3760
2026-08-03 04:53:00,82.7412,48.2457,2.2888
2026-08-03 04:54:00,82.7934,50.0940,2.2554
2026-08-03 04:55:00,82.1037,47.2885,2.1884
2026-08-03 04:56:00,82.6816,50.1088,2.1255
2026-08-03 04:57:00,82.8213,48.1895,2.3039
2026-08-03 04:58:00,82.3361,47.2242,2.2615
2026-08-03 04:59:00,82.6757,47.2147,2.1602
2026-08-03 05:00:00,82.6661,49.7706,2.0915
2026-08-03 05:01:00,83.2820,48.3010,2.0425
2026-08-03 05:02:00,83.3357,47.4820,2.2033
2026-08-03 05:03:00,82.2884,47.8008,2.1760
2026-08-03 05:04:00,83.5657,48.3372,2.3202
2026-08-03 05:05:00,82.5732,48.0150,2.3018
2026-08-03 05:06:00,83.1727,48.3284,2.2076
2026-08-03 05:07:00,83.2008,49.5006,2.1969
2026-08-03 05:08:00,82.6425,47.2097,2.0913
2026-08-03 05:09:00,83.1212,48.6584,2.3144
2026-08-03 05:10:00,82.9734,48.1154,2.2045
2026-08-03 05:11:00,83.2048,47.8058,2.2729
2026-08-03 05:12:00,83.1410,49.0944,2.3324
2026-08-03 05:13:00,83.4644,47.0994,2.1606
2026-08-03 05:14:00,83.1621,46.4076,2.1371
2026-08-03 05:15:00,83.1236,48.5129,2.4697
2026-08-03 05:16:00,83.5376,48.2555,2.2854
2026-08-03 05:17:00,83.4181,47.3169,2.2014
2026-08-03 05:18:00,83.4991,47.0641,2.3567
2026-08-03 05:19:00,83.1161,50.0106,2.2055
2026-08-03 05:20:00,83.0382,48.8704,2.2727
2026-08-03 05:21:00,83.2181,48.5499,2.1874
2026-08-03 05:22:00,83.2391,50.3247,2.2467
2026-08-03 05:23:00,83.6985,49.4208,2.2254
2026-08-03 05:24:00,83.7931,50.0534,2.1821
2026-08-03 05:25:00,83.4917,47.7292,2.2863
2026-08-03 05:26:00,84.0057,47.7346,2.2030
2026-08-03 05:27:00,84.0256,49.2377,2.3295
2026-08-03 05:28:00,83.7269,49.1114,2.2466
2026-08-03 05:29:00,83.4464,49.8155,2.1104
2026-08-03 05:30:00,84.2050,47.5473,2.3500
2026-08-03 05:31:00,83.7537,49.4512,2.3573
2026-08-03 05:32:00,83.8498,49.7163,2.5246
2026-08-03 05:33:00,83.7502,49.7106,2.3069
2026-08-03 05:34:00,83.6256,48.6732,2.3295
2026-08-03 05:35:00,83.4926,49.4506,2.3652
2026-08-03 05:36:00,84.1639,48.4524,2.4256
2026-08-03 05:37:00,83.7801,48.8760,2.4258
2026-08-03 05:38:00,84.9743,48.3136,2.3685
2026-08-03 05:39:00,83.7722,48.5787,2.3400
2026-08-03 05:40:00,83.7625,49.0308,2.4343
2026-08-03 05:41:00,84.3346,48.8688,2.3494
2026-08-03 05:42:00,84.6824,48.6926,2.2349
2026-08-03 05:43:00,84.2852,48.2982,2.2207
2026-08-03 05:44:00,84.4799,50.9451,2.3487
2026-08-03 05:45:00,83.7977,49.0143,2.3972
2026-08-03 05:46:00,84.1901,49.7173,2.6397
2026-08-03 05:47:00,84.1141,48.0848,2.3879
2026-08-03 05:48:00,83.9106,50.6168,2.4120
2026-08-03 05:49:00,84.5572,49.7033,2.3744
2026-08-03 05:50:00,83.8924,49.2533,2.4842
2026-08-03 05:51:00,84.2118,49.2993,2.4580
2026-08-03 05:52:00,84.4906,50.3819,2.3738
2026-08-03 05:53:00,84.4457,47.3630,2.3442
2026-08-03 05:54:00,84.8575,49.1053,2.4128
2026-08-03 05:55:00,84.8737,49.7085,2.3765
2026-08-03 05:56:00,85.0937,49.7385,2.4455
2026-08-03 05:57:00,85.0949,51.8865,2.4906
2026-08-03 05:58:00,85.2550,49.6514,2.4342
2026-08-03 05:59:00,84.9558,50.7529,2.6376
2026-08-03 06:00:00,85.5481,51.4493,2.6159
2026-08-03 06:01:00,85.6542,50.5758,2.4849
2026-08-03 06:02:00,85.5868,49.5395,2.4193
2026-08-03 06:03:00,85.4688,49.0902,2.5206
2026-08-03 06:04:00,85.5318,50.7533,2.5180
2026-08-03 06:05:00,85.4298,51.5122,2.5329
2026-08-03 06:06:00,85.8450,50.6721,2.5071
2026-08-03 06:07:00,85.7338,51.2613,2.4497
2026-08-03 06:08:00,85.6064,52.3871,2.5659
2026-08-03 06:09:00,85.6500,51.0225,2.5349
2026-08-03 06:10:00,85.5287,49.5111,2.5515
2026-08-03 06:11:00,86.2286,50.4713,2.5946
2026-08-03 06:12:00,86.0016,51.5655,2.5858
2026-08-03 06:13:00,85.7621,50.3090,2.6074
2026-08-03 06:14:00,86.3063,51.7513,2.5678
2026-08-03 06:15:00,85.9382,50.5317,2.6508
2026-08-03 06:16:00,85.7269,50.8912,2.5502
2026-08-03 06:17:00,86.4976,50.3815,2.5204
2026-08-03 06:18:00,86.0723,50.8280,2.5472
2026-08-03 06:19:00,86.1529,50.9084,2.5755
2026-08-03 06:20:00,86.3298,49.4896,2.5212
2026-08-03 06:21:00,86.7019,50.4610,2.4875
2026-08-03 06:22:00,86.4066,49.8655,2.7137
2026-08-03 06:23:00,86.0822,50.5639,2.7973
2026-08-03 06:24:00,86.6462,50.2909,2.7321
2026-08-03 06:25:00,86.3784,51.7738,2.6343
2026-08-03 06:26:00,87.1309,51.8201,2.5172
2026-08-03 06:27:00,86.6046,51.4866,2.7140
2026-08-03 06:28:00,85.9746,50.0610,2.5400
2026-08-03 06:29:00,86.7923,51.0332,2.6978
2026-08-03 06:30:00,87.3081,50.0703,2.6322
2026-08-03 06:31:00,87.2369,51.0664,2.4896
2026-08-03 06:32:00,87.3525,51.7381,2.8710
2026-08-03 06:33:00,86.5361,52.0497,2.6025
2026-08-03 06:34:00,87.1543,51.6698,2.6976
2026-08-03 06:35:00,86.7023,52.3336,2.7251
2026-08-03 06:36:00,87.0241,51.5698,2.6957
2026-08-03 06:37:00,86.6125,51.2100,2.7937
2026-08-03 06:38:00,86.8384,52.1304,2.6775
2026-08-03 06:39:00,86.8658,52.1910,2.7940
2026-08-03 06:40:00,87.3749,51.0807,2.7917
2026-08-03 06:41:00,87.3818,51.8371,2.6259
2026-08-03 06:42:00,87.2606,51.3320,2.7909
2026-08-03 06:43:00,86.8079,49.9940,2.6654
2026-08-03 06:44:00,87.1548,51.9860,2.6575
2026-08-03 06:45:00,87.0593,50.6311,2.8062
2026-08-03 06:46:00,87.5785,51.9618,2.7392
2026-08-03 06:47:00,87.7051,50.5032,2.8201
2026-08-03 06:48:00,87.7022,51.1876,2.8235
2026-08-03 06:49:00,87.1920,51.4481,2.6448
2026-08-03 06:50:00,86.6295,52.7877,2.8638
2026-08-03 06:51:00,86.9537,51.4305,2.8202
2026-08-03 06:52:00,87.9423,51.0280,2.7348
2026-08-03 06:53:00,87.4270,52.2098,2.7814
2026-08-03 06:54:00,87.3534,51.7748,2.8732
2026-08-03 06:55:00,88.1021,52.6105,2.7655
2026-08-03 06:56:00,88.0191,51.1979,3.0099
2026-08-03 06:57:00,87.6767,52.2051,2.9481
2026-08-03 06:58:00,87.6107,54.0407,2.8113
2026-08-03 06:59:00,87.6880,51.9019,2.7771
2026-08-03 07:00:00,87.8243,52.2707,2.7815
2026-08-03 07:01:00,88.2641,50.8201,2.7398
2026-08-03 07:02:00,87.9383,51.4937,2.8121
2026-08-03 07:03:00,88.0564,52.5707,2.8678
2026-08-03 07:04:00,88.2159,51.9655,2.6634
2026-08-03 07:05:00,87.5402,52.7471,2.8617
2026-08-03 07:06:00,88.1431,52.6212,2.8897
2026-08-03 07:07:00,87.8533,51.2521,2.8522
2026-08-03 07:08:00,87.2114,53.1437,2.7804
2026-08-03 07:09:00,87.3518,51.3618,2.8448
2026-08-03 07:10:00,87.7083,51.7681,2.9197
2026-08-03 07:11:00,88.1961,52.5873,2.7818
2026-08-03 07:12:00,88.0934,53.6807,2.7877
2026-08-03 07:13:00,88.1365,51.6468,2.9960
2026-08-03 07:14:00,88.6879,52.5905,2.8108
2026-08-03 07:15:00,87.7428,52.6192,2.6764
2026-08-03 07:16:00,88.1356,53.0419,2.8614
2026-08-03 07:17:00,88.2550,53.4844,2.8110
2026-08-03 07:18:00,87.9621,52.2347,2.7018
2026-08-03 07:19:00,88.2102,53.3877,2.6532
2026-08-03 07:20:00,87.7399,53.6623,2.7837
2026-08-03 07:21:00,88.6605,54.0447,2.7498
2026-08-03 07:22:00,88.0501,53.0380,2.6272
2026-08-03 07:23:00,88.8806,52.7809,2.7384
2026-08-03 07:24:00,88.2774,52.2934,2.7276
2026-08-03 07:25:00,88.6110,51.5234,2.7318
2026-08-03 07:26:00,88.3014,52.4854,2.7823
2026-08-03 07:27:00,88.3225,52.8143,2.5519
2026-08-03 07:28:00,88.1703,52.6530,2.6117
2026-08-03 07:29:00,88.3944,53.2345,2.6689
2026-08-03 07:30:00,88.4667,51.6083,2.8447
2026-08-03 07:31:00,88.1481,52.6408,2.9433
2026-08-03 07:32:00,88.3573,54.3966,2.7012
2026-08-03 07:33:00,88.2227,53.6111,2.6994
2026-08-03 07:34:00,89.1060,53.3209,2.4445
2026-08-03 07:35:00,88.3990,53.1533,2.7731
2026-08-03 07:36:00,88.8987,52.5608,2.7213
2026-08-03 07:37:00,88.3851,51.4618,2.6982
2026-08-03 07:38:00,88.5297,53.2422,2.5388
2026-08-03 07:39:00,88.0630,50.9286,2.8547
2026-08-03 07:40:00,88.3323,52.6373,2.8021
2026-08-03 07:41:00,88.5359,52.9048,2.6726
2026-08-03 07:42:00,88.9544,52.5594,2.7354
2026-08-03 07:43:00,88.5504,54.6631,2.6343
2026-08-03 07:44:00,88.9037,54.3939,2.7041
2026-08-03 07:45:00,88.6849,53.7686,2.4841
2026-08-03 07:46:00,88.9845,52.2095,2.3801
2026-08-03 07:47:00,88.4815,54.4938,2.4732
2026-08-03 07:48:00,89.2188,53.4582,2.5121
2026-08-03 07:49:00,88.3580,52.2154,2.5208
2026-08-03 07:50:00,88.2750,53.0005,2.6225
2026-08-03 07:51:00,88.1427,53.7461,2.5443
2026-08-03 07:52:00,89.2052,52.5045,2.5595
2026-08-03 07:53:00,88.7514,53.0998,2.4362
2026-08-03 07:54:00,88.4045,53.2439,2.4198
2026-08-03 07:55:00,88.8780,52.1129,2.5433
2026-08-03 07:56:00,88.7077,52.7798,2.4771
2026-08-03 07:57:00,89.0887,52.1773,2.5240
2026-08-03 07:58:00,88.0315,53.6939,2.5701
2026-08-03 07:59:00,88.4127,52.2733,2.6718
2026-08-03 08:00:00,88.3494,53.2334,2.4980
2026-08-03 08:01:00,87.8914,51.8876,2.6735
2026-08-03 08:02:00,88.7965,52.0922,2.5249
2026-08-03 08:03:00,88.3916,52.0522,2.5454
2026-08-03 08:04:00,88.6884,52.7642,2.5739
2026-08-03 08:05:00,89.1678,53.1379,2.5328
2026-08-03 08:06:00,88.3466,53.2826,2.3729
2026-08-03 08:07:00,88.3186,51.5696,2.5536
2026-08-03 08:08:00,88.4723,52.8487,2.4002
2026-08-03 08:09:00,88.7241,52.3787,2.4601
2026-08-03 08:10:00,88.2487,53.4017,2.4356
2026-08-03 08:11:00,88.2198,52.7548,2.5292
2026-08-03 08:12:00,88.7160,52.8984,2.4466
2026-08-03 08:13:00,88.5018,52.3607,2.2612
2026-08-03 08:14:00,87.7637,54.3295,2.6017
2026-08-03 08:15:00,87.9979,51.9155,2.4687
2026-08-03 08:16:00,88.8038,52.6147,2.3229
2026-08-03 08:17:00,88.4615,53.0121,2.2571
2026-08-03 08:18:00,88.0993,52.7160,2.4587
2026-08-03 08:19:00,88.2634,52.2965,2.2549
2026-08-03 08:20:00,88.3046,51.4484,2.4301
2026-08-03 08:21:00,88.5071,52.3342,2.4502
2026-08-03 08:22:00,87.8641,52.1090,2.2716
2026-08-03 08:23:00,88.0042,54.2084,2.2562
2026-08-03 08:24:00,88.3228,54.6649,2.2766
2026-08-03 08:25:00,88.1949,52.8002,2.2185
2026-08-03 08:26:00,88.3800,51.7041,2.3342
2026-08-03 08:27:00,87.8228,53.4050,2.3424
2026-08-03 08:28:00,88.2816,52.0159,2.3720
2026-08-03 08:29:00,88.4844,52.3471,2.2102
2026-08-03 08:30:00,88.2850,52.2686,2.3719
2026-08-03 08:31:00,88.1623,52.3560,2.1836
2026-08-03 08:32:00,88.0731,52.4569,2.3610
2026-08-03 08:33:00,87.8323,51.6736,2.1232
2026-08-03 08:34:00,88.0418,52.1461,2.4236
2026-08-03 08:35:00,88.4215,53.5066,2.2098
2026-08-03 08:36:00,87.9878,52.6462,2.3172
2026-08-03 08:37:00,87.7361,52.7552,2.3206
2026-08-03 08:38:00,87.8346,50.8507,2.1214
2026-08-03 08:39:00,88.0214,53.3757,2.3277
2026-08-03 08:40:00,87.8277,52.0497,2.1851
2026-08-03 08:41:00,88.0636,53.4774,2.2057
2026-08-03 08:42:00,88.0528,52.6813,2.1657
2026-08-03 08:43:00,88.1404,52.0875,2.3906
2026-08-03 08:44:00,88.2781,51.1738,2.1089
2026-08-03 08:45:00,88.1270,54.2343,2.2659
2026-08-03 08:46:00,87.5248,53.1150,2.1576
2026-08-03 08:47:00,87.5106,53.1404,2.3263
2026-08-03 08:48:00,87.7353,53.8821,2.4468
2026-08-03 08:49:00,87.5987,52.5830,2.1493
2026-08-03 08:50:00,87.3684,53.4620,2.2242
2026-08-03 08:51:00,87.5531,51.9731,2.1698
2026-08-03 08:52:00,87.5186,52.9215,2.3104
2026-08-03 08:53:00,87.4346,51.8024,2.1802
2026-08-03 08:54:00,87.5164,51.8781,2.2942
2026-08-03 08:55:00,87.9394,52.3331,2.1628
2026-08-03 08:56:00,87.6203,51.2155,2.4260
2026-08-03 08:57:00,88.2764,52.4665,1.9818
2026-08-03 08:58:00,87.5603,51.9266,2.2381
2026-08-03 08:59:00,87.3962,50.5589,2.1990
2026-08-03 09:00:00,87.4583,51.7552,2.1953
2026-08-03 09:01:00,87.5078,51.8173,2.2286
2026-08-03 09:02:00,87.5350,52.7473,2.2063
2026-08-03 09:03:00,88.0009,52.2646,2.2228
2026-08-03 09:04:00,87.0976,53.1654,2.2425
2026-08-03 09:05:00,87.5822,52.3941,2.3775
2026-08-03 09:06:00,87.3599,51.5052,1.9271
2026-08-03 09:07:00,86.7992,51.8716,2.3897
2026-08-03 09:08:00,87.4747,51.6095,2.4625
2026-08-03 09:09:00,87.5965,52.2477,2.0332
2026-08-03 09:10:00,86.9318,51.8741,2.2150
2026-08-03 09:11:00,87.1590,51.2921,2.3495
2026-08-03 09:12:00,86.6166,51.7702,2.3065
2026-08-03 09:13:00,86.7292,52.1004,2.3848
2026-08-03 09:14:00,87.3937,50.8941,2.2571
2026-08-03 09:15:00,86.9118,51.9203,2.0196
2026-08-03 09:16:00,86.6915,50.3710,2.3564
2026-08-03 09:17:00,87.0654,52.4853,2.2928
2026-08-03 09:18:00,86.8122,51.9892,2.3793
2026-08-03 09:19:00,86.8000,52.8373,2.0830
2026-08-03 09:20:00,87.1355,50.6067,2.1186
2026-08-03 09:21:00,86.5375,52.3726,2.2459
2026-08-03 09:22:00,86.5868,52.1801,2.3817
2026-08-03 09:23:00,86.8771,51.2511,2.4139
2026-08-03 09:24:00,87.0941,51.0607,2.1847
2026-08-03 09:25:00,87.1472,50.4587,2.2214
2026-08-03 09:26:00,86.5487,50.2149,2.5541
2026-08-03 09:27:00,87.0020,50.6550,2.2166
2026-08-03 09:28:00,86.4582,50.2156,2.3446
2026-08-03 09:29:00,87.2140,52.4608,2.2372
2026-08-03 09:30:00,86.2988,49.9464,2.3353
2026-08-03 09:31:00,87.0103,51.2308,2.2069
2026-08-03 09:32:00,86.3878,51.4237,2.2155
2026-08-03 09:33:00,87.1617,51.3244,2.2681
2026-08-03 09:34:00,86.7083,51.3577,2.2567
2026-08-03 09:35:00,86.1993,51.7214,2.2870
2026-08-03 09:36:00,86.3208,50.5703,2.3762
2026-08-03 09:37:00,86.6854,50.9597,2.5191
2026-08-03 09:38:00,86.7404,50.6172,2.2776
2026-08-03 09:39:00,86.3772,51.8563,2.2444
2026-08-03 09:40:00,86.3857,52.4563,2.3510
2026-08-03 09:41:00,86.5738,49.7833,2.2717
2026-08-03 09:42:00,86.3601,49.0755,2.2003
2026-08-03 09:43:00,85.9069,51.1174,2.4773
2026-08-03 09:44:00,86.0256,51.4800,2.3860
2026-08-03 09:45:00,86.3147,52.1509,2.4030
2026-08-03 09:46:00,86.5837,51.1370,2.1998
2026-08-03 09:47:00,86.6790,51.6247,2.3414
2026-08-03 09:48:00,86.4033,51.7974,2.2657
2026-08-03 09:49:00,86.2311,51.6023,2.4127
2026-08-03 09:50:00,86.3453,51.0965,2.4358
2026-08-03 09:51:00,85.8965,49.3268,2.4433
2026-08-03 09:52:00,86.0267,50.3069,2.3709
2026-08-03 09:53:00,85.8018,50.5145,2.3600
2026-08-03 09:54:00,85.6509,50.1555,2.4337
2026-08-03 09:55:00,86.1024,50.1657,2.4965
2026-08-03 09:56:00,86.0351,51.4108,2.4107
2026-08-03 09:57:00,86.1630,49.5123,2.3827
2026-08-03 09:58:00,86.0981,50.7178,2.3948
2026-08-03 09:59:00,85.9848,50.2924,2.4263
2026-08-03 10:00:00,86.0571,49.3140,2.4547
2026-08-03 10:01:00,85.8556,49.0995,2.3980
2026-08-03 10:02:00,85.9709,48.5604,2.4711
2026-08-03 10:03:00,85.6080,50.2707,2.6472
2026-08-03 10:04:00,85.9159,49.7924,2.5019
2026-08-03 10:05:00,85.9849,49.1432,2.4153
2026-08-03 10:06:00,85.5632,48.2637,2.3211
2026-08-03 10:07:00,85.7596,50.0717,2.7383
2026-08-03 10:08:00,85.5373,49.5474,2.6763
2026-08-03 10:09:00,85.5470,49.0764,2.5985
2026-08-03 10:10:00,85.3484,48.8372,2.6939
2026-08-03 10:11:00,86.0468,49.3787,2.6380
2026-08-03 10:12:00,85.9682,49.9067,2.5851
2026-08-03 10:13:00,85.7916,49.2280,2.4761
2026-08-03 10:14:00,86.2041,48.5025,2.7984
2026-08-03 10:15:00,85.5381,49.3682,2.5711
2026-08-03 10:16:00,86.4872,50.2127,2.5838
2026-08-03 10:17:00,85.4925,49.3701,2.6329
2026-08-03 10:18:00,85.6207,49.3544,2.6417
2026-08-03 10:19:00,85.4086,49.0010,2.7006
2026-08-03 10:20:00,85.6237,48.5118,2.6960
2026-08-03 10:21:00,85.7470,48.4474,2.5991
2026-08-03 10:22:00,85.4469,47.8185,2.6660
2026-08-03 10:23:00,85.9992,50.0554,2.7242
2026-08-03 10:24:00,85.5233,49.4429,2.6101
2026-08-03 10:25:00,85.5185,49.1017,2.8273
2026-08-03 10:26:00,85.1507,49.2350,2.6868
2026-08-03 10:27:00,85.5354,49.2333,2.8547
2026-08-03 10:28:00,85.3565,48.3373,2.5615
2026-08-03 10:29:00,85.2013,48.6281,2.7720
2026-08-03 10:30:00,85.1383,48.4726,2.6231
2026-08-03 10:31:00,86.1607,50.8249,2.6542
2026-08-03 10:32:00,85.2683,49.5960,2.8134
2026-08-03 10:33:00,84.8987,48.8783,2.7053
2026-08-03 10:34:00,85.1153,49.8013,2.9929
2026-08-03 10:35:00,85.2985,49.6649,2.7898
2026-08-03 10:36:00,85.4676,47.5336,2.6731
2026-08-03 10:37:00,85.4599,48.4249,2.7992
2026-08-03 10:38:00,85.4868,48.5555,2.7279
2026-08-03 10:39:00,85.0810,49.0234,2.8390
2026-08-03 10:40:00,85.3676,48.3208,2.7302
2026-08-03 10:41:00,84.9940,48.3873,2.8043
2026-08-03 10:42:00,85.0626,48.0634,2.7871
2026-08-03 10:43:00,84.9652,49.2383,2.7786
2026-08-03 10:44:00,84.8764,47.2114,2.8782
2026-08-03 10:45:00,85.5450,47.9914,2.5968
2026-08-03 10:46:00,85.4254,46.8258,2.7898
2026-08-03 10:47:00,85.5053,47.4449,2.7127
2026-08-03 10:48:00,85.2179,48.4904,2.6505
2026-08-03 10:49:00,85.4332,48.4739,2.7039
2026-08-03 10:50:00,84.6663,47.9232,2.7278
2026-08-03 10:51:00,85.4484,49.0419,2.7682
2026-08-03 10:52:00,85.2378,49.1953,2.8272
2026-08-03 10:53:00,85.3683,48.0263,2.8492
2026-08-03 10:54:00,85.2900,48.2520,2.7554
2026-08-03 10:55:00,84.8761,47.6599,2.9559
2026-08-03 10:56:00,84.7193,48.4941,2.7612
2026-08-03 10:57:00,84.9519,47.0083,2.6044
2026-08-03 10:58:00,85.3322,49.3716,2.7651
2026-08-03 10:59:00,85.3673,48.8186,2.8046
2026-08-03 11:00:00,84.2906,46.9195,2.4727
2026-08-03 11:01:00,84.4048,47.2199,2.9206
2026-08-03 11:02:00,84.4806,48.1609,2.7897
2026-08-03 11:03:00,84.5891,47.5264,2.6838
2026-08-03 11:04:00,84.2868,48.2062,2.7023
2026-08-03 11:05:00,84.2682,47.4570,2.8736
2026-08-03 11:06:00,84.4479,48.9386,2.8847
2026-08-03 11:07:00,84.7203,47.7001,2.7301
2026-08-03 11:08:00,84.3405,49.6050,2.6579
2026-08-03 11:09:00,84.6606,48.1262,2.8048
2026-08-03 11:10:00,85.0137,46.5404,2.8212
2026-08-03 11:11:00,84.3068,49.2654,2.8442
2026-08-03 11:12:00,84.6368,48.4519,2.7290
2026-08-03 11:13:00,85.0079,47.8542,2.7706
2026-08-03 11:14:00,84.5770,48.0449,2.7821
2026-08-03 11:15:00,84.5326,46.5544,2.8738
2026-08-03 11:16:00,85.0563,46.0405,2.9070
2026-08-03 11:17:00,84.6181,47.4294,2.9308
2026-08-03 11:18:00,85.0444,48.5451,2.8976
2026-08-03 11:19:00,84.8450,47.7383,2.9450
2026-08-03 11:20:00,84.6170,48.7693,2.8611
2026-08-03 11:21:00,84.8675,48.4395,2.6969
2026-08-03 11:22:00,84.8238,47.3800,2.9050
2026-08-03 11:23:00,85.0382,48.2920,2.6096
2026-08-03 11:24:00,84.5719,48.5451,2.9792
2026-08-03 11:25:00,84.7534,47.2452,2.6405
2026-08-03 11:26:00,84.7275,47.1212,2.8219
2026-08-03 11:27:00,84.9623,47.3879,2.8725
2026-08-03 11:28:00,84.4488,45.3298,2.7689
2026-08-03 11:29:00,85.0670,47.4680,2.5126
2026-08-03 11:30:00,84.9075,47.8047,2.6173
2026-08-03 11:31:00,84.3785,47.3292,2.7422
2026-08-03 11:32:00,85.1421,47.4750,2.7643
2026-08-03 11:33:00,85.4561,47.1506,2.6770
2026-08-03 11:34:00,85.0929,45.5745,2.6962
2026-08-03 11:35:00,85.2270,48.4893,2.5357
2026-08-03 11:36:00,84.8313,46.8526,2.8538
2026-08-03 11:37:00,84.3142,46.6407,2.6321
2026-08-03 11:38:00,84.2665,48.2099,2.7423
2026-08-03 11:39:00,84.9034,47.8956,2.7971
2026-08-03 11:40:00,84.6567,47.3207,2.5345
2026-08-03 11:41:00,84.5674,47.7078,2.6559
2026-08-03 11:42:00,84.8305,46.1589,2.6640
2026-08-03 11:43:00,85.0417,47.0093,2.6033
2026-08-03 11:44:00,84.4291,48.1014,2.7148
2026-08-03 11:45:00,84.7382,46.5159,2.5481
2026-08-03 11:46:00,85.3338,46.2516,2.6130
2026-08-03 11:47:00,84.5664,47.1062,2.5631
2026-08-03 11:48:00,85.1581,47.1186,2.8253
2026-08-03 11:49:00,84.7601,47.5491,2.5189
2026-08-03 11:50:00,85.0776,45.9231,2.6521
2026-08-03 11:51:00,85.2515,44.9813,2.7497
2026-08-03 11:52:00,85.1531,47.7534,2.4705
2026-08-03 11:53:00,85.2120,46.1462,2.5642
2026-08-03 11:54:00,84.6024,46.5213,2.4483
2026-08-03 11:55:00,85.2906,45.2598,2.3379
2026-08-03 11:56:00,84.7094,47.8224,2.4529
2026-08-03 11:57:00,85.0517,47.2826,2.4665
2026-08-03 11:58:00,85.0600,47.2492,2.4646
2026-08-03 11:59:00,85.1368,47.2430,2.4779
2026-08-03 12:00:00,85.1011,45.3519,2.5006
2026-08-03 12:01:00,84.7556,46.2121,2.3725
2026-08-03 12:02:00,84.6125,46.6396,2.5195
2026-08-03 12:03:00,85.2879,46.4033,2.5978
2026-08-03 12:04:00,85.0906,46.7869,2.6017
2026-08-03 12:05:00,85.3883,47.2034,2.4348
2026-08-03 12:06:00,85.0387,47.8144,2.5425
2026-08-03 12:07:00,84.6392,45.8284,2.3772
2026-08-03 12:08:00,85.3591,47.0094,2.4033
2026-08-03 12:09:00,84.9666,47.5900,2.4698
2026-08-03 12:10:00,85.1888,46.2864,2.3889
2026-08-03 12:11:00,84.9003,46.8768,2.2884
2026-08-03 12:12:00,85.5961,47.4102,2.4906
2026-08-03 12:13:00,84.8481,47.0523,2.3170
2026-08-03 12:14:00,85.0179,47.5896,2.3405
2026-08-03 12:15:00,85.1594,47.1334,2.4910
2026-08-03 12:16:00,84.8075,46.8161,2.4317
2026-08-03 12:17:00,85.2421,46.1358,2.3885
2026-08-03 12:18:00,85.6342,47.2806,2.2169
2026-08-03 12:19:00,85.0111,47.1723,2.2405
2026-08-03 12:20:00,85.2843,46.3080,2.3897
2026-08-03 12:21:00,84.3483,47.5783,2.4063
2026-08-03 12:22:00,85.1686,48.1379,2.3619
2026-08-03 12:23:00,85.0934,46.6069,2.2827
2026-08-03 12:24:00,84.9487,46.5647,2.2730
2026-08-03 12:25:00,85.5255,46.5479,2.3390
2026-08-03 12:26:00,85.1098,45.8291,2.1860
2026-08-03 12:27:00,85.1609,48.7890,2.3143
2026-08-03 12:28:00,85.1072,46.8402,2.1604
2026-08-03 12:29:00,84.6514,46.5268,2.1882
2026-08-03 12:30:00,84.8928,46.3269,2.3057
2026-08-03 12:31:00,85.5264,46.9333,2.3407
2026-08-03 12:32:00,84.6106,46.7032,2.3112
2026-08-03 12:33:00,85.0190,48.4260,2.1604
2026-08-03 12:34:00,85.1341,46.2933,2.0798
2026-08-03 12:35:00,85.7820,46.0786,2.2612
2026-08-03 12:36:00,85.4942,47.7684,2.0674
2026-08-03 12:37:00,85.1010,47.2593,2.3472
2026-08-03 12:38:00,85.6637,47.1852,2.1403
2026-08-03 12:39:00,85.0542,47.8302,2.4676
2026-08-03 12:40:00,85.5829,47.5113,2.1440
2026-08-03 12:41:00,84.8760,47.3843,2.2827
2026-08-03 12:42:00,85.6089,46.3176,2.1590
2026-08-03 12:43:00,85.1682,46.1283,2.2124
2026-08-03 12:44:00,84.9842,46.9236,2.2443
2026-08-03 12:45:00,85.2302,46.6381,2.3089
2026-08-03 12:46:00,85.3808,47.7430,2.3219
2026-08-03 12:47:00,85.1511,46.1111,2.2899
2026-08-03 12:48:00,85.4674,47.2152,2.3184
2026-08-03 12:49:00,85.1278,47.4578,2.1507
2026-08-03 12:50:00,85.4899,47.5882,2.2751
2026-08-03 12:51:00,85.4374,47.9632,2.1742
2026-08-03 12:52:00,85.2870,47.4073,2.3052
2026-08-03 12:53:00,85.1731,47.1595,2.2166
2026-08-03 12:54:00,85.3510,48.7144,2.2657
2026-08-03 12:55:00,85.4703,47.4885,2.2317
2026-08-03 12:56:00,85.9232,48.9059,2.2777
2026-08-03 12:57:00,85.5855,47.5369,2.1202
2026-08-03 12:58:00,85.5952,47.8109,2.0432
2026-08-03 12:59:00,86.2275,47.7401,2.2990
2026-08-03 13:00:00,85.4538,48.0637,2.3345
2026-08-03 13:01:00,85.4422,47.5708,2.1885
2026-08-03 13:02:00,85.5055,48.0118,2.2815
2026-08-03 13:03:00,84.9888,49.1882,2.0380
2026-08-03 13:04:00,85.1552,48.8317,2.1395
2026-08-03 13:05:00,85.1330,48.8666,2.2108
2026-08-03 13:06:00,85.4753,46.9781,2.0302
2026-08-03 13:07:00,85.2246,47.1376,2.0521
2026-08-03 13:08:00,85.3139,48.2862,2.2224
2026-08-03 13:09:00,85.5938,48.7593,2.1477
2026-08-03 13:10:00,85.5213,47.7584,2.1756
2026-08-03 13:11:00,85.2084,47.6470,2.1717
2026-08-03 13:12:00,85.0500,49.3517,2.0863
2026-08-03 13:13:00,85.5854,48.8173,2.1955
2026-08-03 13:14:00,85.4704,49.1472,2.2186
2026-08-03 13:15:00,84.7495,47.9801,2.1646
2026-08-03 13:16:00,85.1302,47.9501,2.1758
2026-08-03 13:17:00,85.2662,49.1583,2.2088
2026-08-03 13:18:00,85.4422,48.2223,2.3147
2026-08-03 13:19:00,85.4733,47.9774,2.2269
2026-08-03 13:20:00,85.2768,47.7694,2.0476
2026-08-03 13:21:00,85.3582,48.1251,2.1248
2026-08-03 13:22:00,85.1925,49.2686,2.3416
2026-08-03 13:23:00,84.9614,47.3954,2.1842
2026-08-03 13:24:00,85.0751,49.1413,2.2484
2026-08-03 13:25:00,85.1488,48.1066,2.4545
2026-08-03 13:26:00,85.1219,48.5402,2.3300
2026-08-03 13:27:00,84.5556,48.6270,2.0570
2026-08-03 13:28:00,84.9905,48.6032,2.4215
2026-08-03 13:29:00,85.1148,48.5861,2.2974
2026-08-03 13:30:00,85.0014,48.4965,2.3248
2026-08-03 13:31:00,84.9992,48.4312,2.3239
2026-08-03 13:32:00,85.2068,49.9807,2.3906
2026-08-03 13:33:00,84.7235,48.9817,2.2972
2026-08-03 13:34:00,84.5452,48.8978,2.1630
2026-08-03 13:35:00,84.9153,48.5200,2.3497
2026-08-03 13:36:00,85.2347,48.7466,2.1855
2026-08-03 13:37:00,85.4972,48.5974,2.5117
2026-08-03 13:38:00,85.2106,49.7602,2.3004
2026-08-03 13:39:00,84.5202,48.5828,2.3381
2026-08-03 13:40:00,84.8754,47.4265,2.2824
2026-08-03 13:41:00,85.0062,49.3082,2.3908
2026-08-03 13:42:00,84.9662,49.0762,2.4092
2026-08-03 13:43:00,85.0581,48.8693,2.3030
2026-08-03 13:44:00,84.6043,50.1055,2.4233
2026-08-03 13:45:00,84.8817,47.2279,2.3920
2026-08-03 13:46:00,84.9707,50.7143,2.3829
2026-08-03 13:47:00,85.0744,50.3357,2.3247
2026-08-03 13:48:00,84.5668,49.0283,2.6387
2026-08-03 13:49:00,84.6865,49.2089,2.5331
2026-08-03 13:50:00,83.9601,50.0119,2.4952
2026-08-03 13:51:00,84.5657,50.0724,2.5426
2026-08-03 13:52:00,84.5754,49.1793,2.4676
2026-08-03 13:53:00,84.4071,48.4321,2.4104
2026-08-03 13:54:00,84.7427,51.4556,2.1888
2026-08-03 13:55:00,84.6559,50.5687,2.3389
2026-08-03 13:56:00,83.9743,49.9685,2.6851
2026-08-03 13:57:00,84.6959,50.0228,2.5925
2026-08-03 13:58:00,84.3316,50.4185,2.5045
2026-08-03 13:59:00,84.7344,50.5536,2.3344
2026-08-03 14:00:00,84.1824,48.3309,2.5635
2026-08-03 14:01:00,84.5540,49.7586,2.4800
2026-08-03 14:02:00,84.4379,49.7147,2.5855
2026-08-03 14:03:00,84.5913,49.9886,2.4123
2026-08-03 14:04:00,84.5151,50.7736,2.4824
2026-08-03 14:05:00,84.3782,48.7641,2.6277
2026-08-03 14:06:00,83.9706,49.1561,2.7397
2026-08-03 14:07:00,83.9649,49.7291,2.4888
2026-08-03 14:08:00,84.2093,50.4371,2.4624
2026-08-03 14:09:00,84.3581,51.0183,2.6723
2026-08-03 14:10:00,84.1540,51.6966,2.4517
2026-08-03 14:11:00,84.4997,50.2014,2.4664
2026-08-03 14:12:00,84.2039,51.1337,2.6193
2026-08-03 14:13:00,83.9734,51.0762,2.8087
2026-08-03 14:14:00,84.1546,50.9800,2.5226
2026-08-03 14:15:00,84.2807,50.5658,2.5778
2026-08-03 14:16:00,84.2851,50.3041,2.6332
2026-08-03 14:17:00,84.7257,49.8098,2.5819
2026-08-03 14:18:00,83.9359,49.7951,2.4595
2026-08-03 14:19:00,84.0887,51.0161,2.7233
2026-08-03 14:20:00,84.2126,50.7329,2.6686
2026-08-03 14:21:00,84.0517,50.4819,2.6934
2026-08-03 14:22:00,83.8823,51.3839,2.6492
2026-08-03 14:23:00,83.5413,50.7292,2.8212
2026-08-03 14:24:00,83.8263,50.1965,2.6259
2026-08-03 14:25:00,83.6308,50.7511,2.5749
2026-08-03 14:26:00,83.4082,51.6579,2.8552
2026-08-03 14:27:00,83.6606,50.2195,2.4750
2026-08-03 14:28:00,83.5582,51.2425,2.6854
2026-08-03 14:29:00,84.0204,51.0673,2.6990
2026-08-03 14:30:00,83.9985,50.5394,2.7007
2026-08-03 14:31:00,83.5198,50.9495,2.5625
2026-08-03 14:32:00,83.6855,49.9629,2.6044
2026-08-03 14:33:00,83.1788,51.3437,2.8239
2026-08-03 14:34:00,83.5605,50.1997,2.8717
2026-08-03 14:35:00,83.8010,52.1848,2.6963
2026-08-03 14:36:00,83.9013,51.2884,2.6496
2026-08-03 14:37:00,83.4123,50.9394,2.5688
2026-08-03 14:38:00,83.9142,52.3599,2.8457
2026-08-03 14:39:00,83.1163,50.6404,2.8558
2026-08-03 14:40:00,83.1691,50.9019,2.4787
2026-08-03 14:41:00,83.7287,50.0705,2.5213
2026-08-03 14:42:00,83.9895,52.6151,2.7810
2026-08-03 14:43:00,83.6086,53.0991,2.7974
2026-08-03 14:44:00,83.4208,50.2950,2.7263
2026-08-03 14:45:00,82.7468,51.0141,2.7739
2026-08-03 14:46:00,82.7711,51.7551,2.7554
2026-08-03 14:47:00,83.3891,51.3189,2.7854
2026-08-03 14:48:00,83.2154,51.7383,2.6952
2026-08-03 14:49:00,82.9637,51.7009,2.7864
2026-08-03 14:50:00,83.2877,52.1523,2.7223
2026-08-03 14:51:00,83.2754,51.0885,2.7159
2026-08-03 14:52:00,83.4970,52.0421,2.6068
2026-08-03 14:53:00,83.2275,51.0254,2.7774
2026-08-03 14:54:00,83.5281,51.6189,2.8766
2026-08-03 14:55:00,83.1350,50.5886,2.7649
2026-08-03 14:56:00,83.0713,51.6838,2.7630
2026-08-03 14:57:00,83.3985,51.5782,2.9246
2026-08-03 14:58:00,82.7591,52.8199,2.9021
2026-08-03 14:59:00,83.8706,52.0460,2.9734
2026-08-03 15:00:00,83.1126,52.2193,3.0257
2026-08-03 15:01:00,83.0881,52.1309,2.8058
2026-08-03 15:02:00,83.1055,50.4728,2.6839
2026-08-03 15:03:00,83.4853,50.6054,2.7470
2026-08-03 15:04:00,83.1343,51.9745,2.8557
2026-08-03 15:05:00,82.3897,52.4784,2.9414
2026-08-03 15:06:00,83.2670,52.0933,2.6914
2026-08-03 15:07:00,82.7187,51.6153,2.8205
2026-08-03 15:08:00,82.8283,52.1392,2.7142
2026-08-03 15:09:00,82.3877,52.0943,2.7770
2026-08-03 15:10:00,82.9050,53.0033,2.7736
2026-08-03 15:11:00,82.5276,52.9822,2.8258
2026-08-03 15:12:00,82.7291,51.9843,2.9885
2026-08-03 15:13:00,82.5902,52.4100,2.8303
2026-08-03 15:14:00,83.2295,52.6933,2.7371
2026-08-03 15:15:00,83.2236,52.8341,2.7177
2026-08-03 15:16:00,82.6200,53.8381,2.7550
2026-08-03 15:17:00,82.6026,52.5147,2.6836
2026-08-03 15:18:00,82.4491,53.4929,2.7813
2026-08-03 15:19:00,82.8709,51.6502,2.5225
2026-08-03 15:20:00,82.4187,52.0879,2.7387
2026-08-03 15:21:00,82.3695,50.9088,2.7426
2026-08-03 15:22:00,82.7684,52.7575,2.6355
2026-08-03 15:23:00,82.2926,53.1730,2.7090
2026-08-03 15:24:00,82.4223,50.6287,2.8547
2026-08-03 15:25:00,81.9391,52.8412,2.8572
2026-08-03 15:26:00,82.6050,53.1911,2.6798
2026-08-03 15:27:00,82.9565,53.1622,2.7805
2026-08-03 15:28:00,82.5716,51.7839,2.5731
2026-08-03 15:29:00,82.7750,53.3749,2.6880
2026-08-03 15:30:00,82.0643,52.7791,2.7352
2026-08-03 15:31:00,82.3711,53.2593,2.8592
2026-08-03 15:32:00,81.9996,52.7001,2.8200
2026-08-03 15:33:00,82.1971,53.1194,2.7157
2026-08-03 15:34:00,82.4803,53.7153,2.5976
2026-08-03 15:35:00,82.2627,52.6776,2.8185
2026-08-03 15:36:00,81.7924,53.0805,2.6423
2026-08-03 15:37:00,81.8061,53.8649,2.7148
2026-08-03 15:38:00,81.7711,52.7699,2.6511
2026-08-03 15:39:00,82.3182,51.9870,2.8560
2026-08-03 15:40:00,82.7756,53.4386,2.5890
2026-08-03 15:41:00,82.5513,54.0556,2.7348
2026-08-03 15:42:00,81.5603,53.9481,2.6276
2026-08-03 15:43:00,82.5425,53.4980,2.6861
2026-08-03 15:44:00,82.3846,51.0591,2.7840
2026-08-03 15:45:00,81.6280,52.4337,2.4143
2026-08-03 15:46:00,81.9890,52.4821,2.6010
2026-08-03 15:47:00,82.3975,52.9926,2.5107
2026-08-03 15:48:00,82.2233,54.3137,2.6373
2026-08-03 15:49:00,81.6553,52.1045,2.6543
2026-08-03 15:50:00,82.2215,54.7681,2.5306
2026-08-03 15:51:00,81.3879,52.6733,2.5178
2026-08-03 15:52:00,81.9535,52.3700,2.5828
2026-08-03 15:53:00,82.3536,53.6636,2.4274
2026-08-03 15:54:00,82.0100,53.7302,2.5803
2026-08-03 15:55:00,81.8476,53.5135,2.4574
2026-08-03 15:56:00,82.2574,52.3803,2.6047
2026-08-03 15:57:00,82.2768,53.3993,2.3917
2026-08-03 15:58:00,82.3717,52.1721,2.4590
2026-08-03 15:59:00,82.2358,52.3619,2.4327
2026-08-03 16:00:00,82.2933,52.9241,2.4702
2026-08-03 16:01:00,82.1847,52.3438,2.6298
2026-08-03 16:02:00,82.0409,53.8412,2.5689
2026-08-03 16:03:00,81.9851,52.5352,2.4285
2026-08-03 16:04:00,81.8845,52.8195,2.4206
2026-08-03 16:05:00,81.5900,52.2894,2.5494
2026-08-03 16:06:00,81.6657,53.8208,2.3367
2026-08-03 16:07:00,81.8669,52.4545,2.4476
2026-08-03 16:08:00,82.0236,53.8972,2.3771
2026-08-03 16:09:00,82.3836,53.8340,2.4128
2026-08-03 16:10:00,81.9396,52.6176,2.5033
2026-08-03 16:11:00,82.2545,52.9927,2.3479
2026-08-03 16:12:00,82.2792,52.5841,2.5047
2026-08-03 16:13:00,81.8884,53.3932,2.6198
2026-08-03 16:14:00,82.1392,52.7942,2.4529
2026-08-03 16:15:00,81.8913,52.6084,2.3768
2026-08-03 16:16:00,82.3652,52.9714,2.4937
2026-08-03 16:17:00,82.1640,51.6603,2.2600
2026-08-03 16:18:00,81.6213,52.8564,2.5159
2026-08-03 16:19:00,82.0328,53.4274,2.2815
2026-08-03 16:20:00,82.4851,53.0082,2.5668
2026-08-03 16:21:00,81.9433,53.6487,2.2715
2026-08-03 16:22:00,82.1395,52.5746,2.4028
2026-08-03 16:23:00,82.1770,52.4976,2.1741
2026-08-03 16:24:00,81.7109,51.9593,2.3023
2026-08-03 16:25:00,82.1844,52.5162,2.2094
2026-08-03 16:26:00,81.6228,54.4006,2.1671
2026-08-03 16:27:00,81.8636,53.0350,2.4257
2026-08-03 16:28:00,82.3850,52.3323,2.1765
2026-08-03 16:29:00,82.1808,51.9815,2.2200
2026-08-03 16:30:00,81.9944,51.4928,2.2027
2026-08-03 16:31:00,82.2323,52.0921,2.3964
2026-08-03 16:32:00,82.0936,53.3480,2.3788
2026-08-03 16:33:00,82.1291,52.3828,2.3989
2026-08-03 16:34:00,82.3367,51.9412,2.1882
2026-08-03 16:35:00,81.9363,52.0121,2.3970
2026-08-03 16:36:00,82.1821,53.1926,2.1778
2026-08-03 16:37:00,82.0923,52.5900,2.1773
2026-08-03 16:38:00,81.7268,52.1347,2.1785
2026-08-03 16:39:00,81.9434,52.3708,2.1780
2026-08-03 16:40:00,82.7077,54.3628,2.2311
2026-08-03 16:41:00,82.3708,53.5539,2.1525
2026-08-03 16:42:00,81.8771,53.7328,2.2558
2026-08-03 16:43:00,81.8313,51.1355,1.9683
2026-08-03 16:44:00,82.2796,52.3951,2.2488
2026-08-03 16:45:00,82.8019,51.9786,2.1139
2026-08-03 16:46:00,82.2984,52.9075,2.1530
2026-08-03 16:47:00,82.7680,53.2978,2.1527
2026-08-03 16:48:00,82.5034,52.6882,2.3090
2026-08-03 16:49:00,82.5617,51.7058,2.2628
2026-08-03 16:50:00,82.0426,51.8512,2.1937
2026-08-03 16:51:00,82.7481,52.8524,2.1368
2026-08-03 16:52:00,82.3904,52.9075,2.2848
2026-08-03 16:53:00,82.7743,52.4193,2.3845
2026-08-03 16:54:00,82.2962,52.3851,2.2009
2026-08-03 16:55:00,82.6191,52.2956,2.0427
2026-08-03 16:56:00,82.6976,52.4447,2.1314
2026-08-03 16:57:00,82.5723,52.7757,2.2568
2026-08-03 16:58:00,82.7669,52.6803,2.1561
2026-08-03 16:59:00,82.5931,52.1678,2.1142
2026-08-03 17:00:00,82.5062,52.0821,2.1098
2026-08-03 17:01:00,83.2110,52.0235,2.2093
2026-08-03 17:02:00,83.0730,51.4408,2.0470
2026-08-03 17:03:00,82.5594,51.4020,2.1975
2026-08-03 17:04:00,82.9880,52.4426,2.2105
2026-08-03 17:05:00,82.6250,51.4077,2.1576
2026-08-03 17:06:00,82.5231,52.5995,2.0994
2026-08-03 17:07:00,83.2198,51.8772,2.3069
2026-08-03 17:08:00,82.4300,52.5436,2.0733
2026-08-03 17:09:00,83.2513,52.3668,2.2256
2026-08-03 17:10:00,82.9299,52.5006,2.2830
2026-08-03 17:11:00,82.9751,51.4139,2.2283
2026-08-03 17:12:00,83.1947,52.0905,2.3378
2026-08-03 17:13:00,83.2798,52.3217,2.1037
2026-08-03 17:14:00,82.8916,50.4582,2.1408
2026-08-03 17:15:00,83.3893,53.0281,2.1767
2026-08-03 17:16:00,83.2428,53.4467,2.5550
2026-08-03 17:17:00,82.8672,52.3587,2.2800
2026-08-03 17:18:00,83.2286,52.2122,2.3022
2026-08-03 17:19:00,83.7299,52.0049,2.3017
2026-08-03 17:20:00,83.8548,51.2413,2.2481
2026-08-03 17:21:00,83.6036,51.3777,2.3492
2026-08-03 17:22:00,83.0683,52.2030,2.0614
2026-08-03 17:23:00,83.6099,50.6183,2.2805
2026-08-03 17:24:00,83.7555,50.5134,2.3001
2026-08-03 17:25:00,83.7559,51.0090,2.3639
2026-08-03 17:26:00,83.8120,51.8165,2.1513
2026-08-03 17:27:00,83.7240,50.5632,2.1637
2026-08-03 17:28:00,83.6321,51.0399,2.1752
2026-08-03 17:29:00,83.5105,51.0989,2.3346
2026-08-03 17:30:00,83.1630,50.3386,2.3415
2026-08-03 17:31:00,83.8739,49.1599,2.1985
2026-08-03 17:32:00,83.8678,50.2539,2.4907
2026-08-03 17:33:00,84.0194,51.2471,2.3338
2026-08-03 17:34:00,83.4913,51.3903,2.3236
2026-08-03 17:35:00,84.1267,51.3598,2.2966
2026-08-03 17:36:00,84.5904,51.4147,2.4167
2026-08-03 17:37:00,84.0387,50.3885,2.3690
2026-08-03 17:38:00,84.0380,50.1796,2.5256
2026-08-03 17:39:00,84.1907,51.1144,2.2219
2026-08-03 17:40:00,84.7494,50.6071,2.1954
2026-08-03 17:41:00,83.8745,51.4641,2.2828
2026-08-03 17:42:00,84.2846,51.0054,2.4191
2026-08-03 17:43:00,84.0259,51.6891,2.3280
2026-08-03 17:44:00,84.1441,50.2513,2.5051
2026-08-03 17:45:00,84.3358,51.4393,2.3458
2026-08-03 17:46:00,84.7976,52.1744,2.5007
2026-08-03 17:47:00,84.9765,50.5510,2.3168
2026-08-03 17:48:00,84.6135,50.8687,2.5256
2026-08-03 17:49:00,84.4091,49.6861,2.5517
2026-08-03 17:50:00,85.3130,51.1068,2.3659
2026-08-03 17:51:00,84.4802,51.2559,2.4789
2026-08-03 17:52:00,84.4804,49.9180,2.4644
2026-08-03 17:53:00,84.1626,50.7434,2.4970
2026-08-03 17:54:00,85.1574,50.4598,2.5815
2026-08-03 17:55:00,85.0725,50.5088,2.5582
2026-08-03 17:56:00,85.5509,50.8066,2.5201
2026-08-03 17:57:00,84.4523,50.5329,2.5428
2026-08-03 17:58:00,85.3502,49.9673,2.3574
2026-08-03 17:59:00,84.9774,50.7059,2.4881
2026-08-03 18:00:00,85.2418,50.8895,2.3898
2026-08-03 18:01:00,84.5493,49.5174,2.5060
2026-08-03 18:02:00,85.5277,49.9200,2.6274
2026-08-03 18:03:00,85.3668,48.4673,2.5228
2026-08-03 18:04:00,85.1628,50.3099,2.2808
2026-08-03 18:05:00,85.4115,50.7823,2.4345
2026-08-03 18:06:00,85.0318,49.5588,2.6050
2026-08-03 18:07:00,85.1311,49.8322,2.5008
2026-08-03 18:08:00,85.2092,49.5103,2.6408
2026-08-03 18:09:00,84.8358,49.3403,2.4493
2026-08-03 18:10:00,85.6933,49.7942,2.6158
2026-08-03 18:11:00,85.8354,48.9421,2.6284
2026-08-03 18:12:00,85.3105,49.3425,2.6717
2026-08-03 18:13:00,85.6683,48.7683,2.5346
2026-08-03 18:14:00,85.5270,49.9246,2.6855
2026-08-03 18:15:00,85.7478,49.6061,2.7655
2026-08-03 18:16:00,85.5035,49.0313,2.3948
2026-08-03 18:17:00,85.4691,49.3676,2.6343
2026-08-03 18:18:00,86.0920,49.1231,2.4556
2026-08-03 18:19:00,85.7993,50.1767,2.5571
2026-08-03 18:20:00,86.4670,48.8707,2.5721
2026-08-03 18:21:00,85.9159,49.6937,2.6501
2026-08-03 18:22:00,85.6657,48.5838,2.7011
2026-08-03 18:23:00,86.3529,49.7618,2.7604
2026-08-03 18:24:00,86.2152,49.9028,2.7027
2026-08-03 18:25:00,86.2849,49.9033,2.7500
2026-08-03 18:26:00,86.4646,50.1754,2.5809
2026-08-03 18:27:00,85.9520,49.1956,2.8005
2026-08-03 18:28:00,86.1499,49.9153,2.3712
2026-08-03 18:29:00,86.1765,50.1877,2.8592
2026-08-03 18:30:00,85.8804,47.9543,2.8469
2026-08-03 18:31:00,86.2280,48.3332,2.7926
2026-08-03 18:32:00,86.7471,47.5832,2.9458
2026-08-03 18:33:00,86.4562,49.5929,2.5477
2026-08-03 18:34:00,86.0197,47.5016,2.8111
2026-08-03 18:35:00,85.9950,47.2493,2.7515
2026-08-03 18:36:00,86.9991,47.7601,2.7671
2026-08-03 18:37:00,86.5102,47.2125,2.6309
2026-08-03 18:38:00,86.3804,48.7863,2.7911
2026-08-03 18:39:00,86.5294,47.6665,2.7906
2026-08-03 18:40:00,86.2050,47.1478,2.6908
2026-08-03 18:41:00,87.1114,48.4326,2.7568
2026-08-03 18:42:00,86.6025,48.4462,2.6359
2026-08-03 18:43:00,87.1662,46.9033,2.7312
2026-08-03 18:44:00,86.8067,47.7951,2.8701
2026-08-03 18:45:00,87.2549,48.2736,2.8752
2026-08-03 18:46:00,86.9375,48.0153,2.8569
2026-08-03 18:47:00,87.1505,48.0050,2.8788
2026-08-03 18:48:00,87.1439,49.1801,2.8827
2026-08-03 18:49:00,87.1484,49.9223,2.7233
2026-08-03 18:50:00,87.0987,47.9231,2.8237
2026-08-03 18:51:00,86.9569,47.0852,2.9004
2026-08-03 18:52:00,87.6334,47.9244,2.6555
2026-08-03 18:53:00,86.8183,48.2371,2.6564
2026-08-03 18:54:00,87.1228,48.0090,2.6522
2026-08-03 18:55:00,87.1567,48.5105,2.6189
2026-08-03 18:56:00,87.3032,49.7621,2.6933
2026-08-03 18:57:00,87.0835,46.5931,2.7465
2026-08-03 18:58:00,87.3361,47.5293,2.9508
2026-08-03 18:59:00,87.2199,49.1395,2.7561
2026-08-03 19:00:00,86.8245,47.4610,2.6484
2026-08-03 19:01:00,87.3299,48.4827,2.8165
2026-08-03 19:02:00,87.0243,48.3286,2.7807
2026-08-03 19:03:00,86.8612,48.7865,2.7209
2026-08-03 19:04:00,87.4491,49.3012,2.7395
2026-08-03 19:05:00,87.5804,48.0109,2.9041
2026-08-03 19:06:00,87.6176,46.3221,2.6553
2026-08-03 19:07:00,87.6548,47.1331,2.6284
2026-08-03 19:08:00,86.9294,49.4174,2.8401
2026-08-03 19:09:00,87.1249,46.5127,2.7303
2026-08-03 19:10:00,88.1487,48.0174,2.9450
2026-08-03 19:11:00,87.2655,45.5846,2.7722
2026-08-03 19:12:00,87.7854,46.4920,2.7753
2026-08-03 19:13:00,87.4180,48.2596,2.8614
2026-08-03 19:14:00,87.6694,47.5564,2.6129
2026-08-03 19:15:00,87.4764,47.2044,2.8109
2026-08-03 19:16:00,87.8552,46.8325,2.7375
2026-08-03 19:17:00,87.7476,45.8656,2.8735
2026-08-03 19:18:00,87.5914,47.9968,2.7026
2026-08-03 19:19:00,87.4295,47.1953,2.7813
2026-08-03 19:20:00,87.8431,46.1844,2.7239
2026-08-03 19:21:00,87.4166,47.4067,2.7971
2026-08-03 19:22:00,87.9258,47.8285,2.7265
2026-08-03 19:23:00,88.6020,47.1845,2.7735
2026-08-03 19:24:00,88.2351,47.4198,2.9180
2026-08-03 19:25:00,88.0610,47.3399,2.7094
2026-08-03 19:26:00,87.8347,46.7268,2.7734
2026-08-03 19:27:00,87.2930,47.3190,2.9568
2026-08-03 19:28:00,87.4917,47.8475,2.7619
2026-08-03 19:29:00,88.2864,48.0713,2.4742
2026-08-03 19:30:00,87.6773,47.8609,2.6455
2026-08-03 19:31:00,87.7165,46.6735,2.5861
2026-08-03 19:32:00,87.8881,47.7082,2.7929
2026-08-03 19:33:00,87.6301,47.5578,2.6855
2026-08-03 19:34:00,87.5910,46.6043,2.7951
2026-08-03 19:35:00,87.9537,46.7878,2.7438
2026-08-03 19:36:00,87.7106,47.6906,2.7371
2026-08-03 19:37:00,87.7644,48.2365,2.5476
2026-08-03 19:38:00,87.7605,45.6742,2.7139
2026-08-03 19:39:00,88.1591,48.4247,2.7934
2026-08-03 19:40:00,87.9397,48.0336,2.5053
2026-08-03 19:41:00,87.9621,47.2516,2.6114
2026-08-03 19:42:00,88.2006,46.8903,2.6716
2026-08-03 19:43:00,87.9842,47.3863,2.6390
2026-08-03 19:44:00,87.9480,46.5531,2.7657
2026-08-03 19:45:00,88.1767,46.9155,2.6877
2026-08-03 19:46:00,88.2396,45.8702,2.6481
2026-08-03 19:47:00,87.9980,45.6501,2.6819
2026-08-03 19:48:00,88.0688,48.9028,2.6691
2026-08-03 19:49:00,87.8120,47.0815,2.5893
2026-08-03 19:50:00,87.7896,47.1886,2.5422
2026-08-03 19:51:00,88.2794,46.9962,2.6691
2026-08-03 19:52:00,88.1823,46.3542,2.4881
2026-08-03 19:53:00,88.1851,46.7669,2.5474
2026-08-03 19:54:00,88.1319,47.0822,2.4313
2026-08-03 19:55:00,88.0601,46.8491,2.6123
2026-08-03 19:56:00,88.2532,46.4023,2.6546
2026-08-03 19:57:00,88.3223,47.3859,2.4300
2026-08-03 19:58:00,88.3121,47.1517,2.5003
2026-08-03 19:59:00,88.0050,47.3146,2.4598
2026-08-03 20:00:00,88.4472,47.5640,2.6075
2026-08-03 20:01:00,88.0950,46.8638,2.6338
2026-08-03 20:02:00,88.2110,46.8659,2.4364
2026-08-03 20:03:00,88.1003,48.1883,2.1673
2026-08-03 20:04:00,88.0836,46.2489,2.5839
2026-08-03 20:05:00,87.7820,45.5075,2.4654
2026-08-03 20:06:00,88.2059,47.4537,2.4580
2026-08-03 20:07:00,88.8414,46.5091,2.5417
2026-08-03 20:08:00,87.8672,46.1546,2.4012
2026-08-03 20:09:00,87.9922,47.7290,2.3669
2026-08-03 20:10:00,87.8278,46.9099,2.3868
2026-08-03 20:11:00,87.8056,46.0202,2.4637
2026-08-03 20:12:00,88.4051,48.5849,2.4952
2026-08-03 20:13:00,87.7293,45.7548,2.5632
2026-08-03 20:14:00,87.7778,46.9809,2.4328
2026-08-03 20:15:00,87.4322,45.5462,2.3707
2026-08-03 20:16:00,87.6691,47.2821,2.4666
2026-08-03 20:17:00,87.3713,46.5611,2.2737
2026-08-03 20:18:00,88.0604,47.7383,2.5057
2026-08-03 20:19:00,88.6973,47.0784,2.3780
2026-08-03 20:20:00,87.7336,48.1827,2.3271
2026-08-03 20:21:00,87.3292,46.7689,2.2464
2026-08-03 20:22:00,88.0845,45.8399,2.3993
2026-08-03 20:23:00,87.5813,47.3250,2.3020
2026-08-03 20:24:00,88.1736,46.9448,2.3142
2026-08-03 20:25:00,87.6832,45.7038,2.1503
2026-08-03 20:26:00,87.5619,46.3278,2.2677
2026-08-03 20:27:00,87.6812,46.5957,2.2483
2026-08-03 20:28:00,87.9447,48.4436,2.3411
2026-08-03 20:29:00,87.6316,47.7795,2.2667
2026-08-03 20:30:00,87.5328,46.9502,2.0230
2026-08-03 20:31:00,87.6039,47.6203,2.2409
2026-08-03 20:32:00,87.2632,45.6278,2.1316
2026-08-03 20:33:00,87.7448,46.8236,2.1676
2026-08-03 20:34:00,87.0703,47.6130,2.3672
2026-08-03 20:35:00,87.4533,47.4417,2.0931
2026-08-03 20:36:00,87.7942,46.8955,2.2868
2026-08-03 20:37:00,87.6369,47.3144,2.2020
2026-08-03 20:38:00,87.7023,47.6340,2.1784
2026-08-03 20:39:00,87.4845,47.3750,2.1463
2026-08-03 20:40:00,87.8336,48.0907,2.2721
2026-08-03 20:41:00,87.7383,47.6767,2.2795
2026-08-03 20:42:00,87.5727,47.8511,2.0602
2026-08-03 20:43:00,87.6949,48.8337,2.3443
2026-08-03 20:44:00,87.6191,48.1460,2.1073
2026-08-03 20:45:00,87.2393,48.8984,2.2617
2026-08-03 20:46:00,86.9448,46.9901,2.1018
2026-08-03 20:47:00,87.4507,46.2761,2.1713
2026-08-03 20:48:00,87.4647,47.4607,2.0868
2026-08-03 20:49:00,87.6041,47.4158,2.1595
2026-08-03 20:50:00,86.9720,48.7875,2.1901
2026-08-03 20:51:00,86.9566,46.7400,2.0934
2026-08-03 20:52:00,87.3419,47.6055,2.2380
2026-08-03 20:53:00,87.1577,48.0176,2.2496
2026-08-03 20:54:00,86.5883,47.7989,2.4743
2026-08-03 20:55:00,87.2414,47.6073,2.2954
2026-08-03 20:56:00,86.5477,48.0574,2.3193
2026-08-03 20:57:00,86.7942,48.6603,2.0240
2026-08-03 20:58:00,87.4575,49.0525,2.0046
2026-08-03 20:59:00,87.5736,47.8773,2.1704
2026-08-03 21:00:00,86.6353,47.2260,2.3787
2026-08-03 21:01:00,86.8749,49.1343,2.4475
2026-08-03 21:02:00,86.9601,47.0728,2.1317
2026-08-03 21:03:00,87.4552,49.3961,2.1423
2026-08-03 21:04:00,86.7463,49.0679,2.2560
2026-08-03 21:05:00,86.7243,49.2135,2.1829
2026-08-03 21:06:00,87.3051,48.6000,2.1865
2026-08-03 21:07:00,86.7010,46.3917,2.2685
2026-08-03 21:08:00,87.0030,47.2807,2.4781
2026-08-03 21:09:00,86.3160,48.3882,2.3387
2026-08-03 21:10:00,86.6805,47.6332,2.3971
2026-08-03 21:11:00,86.2067,47.9528,2.0279
2026-08-03 21:12:00,86.3605,48.7269,2.3222
2026-08-03 21:13:00,86.9015,48.1326,2.1222
2026-08-03 21:14:00,86.6072,47.3256,2.3876
2026-08-03 21:15:00,86.4989,49.0418,2.3586
2026-08-03 21:16:00,86.3425,48.7780,2.2863
2026-08-03 21:17:00,86.4733,48.2000,2.1549
2026-08-03 21:18:00,86.6022,49.0015,2.1843
2026-08-03 21:19:00,86.7791,48.5422,2.1961
2026-08-03 21:20:00,85.6690,49.5651,2.3164
2026-08-03 21:21:00,86.1794,48.6551,2.2846
2026-08-03 21:22:00,86.4491,49.6277,2.3904
2026-08-03 21:23:00,86.3441,47.1042,2.4138
2026-08-03 21:24:00,86.4672,49.0054,2.1728
2026-08-03 21:25:00,86.3989,48.3548,2.3095
2026-08-03 21:26:00,86.1997,48.0212,2.3132
2026-08-03 21:27:00,86.1057,49.6708,2.2624
2026-08-03 21:28:00,86.1627,49.4911,2.3712
2026-08-03 21:29:00,86.5537,47.2106,2.3315
2026-08-03 21:30:00,85.9622,49.4243,2.2304
2026-08-03 21:31:00,86.1359,49.3636,2.2793
2026-08-03 21:32:00,86.1826,48.3464,2.2643
2026-08-03 21:33:00,86.5688,48.2934,2.2324
2026-08-03 21:34:00,85.9837,47.7261,2.3027
2026-08-03 21:35:00,86.3347,48.7657,2.1877
2026-08-03 21:36:00,86.3900,48.9310,2.3711
2026-08-03 21:37:00,85.9748,49.7480,2.4705
2026-08-03 21:38:00,85.9043,49.3635,2.3417
2026-08-03 21:39:00,85.8426,48.3378,2.4379
2026-08-03 21:40:00,85.8385,49.4146,2.3655
2026-08-03 21:41:00,86.1455,49.0583,2.2546
2026-08-03 21:42:00,85.9328,48.5518,2.5645
2026-08-03 21:43:00,85.9084,48.0663,2.1286
2026-08-03 21:44:00,85.4748,49.8761,2.3790
2026-08-03 21:45:00,85.4969,49.7718,2.3083
2026-08-03 21:46:00,86.4050,49.8987,2.5507
2026-08-03 21:47:00,85.6837,48.9094,2.4215
2026-08-03 21:48:00,85.4799,49.6676,2.6628
2026-08-03 21:49:00,86.1172,48.4692,2.4184
2026-08-03 21:50:00,85.7481,48.8192,2.3463
2026-08-03 21:51:00,85.8129,49.6744,2.2589
2026-08-03 21:52:00,85.5742,49.8963,2.5483
2026-08-03 21:53:00,85.4963,48.4224,2.3619
2026-08-03 21:54:00,85.5176,48.9186,2.4111
2026-08-03 21:55:00,85.1305,49.5115,2.5837
2026-08-03 21:56:00,85.4960,50.6098,2.5740
2026-08-03 21:57:00,85.5884,49.2317,2.4155
2026-08-03 21:58:00,86.0323,50.0339,2.4389
2026-08-03 21:59:00,85.4808,50.1570,2.3165
2026-08-03 22:00:00,84.7328,49.8002,2.2944
2026-08-03 22:01:00,85.3831,50.2537,2.5842
2026-08-03 22:02:00,86.2118,49.0026,2.6031
2026-08-03 22:03:00,85.6287,49.5931,2.5593
2026-08-03 22:04:00,85.1046,51.3045,2.5501
2026-08-03 22:05:00,85.5047,51.4000,2.4685
2026-08-03 22:06:00,85.0844,50.9097,2.6937
2026-08-03 22:07:00,84.8809,51.1548,2.3763
2026-08-03 22:08:00,85.1628,48.8529,2.5155
2026-08-03 22:09:00,85.2753,49.5937,2.5861
2026-08-03 22:10:00,84.6671,50.1427,2.5776
2026-08-03 22:11:00,84.8652,52.3630,2.5850
2026-08-03 22:12:00,85.1945,50.2188,2.5408
2026-08-03 22:13:00,85.0508,51.1040,2.6542
2026-08-03 22:14:00,85.2738,50.8494,2.4860
2026-08-03 22:15:00,84.7734,50.8702,2.6004
2026-08-03 22:16:00,85.3348,50.6049,2.6652
2026-08-03 22:17:00,84.7485,49.7021,2.5959
2026-08-03 22:18:00,85.5799,48.5394,2.6367
2026-08-03 22:19:00,84.5561,51.7639,2.6647
2026-08-03 22:20:00,84.7271,50.2833,2.4739
2026-08-03 22:21:00,85.1645,49.3206,2.4900
2026-08-03 22:22:00,85.5233,51.2024,2.6768
2026-08-03 22:23:00,85.1036,51.2247,2.6091
2026-08-03 22:24:00,85.1634,51.5414,2.6215
2026-08-03 22:25:00,84.9855,51.8569,2.7395
2026-08-03 22:26:00,84.6584,50.2662,2.5899
2026-08-03 22:27:00,84.8058,50.3384,2.4535
2026-08-03 22:28:00,84.5760,50.8201,2.8664
2026-08-03 22:29:00,84.5431,51.7690,2.8275
2026-08-03 22:30:00,85.0347,49.4659,2.8318
2026-08-03 22:31:00,84.5651,51.2868,2.6055
2026-08-03 22:32:00,84.9861,51.9659,2.7152
2026-08-03 22:33:00,84.4882,51.9687,2.6013
2026-08-03 22:34:00,84.9566,51.8584,2.7271
2026-08-03 22:35:00,84.7103,52.1773,2.7032
2026-08-03 22:36:00,85.2685,49.1642,2.6349
2026-08-03 22:37:00,84.9335,52.6876,2.7976
2026-08-03 22:38:00,85.1975,51.6958,2.7257
2026-08-03 22:39:00,84.5907,52.5336,2.9281
2026-08-03 22:40:00,84.8252,50.5603,2.7684
2026-08-03 22:41:00,84.5054,50.1308,2.5089
2026-08-03 22:42:00,84.6673,52.9966,2.5861
2026-08-03 22:43:00,84.7048,50.8596,2.9803
2026-08-03 22:44:00,84.5581,51.3852,2.7382
2026-08-03 22:45:00,84.4040,52.0887,2.8012
2026-08-03 22:46:00,84.3377,52.3175,2.7810
2026-08-03 22:47:00,84.0533,52.5942,2.9244
2026-08-03 22:48:00,84.4321,51.9421,2.5946
2026-08-03 22:49:00,84.9314,50.9515,2.9206
2026-08-03 22:50:00,84.2581,52.3916,2.9158
2026-08-03 22:51:00,84.3220,52.4353,2.7923
2026-08-03 22:52:00,85.2649,50.4359,2.8348
2026-08-03 22:53:00,84.5322,53.0533,2.7579
2026-08-03 22:54:00,84.8153,49.9587,2.6278
2026-08-03 22:55:00,84.9078,52.8056,2.8555
2026-08-03 22:56:00,84.9104,51.5001,2.8230
2026-08-03 22:57:00,84.2518,52.6008,2.8258
2026-08-03 22:58:00,84.6363,52.4732,2.8478
2026-08-03 22:59:00,84.2177,52.0637,2.7395
2026-08-03 23:00:00,85.4349,52.4822,2.9493
2026-08-03 23:01:00,84.2206,52.0797,2.8007
2026-08-03 23:02:00,84.3832,52.7473,2.8538
2026-08-03 23:03:00,84.3841,53.9512,2.7719
2026-08-03 23:04:00,84.2464,51.1564,2.9034
2026-08-03 23:05:00,85.1005,49.7050,2.8078
2026-08-03 23:06:00,85.4212,51.9487,2.7878
2026-08-03 23:07:00,84.5517,51.9193,2.9157
2026-08-03 23:08:00,84.2986,52.0294,2.6212
2026-08-03 23:09:00,84.0242,51.6148,2.7637
2026-08-03 23:10:00,84.6229,53.0780,2.7285
2026-08-03 23:11:00,84.6024,51.2987,2.8250
2026-08-03 23:12:00,84.5034,52.7877,2.8169
2026-08-03 23:13:00,84.7669,52.9607,2.7816
2026-08-03 23:14:00,84.8210,52.7256,2.7087
2026-08-03 23:15:00,84.8016,52.8841,2.7748
2026-08-03 23:16:00,84.6124,53.2754,2.8064
2026-08-03 23:17:00,84.3795,52.5800,2.7529
2026-08-03 23:18:00,84.9128,52.2807,2.8781
2026-08-03 23:19:00,84.7201,52.9673,2.8248
2026-08-03 23:20:00,84.9864,53.0784,2.7617
2026-08-03 23:21:00,84.9607,53.3292,2.5212
2026-08-03 23:22:00,84.3011,51.2665,2.7298
2026-08-03 23:23:00,84.3016,52.5081,2.8102
2026-08-03 23:24:00,84.5097,51.8207,2.7148
2026-08-03 23:25:00,84.4242,53.1394,2.7683
2026-08-03 23:26:00,84.9725,53.2891,2.7107
2026-08-03 23:27:00,84.8565,52.5049,2.7514
2026-08-03 23:28:00,85.0862,52.1572,2.8630
2026-08-03 23:29:00,84.8809,53.2339,2.7963
2026-08-03 23:30:00,84.8302,52.6650,2.5826
2026-08-03 23:31:00,85.1335,53.9276,2.5407
2026-08-03 23:32:00,84.9206,54.2191,2.7450
2026-08-03 23:33:00,84.8063,53.6151,2.8116
2026-08-03 23:34:00,85.2365,53.0141,2.5227
2026-08-03 23:35:00,84.8335,54.3013,2.6616
2026-08-03 23:36:00,84.7144,53.0457,2.9137
2026-08-03 23:37:00,84.5613,52.4817,2.6431
2026-08-03 23:38:00,85.0306,52.3362,2.9160
2026-08-03 23:39:00,85.1980,52.3246,2.5744
2026-08-03 23:40:00,84.8191,52.8927,2.5853
2026-08-03 23:41:00,85.2341,53.2782,2.5729
2026-08-03 23:42:00,84.2583,51.7850,2.5083
2026-08-03 23:43:00,84.8404,52.5669,2.4600
2026-08-03 23:44:00,84.8529,53.1047,2.5999
2026-08-03 23:45:00,84.6547,53.4573,2.6293
2026-08-03 23:46:00,85.5960,52.9290,2.5358
2026-08-03 23:47:00,84.8691,53.1523,2.5525
2026-08-03 23:48:00,84.7749,51.9722,2.7373
2026-08-03 23:49:00,84.9133,52.2395,2.6824
2026-08-03 23:50:00,84.3130,52.9256,2.5518
2026-08-03 23:51:00,84.6943,53.3876,2.6130
2026-08-03 23:52:00,85.2257,53.1686,2.3987
2026-08-03 23:53:00,84.7506,52.3084,2.5816
2026-08-03 23:54:00,84.6992,52.8015,2.5407
2026-08-03 23:55:00,85.3494,54.2030,2.5017
2026-08-03 23:56:00,85.3672,53.4313,2.5346
2026-08-03 23:57:00,85.1289,52.8677,2.5107
2026-08-03 23:58:00,84.8460,52.1783,2.3843
2026-08-03 23:59:00,84.9194,52.4290,2.6758
2026-08-04 00:00:00,84.7588,53.0053,2.5951
2026-08-04 00:01:00,84.7103,53.2205,2.4534
2026-08-04 00:02:00,84.7041,53.4514,2.3082
2026-08-04 00:03:00,84.8407,53.3081,2.2308
2026-08-04 00:04:00,84.7244,52.6997,2.6691
2026-08-04 00:05:00,84.5744,52.5847,2.4435
2026-08-04 00:06:00,85.1179,54.6283,2.5294
2026-08-04 00:07:00,85.1311,52.5422,2.3505
2026-08-04 00:08:00,85.5795,51.9502,2.4069
2026-08-04 00:09:00,84.8772,51.6682,2.4043
2026-08-04 00:10:00,85.1750,52.6918,2.4465
2026-08-04 00:11:00,85.1883,53.7209,2.4238
2026-08-04 00:12:00,85.0267,52.5023,2.3151
2026-08-04 00:13:00,85.3343,54.1387,2.3066
2026-08-04 00:14:00,85.3517,52.9439,2.3843
2026-08-04 00:15:00,85.2254,53.8300,2.2098
2026-08-04 00:16:00,85.0584,52.3283,2.2957
2026-08-04 00:17:00,85.0357,52.3323,2.3554
2026-08-04 00:18:00,84.7403,52.9899,2.4036
2026-08-04 00:19:00,84.9165,53.2937,2.5072
2026-08-04 00:20:00,84.9791,52.7546,2.3024
2026-08-04 00:21:00,84.8359,53.1213,2.3469
2026-08-04 00:22:00,85.3123,53.3472,2.1499
2026-08-04 00:23:00,85.5463,51.7287,2.3636
2026-08-04 00:24:00,84.9219,52.5804,2.2327
2026-08-04 00:25:00,85.2861,52.4258,2.2865
2026-08-04 00:26:00,84.8974,52.4518,2.3588
2026-08-04 00:27:00,85.1226,53.1401,2.3569
2026-08-04 00:28:00,85.0133,52.3969,2.1539
2026-08-04 00:29:00,85.4070,51.1824,2.3737
2026-08-04 00:30:00,85.0287,52.5824,2.2840
2026-08-04 00:31:00,85.5416,51.9048,2.4091
2026-08-04 00:32:00,85.1699,53.1377,2.4232
2026-08-04 00:33:00,85.0540,53.3690,2.4325
2026-08-04 00:34:00,84.8781,50.9679,2.1244
2026-08-04 00:35:00,85.3349,52.0712,2.3022
2026-08-04 00:36:00,85.5322,52.9557,2.0996
2026-08-04 00:37:00,85.3501,51.5279,2.3829
2026-08-04 00:38:00,85.9440,53.2626,2.3928
2026-08-04 00:39:00,85.7053,53.4569,2.3420
2026-08-04 00:40:00,85.1879,52.4685,2.1977
2026-08-04 00:41:00,85.1883,51.9591,2.2908
2026-08-04 00:42:00,85.4279,50.7095,2.1775
2026-08-04 00:43:00,85.0386,53.1884,2.2306
2026-08-04 00:44:00,85.6427,54.1180,2.2167
2026-08-04 00:45:00,85.4038,53.9309,2.0230
2026-08-04 00:46:00,85.3745,52.3164,2.1390
2026-08-04 00:47:00,85.5056,51.5758,2.4443
2026-08-04 00:48:00,85.8181,53.0972,2.2060
2026-08-04 00:49:00,85.3540,52.3023,2.2284
2026-08-04 00:50:00,85.2699,52.7626,2.2094
2026-08-04 00:51:00,85.7573,52.5982,2.1672
2026-08-04 00:52:00,85.5955,52.4058,2.2102
2026-08-04 00:53:00,85.2093,53.1293,2.1643
2026-08-04 00:54:00,85.3071,53.1338,1.9754
2026-08-04 00:55:00,85.3638,51.8374,2.2812
2026-08-04 00:56:00,85.4132,51.4909,2.3629
2026-08-04 00:57:00,84.8967,50.2037,2.0845
2026-08-04 00:58:00,84.8397,51.8992,2.1591
2026-08-04 00:59:00,85.0347,51.2742,2.3501
2026-08-04 01:00:00,85.0096,52.4567,2.1229
2026-08-04 01:01:00,85.1037,51.8247,2.2389
2026-08-04 01:02:00,85.4848,51.8831,2.6331
2026-08-04 01:03:00,85.2408,52.6860,2.2642
2026-08-04 01:04:00,85.3473,52.3252,2.2085
2026-08-04 01:05:00,84.9176,51.8847,2.2907
2026-08-04 01:06:00,85.1425,53.2975,2.2814
2026-08-04 01:07:00,85.4531,52.5088,2.1388
2026-08-04 01:08:00,85.4509,51.5553,2.0329
2026-08-04 01:09:00,85.0502,51.5603,2.2677
2026-08-04 01:10:00,85.3109,52.4570,2.2846
2026-08-04 01:11:00,85.9165,51.9573,2.1826
2026-08-04 01:12:00,85.2457,50.8664,2.3792
2026-08-04 01:13:00,85.0369,52.4472,2.3617
2026-08-04 01:14:00,85.1861,52.7050,2.2974
2026-08-04 01:15:00,85.2590,52.6118,2.1950
2026-08-04 01:16:00,85.1788,52.8681,2.0168
2026-08-04 01:17:00,85.2071,53.2562,2.2118
2026-08-04 01:18:00,84.7755,52.9515,2.0491
2026-08-04 01:19:00,84.9115,51.8064,2.0006
2026-08-04 01:20:00,85.1468,51.3333,2.3049
2026-08-04 01:21:00,85.1331,50.0022,2.3614
2026-08-04 01:22:00,85.0034,51.4402,2.0533
2026-08-04 01:23:00,85.1105,51.8122,2.2271
2026-08-04 01:24:00,85.1718,51.3968,2.2555
2026-08-04 01:25:00,85.4099,49.8163,2.2328
2026-08-04 01:26:00,85.1026,51.0622,2.1290
2026-08-04 01:27:00,85.2410,51.7722,2.4050
2026-08-04 01:28:00,84.9473,50.3995,2.1420
2026-08-04 01:29:00,85.2696,51.3168,2.0875
2026-08-04 01:30:00,85.1985,51.4934,2.1504
2026-08-04 01:31:00,85.3330,52.0060,2.3416
2026-08-04 01:32:00,85.2744,52.4452,2.2725
2026-08-04 01:33:00,85.2238,50.7361,2.2281
2026-08-04 01:34:00,85.0041,51.1484,2.3640
2026-08-04 01:35:00,85.0932,51.1364,2.3506
2026-08-04 01:36:00,85.3245,51.4466,2.0929
2026-08-04 01:37:00,84.7953,51.3195,2.3818
2026-08-04 01:38:00,84.7875,51.9921,2.4547
2026-08-04 01:39:00,85.0151,48.9493,2.3309
2026-08-04 01:40:00,85.0697,51.1109,2.3265
2026-08-04 01:41:00,84.6820,51.1284,2.5462
2026-08-04 01:42:00,84.8905,50.5122,2.2928
2026-08-04 01:43:00,84.8681,48.8509,2.3543
2026-08-04 01:44:00,84.2148,50.5749,2.4111
2026-08-04 01:45:00,84.7963,50.0168,2.3900
2026-08-04 01:46:00,84.7974,51.8891,2.3653
2026-08-04 01:47:00,84.7787,50.8083,2.4088
2026-08-04 01:48:00,85.2333,49.8329,2.5642
2026-08-04 01:49:00,84.4253,48.7884,2.4956
2026-08-04 01:50:00,84.5238,50.8641,2.4149
2026-08-04 01:51:00,83.9685,50.9095,2.3436
2026-08-04 01:52:00,84.5884,50.1410,2.3645
2026-08-04 01:53:00,84.5943,50.7574,2.5404
2026-08-04 01:54:00,84.5400,49.9568,2.2937
2026-08-04 01:55:00,85.0050,51.0500,2.7012
2026-08-04 01:56:00,84.9103,50.9512,2.4655
2026-08-04 01:57:00,84.6546,48.8066,2.3386
2026-08-04 01:58:00,84.4989,48.9624,2.5025
2026-08-04 01:59:00,84.8965,51.6643,2.4121
2026-08-04 02:00:00,84.5611,50.7458,2.4581
2026-08-04 02:01:00,84.2996,48.9508,2.3568
2026-08-04 02:02:00,84.0080,48.6652,2.4918
2026-08-04 02:03:00,84.3680,50.0484,2.3113
2026-08-04 02:04:00,84.7041,48.9291,2.4714
2026-08-04 02:05:00,85.1377,49.5504,2.4564
2026-08-04 02:06:00,84.4500,49.7268,2.4967
2026-08-04 02:07:00,84.1785,49.6531,2.4783
2026-08-04 02:08:00,84.0289,50.5876,2.5658
2026-08-04 02:09:00,84.5261,51.1152,2.6588
2026-08-04 02:10:00,83.8071,49.2253,2.6137
2026-08-04 02:11:00,84.4772,48.6650,2.7151
2026-08-04 02:12:00,84.5329,49.8418,2.5429
2026-08-04 02:13:00,84.3938,50.7971,2.6326
2026-08-04 02:14:00,84.1721,49.1307,2.6439
2026-08-04 02:15:00,84.3824,50.0950,2.7300
2026-08-04 02:16:00,84.2389,48.7066,2.5490
2026-08-04 02:17:00,83.9287,49.3549,2.7080
2026-08-04 02:18:00,84.6917,48.3701,2.5505
2026-08-04 02:19:00,84.0052,49.2702,2.5862
2026-08-04 02:20:00,84.3175,49.1304,2.6141
2026-08-04 02:21:00,83.3331,49.6722,2.7021
2026-08-04 02:22:00,84.4154,50.5704,2.5547
2026-08-04 02:23:00,84.4467,48.7993,2.5752
2026-08-04 02:24:00,83.9885,47.4732,2.6118
2026-08-04 02:25:00,84.1206,48.8740,2.6875
2026-08-04 02:26:00,84.0937,49.2380,2.5952
2026-08-04 02:27:00,83.7065,49.1232,2.7212
2026-08-04 02:28:00,84.0365,48.7990,2.6650
2026-08-04 02:29:00,83.6027,50.0785,2.7723
2026-08-04 02:30:00,83.6355,48.9609,2.7184
2026-08-04 02:31:00,84.1290,48.7319,2.8928
2026-08-04 02:32:00,84.0560,48.1576,2.7351
2026-08-04 02:33:00,83.5243,47.3467,2.6063
2026-08-04 02:34:00,83.4887,48.9719,2.7119
2026-08-04 02:35:00,83.4877,48.8695,2.7401
2026-08-04 02:36:00,83.8736,47.7906,2.6518
2026-08-04 02:37:00,83.3263,48.5677,2.8989
2026-08-04 02:38:00,83.7057,48.4534,2.7206
2026-08-04 02:39:00,83.7951,48.0345,2.6913
2026-08-04 02:40:00,83.5169,47.8654,2.7780
2026-08-04 02:41:00,83.8188,48.7902,2.6730
2026-08-04 02:42:00,83.3969,48.2519,2.8639
2026-08-04 02:43:00,83.3964,47.9264,2.8473
2026-08-04 02:44:00,83.1397,47.6767,2.7871
2026-08-04 02:45:00,83.7105,48.2293,2.8363
2026-08-04 02:46:00,83.1478,49.0404,2.7301
2026-08-04 02:47:00,83.4552,48.4339,2.6325
2026-08-04 02:48:00,83.3014,48.0469,2.7528
2026-08-04 02:49:00,82.9796,48.4518,2.7375
2026-08-04 02:50:00,83.0854,49.2652,2.5861
2026-08-04 02:51:00,83.6557,48.5350,2.6859
2026-08-04 02:52:00,83.2741,48.3202,2.6704
2026-08-04 02:53:00,82.8838,48.5925,2.6896
2026-08-04 02:54:00,83.2511,47.9252,2.9296
2026-08-04 02:55:00,83.0888,48.1692,2.8486
2026-08-04 02:56:00,84.1421,47.6014,2.8949
2026-08-04 02:57:00,83.1647,46.7232,2.8500
2026-08-04 02:58:00,82.9385,48.2092,2.9079
2026-08-04 02:59:00,83.4523,48.1840,2.8026
2026-08-04 03:00:00,82.4477,47.6485,2.9516
2026-08-04 03:01:00,83.0022,48.6798,2.6768
2026-08-04 03:02:00,83.5463,47.2466,2.7928
2026-08-04 03:03:00,82.8873,46.3799,2.6966
2026-08-04 03:04:00,82.3766,47.2129,2.9225
2026-08-04 03:05:00,82.7524,46.5117,2.8394
2026-08-04 03:06:00,83.2823,47.9892,2.9150
2026-08-04 03:07:00,82.9337,47.0918,2.6546
2026-08-04 03:08:00,82.5445,48.4563,2.7332
2026-08-04 03:09:00,82.5659,48.4151,2.6133
2026-08-04 03:10:00,82.5792,46.8800,2.8259
2026-08-04 03:11:00,82.8314,46.9498,2.7448
2026-08-04 03:12:00,83.1005,48.0005,2.8609
2026-08-04 03:13:00,82.9912,48.3339,2.7860
2026-08-04 03:14:00,82.7888,45.9175,2.5671
2026-08-04 03:15:00,82.2294,47.7309,2.6111
2026-08-04 03:16:00,82.2076,45.7259,2.7823
2026-08-04 03:17:00,82.7434,47.0240,2.8173
2026-08-04 03:18:00,82.1575,48.3170,2.5457
2026-08-04 03:19:00,82.4714,49.8296,2.7553
2026-08-04 03:20:00,82.6086,47.2109,2.6581
2026-08-04 03:21:00,82.1547,46.3848,2.6448
2026-08-04 03:22:00,82.1676,46.9528,2.6861
2026-08-04 03:23:00,82.4258,47.3979,2.7596
2026-08-04 03:24:00,82.5847,46.7908,2.6721
2026-08-04 03:25:00,82.7319,46.5695,2.5394
2026-08-04 03:26:00,82.5758,46.9508,2.7447
2026-08-04 03:27:00,82.3964,47.5920,2.6931
2026-08-04 03:28:00,82.1313,47.1238,2.6291
2026-08-04 03:29:00,82.0152,46.5383,2.6868
2026-08-04 03:30:00,82.1649,46.6923,2.6773
2026-08-04 03:31:00,82.4232,46.8825,2.7109
2026-08-04 03:32:00,82.3836,46.3997,2.6760
2026-08-04 03:33:00,81.6354,46.6197,2.7114
2026-08-04 03:34:00,82.0129,47.6870,2.6839
2026-08-04 03:35:00,82.5936,46.9750,2.7646
2026-08-04 03:36:00,82.2400,45.7440,2.8348
2026-08-04 03:37:00,81.7755,47.9549,2.6684
2026-08-04 03:38:00,82.8922,47.4569,2.6012
2026-08-04 03:39:00,82.1621,46.0061,2.5131
2026-08-04 03:40:00,82.2717,46.8099,2.7146
2026-08-04 03:41:00,82.2624,46.4586,2.5529
2026-08-04 03:42:00,82.0189,47.6244,2.8710
2026-08-04 03:43:00,81.8979,46.7767,2.9071
2026-08-04 03:44:00,82.7401,47.0073,2.6007
2026-08-04 03:45:00,82.3925,46.9063,2.4483
2026-08-04 03:46:00,82.3266,45.8661,2.6729
2026-08-04 03:47:00,82.2417,48.1676,2.8100
2026-08-04 03:48:00,81.7572,47.5668,2.4615
2026-08-04 03:49:00,82.4313,46.4331,2.7750
2026-08-04 03:50:00,81.7854,47.1792,2.3927
2026-08-04 03:51:00,82.1141,47.8001,2.4246
2026-08-04 03:52:00,81.5286,47.0610,2.5933
2026-08-04 03:53:00,81.3999,48.2580,2.6563
2026-08-04 03:54:00,82.0999,49.3435,2.5403
2026-08-04 03:55:00,81.7545,46.9055,2.5841
2026-08-04 03:56:00,81.3938,46.5381,2.6418
2026-08-04 03:57:00,82.1465,46.2108,2.6456
2026-08-04 03:58:00,82.6147,45.2302,2.4535
2026-08-04 03:59:00,82.3904,47.9988,2.4215
2026-08-04 04:00:00,81.8917,46.7172,2.6054
2026-08-04 04:01:00,81.9675,47.7005,2.5376
2026-08-04 04:02:00,82.2276,47.8622,2.5432
2026-08-04 04:03:00,82.2948,46.1375,2.4103
2026-08-04 04:04:00,81.8527,46.2595,2.5324
2026-08-04 04:05:00,81.9640,48.4022,2.3514
2026-08-04 04:06:00,82.0425,46.9532,2.4778
2026-08-04 04:07:00,82.1176,46.4844,2.4565
2026-08-04 04:08:00,81.9112,46.1803,2.4495
2026-08-04 04:09:00,81.9154,46.9076,2.5081
2026-08-04 04:10:00,82.3661,48.2320,2.3203
2026-08-04 04:11:00,82.3163,47.5794,2.4825
2026-08-04 04:12:00,82.0986,47.1823,2.4094
2026-08-04 04:13:00,82.4736,48.3141,2.3207
2026-08-04 04:14:00,81.8449,48.1669,2.2603
2026-08-04 04:15:00,82.4513,47.3249,2.5741
2026-08-04 04:16:00,82.1313,49.2865,2.3710
2026-08-04 04:17:00,82.9545,46.8760,2.3353
2026-08-04 04:18:00,81.6207,47.9613,2.2494
2026-08-04 04:19:00,81.7775,46.7779,2.4657
2026-08-04 04:20:00,82.1163,47.8245,2.4511
2026-08-04 04:21:00,82.1168,46.9139,2.4251
2026-08-04 04:22:00,82.5902,47.4926,2.3305
2026-08-04 04:23:00,81.8128,49.0470,2.4052
2026-08-04 04:24:00,82.2934,47.9083,2.2413
2026-08-04 04:25:00,82.3799,47.5407,2.3391
2026-08-04 04:26:00,82.2523,46.5523,2.3058
2026-08-04 04:27:00,81.7630,47.3360,2.3319
2026-08-04 04:28:00,82.4846,46.3929,2.1179
2026-08-04 04:29:00,82.4425,47.9232,2.4805
2026-08-04 04:30:00,82.2657,47.9179,2.4497
2026-08-04 04:31:00,82.1597,47.0999,2.1674
2026-08-04 04:32:00,82.1794,48.5902,2.3348
2026-08-04 04:33:00,82.1017,48.4939,2.1232
2026-08-04 04:34:00,82.3319,47.4120,2.2752
2026-08-04 04:35:00,82.1639,47.7618,2.0424
2026-08-04 04:36:00,81.9154,46.8562,2.2281
2026-08-04 04:37:00,81.8714,47.1273,2.2040
2026-08-04 04:38:00,81.9769,46.5011,2.3641
2026-08-04 04:39:00,82.2862,46.9998,2.4111
2026-08-04 04:40:00,82.2291,47.3184,2.4093
2026-08-04 04:41:00,82.3200,46.0935,2.3522
2026-08-04 04:42:00,82.4244,47.9035,2.2409
2026-08-04 04:43:00,82.1052,48.2805,2.2681
2026-08-04 04:44:00,82.7529,47.4777,2.2643
2026-08-04 04:45:00,82.2533,45.3478,2.1048
2026-08-04 04:46:00,82.2244,47.3252,2.3345
2026-08-04 04:47:00,82.5206,46.4354,2.2862
2026-08-04 04:48:00,81.8469,47.0853,2.2883
2026-08-04 04:49:00,82.1832,48.7578,1.9842
2026-08-04 04:50:00,82.7376,45.6724,2.2555
2026-08-04 04:51:00,81.9456,46.9910,2.3089
2026-08-04 04:52:00,82.8261,48.3322,2.2050
2026-08-04 04:53:00,82.9687,47.1319,2.1549
2026-08-04 04:54:00,82.4296,47.0960,2.0675
2026-08-04 04:55:00,82.6535,49.3704,2.0592
2026-08-04 04:56:00,82.9277,48.0733,2.2171
2026-08-04 04:57:00,82.4785,48.5445,2.1774
2026-08-04 04:58:00,82.9058,48.2196,2.1755
2026-08-04 04:59:00,82.4716,47.9805,2.3530
2026-08-04 05:00:00,82.5577,48.8899,2.0744
2026-08-04 05:01:00,82.4896,49.4309,2.1655
2026-08-04 05:02:00,82.8611,46.5881,2.3698
2026-08-04 05:03:00,83.1351,47.9353,2.1697
2026-08-04 05:04:00,82.7623,47.9580,2.2083
2026-08-04 05:05:00,82.4664,47.6785,2.1851
2026-08-04 05:06:00,82.5537,48.8365,2.2743
2026-08-04 05:07:00,83.0280,48.2872,1.9995
2026-08-04 05:08:00,83.4945,49.6524,2.1862
2026-08-04 05:09:00,83.0914,49.0229,2.2137
2026-08-04 05:10:00,82.8896,49.2655,2.1104
2026-08-04 05:11:00,83.2684,47.2457,2.2467
2026-08-04 05:12:00,83.0000,47.5918,2.2933
2026-08-04 05:13:00,82.9920,47.6896,2.2624
2026-08-04 05:14:00,82.8520,49.3593,2.3979
2026-08-04 05:15:00,83.5965,47.5595,2.1795
2026-08-04 05:16:00,82.4470,47.6157,2.2758
2026-08-04 05:17:00,83.4834,47.5021,2.2768
2026-08-04 05:18:00,83.1404,50.6349,2.2091
2026-08-04 05:19:00,83.1924,48.3523,2.3497
2026-08-04 05:20:00,83.8595,48.9239,2.2690
2026-08-04 05:21:00,83.1742,47.6216,2.1241
2026-08-04 05:22:00,83.2214,49.3359,2.3235
2026-08-04 05:23:00,83.4235,47.1842,2.2028
2026-08-04 05:24:00,83.6244,47.8548,2.2250
2026-08-04 05:25:00,83.4057,48.0880,2.2371
2026-08-04 05:26:00,83.1043,48.8836,2.3404
2026-08-04 05:27:00,83.3553,48.1096,2.3798
2026-08-04 05:28:00,84.0382,49.9990,2.2611
2026-08-04 05:29:00,83.7154,49.2183,2.2607
2026-08-04 05:30:00,83.8677,48.3003,2.0832
2026-08-04 05:31:00,83.6936,49.6864,2.2225
2026-08-04 05:32:00,83.6141,48.6103,2.2046
2026-08-04 05:33:00,84.3554,48.4893,2.3363
2026-08-04 05:34:00,83.8361,49.7152,2.3005
2026-08-04 05:35:00,83.8002,47.0734,2.2265
2026-08-04 05:36:00,84.3029,49.6608,2.3389
2026-08-04 05:37:00,83.7985,48.5399,2.3233
2026-08-04 05:38:00,83.8781,48.5763,2.0826
2026-08-04 05:39:00,84.1011,50.7522,2.4540
2026-08-04 05:40:00,84.1398,48.7986,2.4511
2026-08-04 05:41:00,84.2594,50.0263,2.3331
2026-08-04 05:42:00,84.8511,49.5231,2.3991
2026-08-04 05:43:00,84.3667,49.6443,2.3383
2026-08-04 05:44:00,83.5948,49.1758,2.2175
2026-08-04 05:45:00,84.4486,49.1726,2.6016
2026-08-04 05:46:00,84.4047,50.6757,2.4675
2026-08-04 05:47:00,84.4492,50.2363,2.4939
2026-08-04 05:48:00,84.5529,49.1310,2.3788
2026-08-04 05:49:00,84.5135,48.7328,2.5274
2026-08-04 05:50:00,84.5494,49.1408,2.2853
2026-08-04 05:51:00,84.7923,50.4326,2.4054
2026-08-04 05:52:00,84.4891,50.6294,2.5116
2026-08-04 05:53:00,84.4108,50.1695,2.3826
2026-08-04 05:54:00,85.6457,48.4712,2.5441
2026-08-04 05:55:00,84.5673,50.4068,2.4912
2026-08-04 05:56:00,84.8556,50.8859,2.4896
2026-08-04 05:57:00,84.4204,50.0211,2.4045
2026-08-04 05:58:00,84.9477,51.5053,2.5247
2026-08-04 05:59:00,84.6764,48.9040,2.6854
2026-08-04 06:00:00,84.8673,50.5478,2.5175
2026-08-04 06:01:00,85.3572,49.2231,2.5634
2026-08-04 06:02:00,85.2289,50.9254,2.5861
2026-08-04 06:03:00,85.3014,50.6081,2.4091
2026-08-04 06:04:00,84.6431,51.5981,2.5181
2026-08-04 06:05:00,85.7690,50.5960,2.5229
2026-08-04 06:06:00,84.9039,49.9122,2.3344
2026-08-04 06:07:00,85.7635,49.8816,2.6336
2026-08-04 06:08:00,85.6547,50.1134,2.4692
2026-08-04 06:09:00,85.5648,49.9440,2.6380
2026-08-04 06:10:00,85.1783,51.4693,2.5018
2026-08-04 06:11:00,85.5234,51.4510,2.7894
2026-08-04 06:12:00,85.3796,49.2720,2.5648
2026-08-04 06:13:00,85.5725,50.5387,2.7923
2026-08-04 06:14:00,85.5317,50.5967,2.5902
2026-08-04 06:15:00,85.0377,49.9602,2.6095
2026-08-04 06:16:00,86.0283,50.9743,2.7787
2026-08-04 06:17:00,85.7098,51.8308,2.5374
2026-08-04 06:18:00,85.6310,51.4138,2.6412
2026-08-04 06:19:00,85.6503,51.8161,2.6971
2026-08-04 06:20:00,85.9679,50.2017,2.6904
2026-08-04 06:21:00,85.6339,50.8435,2.6611
2026-08-04 06:22:00,85.2670,50.2395,2.6540
2026-08-04 06:23:00,86.1070,51.0812,2.7546
2026-08-04 06:24:00,86.1817,51.1906,2.6940
2026-08-04 06:25:00,86.0069,51.7322,2.7793
2026-08-04 06:26:00,85.7631,52.0522,2.7280
2026-08-04 06:27:00,86.1746,51.5895,2.7599
2026-08-04 06:28:00,85.7487,50.3870,2.8141
2026-08-04 06:29:00,85.9198,50.0299,2.6755
2026-08-04 06:30:00,86.0424,51.5641,2.8228
2026-08-04 06:31:00,86.5602,52.3846,2.7019
2026-08-04 06:32:00,86.2374,51.2004,2.5829
2026-08-04 06:33:00,86.2506,50.0341,2.6952
2026-08-04 06:34:00,87.0099,52.9593,2.6609
2026-08-04 06:35:00,86.5675,51.7184,2.7755
2026-08-04 06:36:00,86.6014,51.4989,2.7141
2026-08-04 06:37:00,86.4264,50.4625,2.7600
2026-08-04 06:38:00,86.3957,51.4444,2.8530
2026-08-04 06:39:00,85.9557,52.0154,2.9044
2026-08-04 06:40:00,86.9388,51.9024,2.7891
2026-08-04 06:41:00,86.8190,50.9900,2.8722
2026-08-04 06:42:00,86.6667,51.5218,2.7496
2026-08-04 06:43:00,86.7148,51.1080,2.6145
2026-08-04 06:44:00,87.0120,52.9652,2.6561
2026-08-04 06:45:00,86.3596,52.3826,2.7576
2026-08-04 06:46:00,86.6835,51.2798,2.8596
2026-08-04 06:47:00,86.5536,50.7967,2.7635
2026-08-04 06:48:00,87.4596,51.9856,2.9039
2026-08-04 06:49:00,87.2241,51.4007,2.9708
2026-08-04 06:50:00,86.3335,51.4916,2.7010
2026-08-04 06:51:00,86.5726,50.9491,3.0042
2026-08-04 06:52:00,87.0191,51.0788,2.6300
2026-08-04 06:53:00,86.9486,52.0485,2.9799
2026-08-04 06:54:00,86.7242,51.7348,2.7930
2026-08-04 06:55:00,87.7357,53.9752,2.7741
2026-08-04 06:56:00,87.2763,52.4828,2.7976
2026-08-04 06:57:00,87.3548,51.1150,2.7191
2026-08-04 06:58:00,87.0341,50.8366,2.9497
2026-08-04 06:59:00,87.4873,52.4119,2.7307
2026-08-04 07:00:00,87.1849,51.8038,2.7435
2026-08-04 07:01:00,87.2420,53.2141,2.6620
2026-08-04 07:02:00,87.5378,52.4016,2.7265
2026-08-04 07:03:00,86.8928,50.6170,2.7291
2026-08-04 07:04:00,87.8871,51.4139,2.7216
2026-08-04 07:05:00,87.4888,51.7153,2.7799
2026-08-04 07:06:00,87.8439,52.6348,2.6848
2026-08-04 07:07:00,87.1620,51.4643,2.9544
2026-08-04 07:08:00,87.2322,52.4537,2.7782
2026-08-04 07:09:00,87.1846,51.2870,2.8291
2026-08-04 07:10:00,87.6318,52.3850,2.8760
2026-08-04 07:11:00,87.5995,52.6998,2.9901
2026-08-04 07:12:00,87.4628,53.5963,2.8763
2026-08-04 07:13:00,87.3199,52.6464,2.7580
2026-08-04 07:14:00,87.2655,51.8190,2.6728
2026-08-04 07:15:00,87.6519,53.6888,2.8110
2026-08-04 07:16:00,87.5471,52.3695,2.8803
2026-08-04 07:17:00,87.5009,53.1560,2.7850
2026-08-04 07:18:00,88.1900,52.0676,2.7738
2026-08-04 07:19:00,87.7199,52.6508,2.7850
2026-08-04 07:20:00,88.1438,51.9571,2.5728
2026-08-04 07:21:00,87.6205,52.8753,2.7704
2026-08-04 07:22:00,87.8710,53.2795,2.8248
2026-08-04 07:23:00,87.7974,52.2591,2.7427
2026-08-04 07:24:00,87.3208,52.2322,2.8551
2026-08-04 07:25:00,88.2740,52.9761,2.8537
2026-08-04 07:26:00,87.8198,52.0477,2.6828
2026-08-04 07:27:00,88.0986,51.5101,2.7723
2026-08-04 07:28:00,87.6628,53.0232,2.7272
2026-08-04 07:29:00,87.8521,52.6702,2.5148
2026-08-04 07:30:00,87.6542,52.6686,2.6934
2026-08-04 07:31:00,88.2971,53.2033,2.6034
2026-08-04 07:32:00,88.0312,53.3293,2.7141
2026-08-04 07:33:00,88.0588,52.6858,2.7631
2026-08-04 07:34:00,88.3665,51.9298,2.6670
2026-08-04 07:35:00,88.3157,52.3299,2.5926
2026-08-04 07:36:00,88.2077,53.3211,2.6997
2026-08-04 07:37:00,87.5602,52.9742,2.9143
2026-08-04 07:38:00,87.7861,52.4367,2.4462
2026-08-04 07:39:00,87.7012,52.2599,2.6800
2026-08-04 07:40:00,88.2276,53.3920,2.5956
2026-08-04 07:41:00,88.0669,52.7304,2.6005
2026-08-04 07:42:00,87.6044,53.5193,2.6257
2026-08-04 07:43:00,87.9701,53.6295,2.5947
2026-08-04 07:44:00,87.5832,52.6842,2.6822
2026-08-04 07:45:00,88.0196,53.7021,2.5906
2026-08-04 07:46:00,87.5426,53.0605,2.3913
2026-08-04 07:47:00,88.2008,53.1709,2.7281
2026-08-04 07:48:00,88.1580,51.2121,2.7056
2026-08-04 07:49:00,88.6189,52.1922,2.5245
2026-08-04 07:50:00,88.3022,52.2410,2.5826
2026-08-04 07:51:00,87.9217,52.7243,2.6918
2026-08-04 07:52:00,88.2943,53.0750,2.6657
2026-08-04 07:53:00,87.6292,53.1116,2.6904
2026-08-04 07:54:00,87.7589,53.2193,2.5844
2026-08-04 07:55:00,88.1462,52.4456,2.6161
2026-08-04 07:56:00,87.3968,53.5490,2.6722
2026-08-04 07:57:00,88.0306,54.4451,2.4892
2026-08-04 07:58:00,87.7327,52.7163,2.5598
2026-08-04 07:59:00,88.0656,52.4688,2.2932
2026-08-04 08:00:00,87.7078,52.4517,2.3420
2026-08-04 08:01:00,88.1537,53.0681,2.5421
2026-08-04 08:02:00,88.0271,52.5784,2.5496
2026-08-04 08:03:00,88.4357,51.6134,2.4377
2026-08-04 08:04:00,88.0115,51.8305,2.4080
2026-08-04 08:05:00,87.7722,53.8097,2.4253
2026-08-04 08:06:00,87.9215,54.0162,2.4723
2026-08-04 08:07:00,87.5846,54.2673,2.2140
2026-08-04 08:08:00,88.1014,53.1646,2.4842
2026-08-04 08:09:00,88.1478,52.1865,2.4332
2026-08-04 08:10:00,88.7024,52.6239,2.4471
2026-08-04 08:11:00,87.7654,51.7758,2.4024
2026-08-04 08:12:00,87.8615,51.7392,2.2690
2026-08-04 08:13:00,87.7584,53.1609,2.2900
2026-08-04 08:14:00,87.9837,53.3810,2.5448
2026-08-04 08:15:00,88.0229,54.5091,2.3209
2026-08-04 08:16:00,87.8803,52.8680,2.4588
2026-08-04 08:17:00,88.2097,51.8398,2.2626
2026-08-04 08:18:00,87.6858,52.8196,2.3623
2026-08-04 08:19:00,88.1533,52.6817,2.3128
2026-08-04 08:20:00,88.0051,52.5048,2.3213
2026-08-04 08:21:00,87.8257,53.1624,2.3093
2026-08-04 08:22:00,87.7200,51.9049,2.4810
2026-08-04 08:23:00,88.5274,52.9696,2.5228
2026-08-04 08:24:00,87.5387,53.3744,2.3474
2026-08-04 08:25:00,87.8572,53.9766,2.2761
2026-08-04 08:26:00,87.5263,53.0762,2.1783
2026-08-04 08:27:00,88.2703,53.6491,2.1654
2026-08-04 08:28:00,87.9835,52.4456,2.4442
2026-08-04 08:29:00,87.4963,52.5430,2.1466
2026-08-04 08:30:00,87.8356,53.8499,2.2438
2026-08-04 08:31:00,87.7408,51.6591,2.2979
2026-08-04 08:32:00,87.4898,52.4181,2.0169
2026-08-04 08:33:00,87.8532,53.6272,2.1468
2026-08-04 08:34:00,87.7231,52.5389,2.1330
2026-08-04 08:35:00,87.6512,52.4621,2.1954
2026-08-04 08:36:00,87.5538,52.4608,2.2832
2026-08-04 08:37:00,87.6753,52.7487,2.3555
2026-08-04 08:38:00,87.5940,53.5053,2.1820
2026-08-04 08:39:00,87.5218,53.3569,2.1980
2026-08-04 08:40:00,87.2903,52.6072,2.2282
2026-08-04 08:41:00,87.9691,53.4521,2.1558
2026-08-04 08:42:00,87.1238,52.8314,2.2745
2026-08-04 08:43:00,87.5449,53.2245,2.2741
2026-08-04 08:44:00,87.2979,51.6933,1.9538
2026-08-04 08:45:00,87.8990,53.8853,2.2868
2026-08-04 08:46:00,87.0769,52.6485,2.2326
2026-08-04 08:47:00,87.1040,50.2513,2.2431
2026-08-04 08:48:00,87.0100,53.7547,2.3326
2026-08-04 08:49:00,87.3740,52.4078,2.0337
2026-08-04 08:50:00,86.8409,52.0637,2.0847
2026-08-04 08:51:00,87.0849,51.8714,2.2013
2026-08-04 08:52:00,86.5582,52.6830,1.9744
2026-08-04 08:53:00,87.2512,51.5958,2.1839
2026-08-04 08:54:00,87.0040,51.8197,2.2883
2026-08-04 08:55:00,86.6824,51.8132,2.2422
2026-08-04 08:56:00,87.4291,51.9956,2.2095
2026-08-04 08:57:00,86.6855,51.7908,2.1777
2026-08-04 08:58:00,87.2911,52.8584,2.1576
2026-08-04 08:59:00,86.8158,52.3658,2.1516
2026-08-04 09:00:00,87.4805,52.4357,2.2229
2026-08-04 09:01:00,87.1986,52.5819,2.0450
2026-08-04 09:02:00,86.6449,51.9906,2.3467
2026-08-04 09:03:00,86.6457,51.2202,2.1272
2026-08-04 09:04:00,87.0758,53.4515,2.2574
2026-08-04 09:05:00,86.7886,52.7201,2.2106
2026-08-04 09:06:00,86.7897,53.2386,2.0883
2026-08-04 09:07:00,87.1951,52.7459,2.3343
2026-08-04 09:08:00,86.5618,51.5197,2.3147
2026-08-04 09:09:00,86.7866,49.9789,2.0512
2026-08-04 09:10:00,87.0183,50.8430,2.2029
2026-08-04 09:11:00,86.9473,52.3042,2.2331
2026-08-04 09:12:00,86.6293,51.6820,2.0075
2026-08-04 09:13:00,86.5630,51.3956,2.0052
2026-08-04 09:14:00,86.1006,49.7028,2.1366
2026-08-04 09:15:00,86.2778,51.6562,2.0915
2026-08-04 09:16:00,86.6626,50.7685,2.1216
2026-08-04 09:17:00,86.4981,51.0213,2.0979
2026-08-04 09:18:00,86.5343,52.2476,2.2205
2026-08-04 09:19:00,86.7960,50.7106,2.1471
2026-08-04 09:20:00,86.1004,50.7530,2.3516
2026-08-04 09:21:00,86.3581,51.6143,2.2622
2026-08-04 09:22:00,86.4580,52.1294,2.3278
2026-08-04 09:23:00,86.1625,51.0747,2.0839
2026-08-04 09:24:00,86.7756,52.5357,2.1945
2026-08-04 09:25:00,86.5912,50.3039,2.2756
2026-08-04 09:26:00,86.3782,50.1283,2.3122
2026-08-04 09:27:00,86.8020,50.0246,2.2071
2026-08-04 09:28:00,85.7867,49.8985,2.2269
2026-08-04 09:29:00,86.2068,51.4535,2.2432
2026-08-04 09:30:00,86.2918,50.3658,2.2581
2026-08-04 09:31:00,85.8803,49.9835,2.5099
2026-08-04 09:32:00,86.2179,51.3789,2.3306
2026-08-04 09:33:00,85.7687,51.6975,2.3092
2026-08-04 09:34:00,86.2810,51.8421,2.1853
2026-08-04 09:35:00,86.3644,51.6645,2.1938
2026-08-04 09:36:00,86.1021,50.1926,2.3023
2026-08-04 09:37:00,85.4381,51.1105,2.4431
2026-08-04 09:38:00,85.6775,51.2495,2.3167
2026-08-04 09:39:00,86.1107,50.4344,2.3276
2026-08-04 09:40:00,85.9216,50.9083,2.2756
2026-08-04 09:41:00,85.0811,49.7372,2.1827
2026-08-04 09:42:00,86.2363,50.1983,2.4075
2026-08-04 09:43:00,85.8788,50.9595,2.3454
2026-08-04 09:44:00,85.5667,51.8298,2.4226
2026-08-04 09:45:00,86.0856,51.5064,2.4007
2026-08-04 09:46:00,85.5587,51.0754,2.2961
2026-08-04 09:47:00,85.5306,50.5718,2.4224
2026-08-04 09:48:00,85.8199,50.4091,2.2782
2026-08-04 09:49:00,86.2222,49.2724,2.4365
2026-08-04 09:50:00,86.1506,49.7232,2.4161
2026-08-04 09:51:00,85.7474,49.7103,2.5840
2026-08-04 09:52:00,85.7543,50.7734,2.3509
2026-08-04 09:53:00,85.8294,51.0305,2.3126
2026-08-04 09:54:00,85.1914,50.8246,2.4118
2026-08-04 09:55:00,85.7385,51.1423,2.5218
2026-08-04 09:56:00,85.3021,50.2148,2.1889
2026-08-04 09:57:00,85.5952,49.3314,2.5640
2026-08-04 09:58:00,85.4089,50.0386,2.4634
2026-08-04 09:59:00,85.6053,49.4594,2.3780
2026-08-04 10:00:00,85.4684,50.5263,2.4632
2026-08-04 10:01:00,84.4894,49.6735,2.4337
2026-08-04 10:02:00,85.4436,49.8426,2.3932
2026-08-04 10:03:00,85.5614,50.4371,2.3297
2026-08-04 10:04:00,85.4817,49.2501,2.6044
2026-08-04 10:05:00,85.2965,50.5750,2.4832
2026-08-04 10:06:00,85.7997,48.6865,2.5078
2026-08-04 10:07:00,85.3804,49.9707,2.6391
2026-08-04 10:08:00,85.3986,49.6137,2.5680
2026-08-04 10:09:00,85.5612,50.3093,2.4141
2026-08-04 10:10:00,85.3375,48.5089,2.6449
2026-08-04 10:11:00,84.9405,48.3449,2.7336
2026-08-04 10:12:00,84.4599,50.1307,2.6430
2026-08-04 10:13:00,85.0301,49.1792,2.5136
2026-08-04 10:14:00,85.3837,49.3807,2.4602
2026-08-04 10:15:00,85.0319,48.8869,2.5247
2026-08-04 10:16:00,85.3609,50.1065,2.6323
2026-08-04 10:17:00,85.1483,49.5773,2.7718
2026-08-04 10:18:00,85.4735,49.4922,2.5603
2026-08-04 10:19:00,84.9822,48.3258,2.5783
2026-08-04 10:20:00,85.1952,49.6247,2.7521
2026-08-04 10:21:00,85.1910,48.3919,2.6133
2026-08-04 10:22:00,85.4745,48.6211,2.8348
2026-08-04 10:23:00,84.4971,48.0181,2.6551
2026-08-04 10:24:00,84.8570,48.9477,2.7931
2026-08-04 10:25:00,85.2348,49.8873,2.7209
2026-08-04 10:26:00,85.4301,49.1799,2.7595
2026-08-04 10:27:00,85.0248,48.6082,2.6771
2026-08-04 10:28:00,84.8518,49.0122,2.6896
2026-08-04 10:29:00,85.1539,48.9712,2.7484
2026-08-04 10:30:00,85.1748,48.9048,2.7919
2026-08-04 10:31:00,84.7941,48.9576,2.7702
2026-08-04 10:32:00,84.9893,47.9478,2.5462
2026-08-04 10:33:00,85.2329,48.8293,2.7539
2026-08-04 10:34:00,85.4348,47.3043,2.6675
2026-08-04 10:35:00,85.0797,49.1336,2.6834
2026-08-04 10:36:00,84.8597,47.7558,2.7885
2026-08-04 10:37:00,84.8202,49.5452,2.9170
2026-08-04 10:38:00,84.9939,46.6123,2.7284
2026-08-04 10:39:00,84.7827,49.8737,2.9531
2026-08-04 10:40:00,84.8653,47.1886,2.6501
2026-08-04 10:41:00,84.4824,47.5062,2.8868
2026-08-04 10:42:00,85.1805,48.6717,2.8104
2026-08-04 10:43:00,84.4414,48.8941,2.7916
2026-08-04 10:44:00,84.6462,48.1394,2.9124
2026-08-04 10:45:00,84.7979,49.0474,2.7135
2026-08-04 10:46:00,85.3590,47.6635,2.9078
2026-08-04 10:47:00,84.6284,47.9488,2.7620
2026-08-04 10:48:00,84.5492,47.9950,2.7211
2026-08-04 10:49:00,84.5779,47.7743,2.6550
2026-08-04 10:50:00,85.2353,46.6264,2.9483
2026-08-04 10:51:00,83.8887,48.1230,2.9058
2026-08-04 10:52:00,84.4268,48.0200,2.7456
2026-08-04 10:53:00,85.5425,48.9442,2.8495
2026-08-04 10:54:00,84.8962,47.0229,2.8090
2026-08-04 10:55:00,84.3833,47.5104,2.7621
2026-08-04 10:56:00,84.6991,48.9554,2.8948
2026-08-04 10:57:00,84.7287,48.1982,2.7365
2026-08-04 10:58:00,84.9595,48.3744,2.5804
2026-08-04 10:59:00,85.2550,48.2694,2.8259
2026-08-04 11:00:00,84.8175,48.2450,2.8067
2026-08-04 11:01:00,84.5372,49.3079,2.7406
2026-08-04 11:02:00,84.9337,47.8971,2.7103
2026-08-04 11:03:00,84.4868,46.9880,2.6431
2026-08-04 11:04:00,84.3854,48.2816,2.7621
2026-08-04 11:05:00,84.1668,47.2912,2.7099
2026-08-04 11:06:00,84.2249,47.6308,2.8927
2026-08-04 11:07:00,84.4255,47.9896,2.8466
2026-08-04 11:08:00,84.3414,47.0115,2.7450
2026-08-04 11:09:00,84.7893,47.2358,2.8440
2026-08-04 11:10:00,84.3363,48.0006,2.7790
2026-08-04 11:11:00,83.7542,47.1573,2.7607
2026-08-04 11:12:00,84.3856,48.3517,2.7798
2026-08-04 11:13:00,84.5589,46.7611,2.9599
2026-08-04 11:14:00,84.5208,46.7360,2.8445
2026-08-04 11:15:00,85.1606,49.0304,2.7473
2026-08-04 11:16:00,84.5232,46.2598,2.8634
2026-08-04 11:17:00,84.9743,47.4414,2.8566
2026-08-04 11:18:00,84.7073,48.9233,2.7933
2026-08-04 11:19:00,84.7036,47.3989,2.7308
2026-08-04 11:20:00,84.4692,48.4793,2.7203
2026-08-04 11:21:00,84.7060,47.9045,2.6483
2026-08-04 11:22:00,84.4981,47.3578,2.7697
2026-08-04 11:23:00,84.7829,47.2405,2.6863
2026-08-04 11:24:00,84.6655,45.6315,2.6990
2026-08-04 11:25:00,84.4577,47.0541,2.8004
2026-08-04 11:26:00,85.0435,47.4780,2.9019
2026-08-04 11:27:00,84.8791,47.4609,2.7655
2026-08-04 11:28:00,84.6220,49.2321,2.7124
2026-08-04 11:29:00,84.8056,47.4684,2.7157
2026-08-04 11:30:00,84.7425,47.7325,2.8259
2026-08-04 11:31:00,84.5133,48.1455,2.7453
2026-08-04 11:32:00,84.8008,47.6317,2.7201
2026-08-04 11:33:00,84.5996,47.1166,2.7213
2026-08-04 11:34:00,84.5089,47.1071,2.5459
2026-08-04 11:35:00,84.3121,46.8787,2.7217
2026-08-04 11:36:00,84.6981,47.5022,2.5888
2026-08-04 11:37:00,84.9827,46.9987,2.7094
2026-08-04 11:38:00,84.6113,47.6235,2.5899
2026-08-04 11:39:00,85.5831,46.3054,2.7159
2026-08-04 11:40:00,85.1000,47.2197,2.6347
2026-08-04 11:41:00,85.2330,48.3340,2.5286
2026-08-04 11:42:00,85.0879,46.9032,2.6071
2026-08-04 11:43:00,85.4129,48.5484,2.8497
2026-08-04 11:44:00,84.6288,47.1965,2.3947
2026-08-04 11:45:00,84.1046,47.0124,2.6314
2026-08-04 11:46:00,84.7470,47.1435,2.5065
2026-08-04 11:47:00,85.0564,46.7942,2.7378
2026-08-04 11:48:00,84.9426,45.4525,2.6743
2026-08-04 11:49:00,84.9881,47.7352,2.6038
2026-08-04 11:50:00,85.3101,48.7798,2.6694
2026-08-04 11:51:00,85.0369,47.4051,2.5945
2026-08-04 11:52:00,85.1704,47.4495,2.5630
2026-08-04 11:53:00,84.6574,46.8665,2.4948
2026-08-04 11:54:00,84.6193,47.9355,2.5108
2026-08-04 11:55:00,85.4407,46.9750,2.4928
2026-08-04 11:56:00,84.9954,47.2179,2.5324
2026-08-04 11:57:00,84.7869,45.7501,2.3343
2026-08-04 11:58:00,84.7961,46.5776,2.6187
2026-08-04 11:59:00,84.7965,47.2941,2.7025
2026-08-04 12:00:00,84.7873,47.7258,2.4568
2026-08-04 12:01:00,84.6238,47.7482,2.6096
2026-08-04 12:02:00,84.5673,45.7377,2.4709
2026-08-04 12:03:00,84.9676,45.8201,2.4162
2026-08-04 12:04:00,84.8570,47.4714,2.4305
2026-08-04 12:05:00,85.3756,46.4090,2.4694
2026-08-04 12:06:00,85.1400,47.7249,2.3809
2026-08-04 12:07:00,85.1403,45.7085,2.5059
2026-08-04 12:08:00,84.8463,46.9377,2.3857
2026-08-04 12:09:00,85.0414,46.9934,2.3226
2026-08-04 12:10:00,85.1945,47.4100,2.4204
2026-08-04 12:11:00,85.3094,46.2061,2.3454
2026-08-04 12:12:00,85.0746,45.4635,2.3746
2026-08-04 12:13:00,85.4348,47.1804,2.3944
2026-08-04 12:14:00,85.1215,47.4714,2.2585
2026-08-04 12:15:00,85.3650,47.8636,2.5311
2026-08-04 12:16:00,84.9882,46.7787,2.4592
2026-08-04 12:17:00,84.5992,47.6945,2.3078
2026-08-04 12:18:00,85.2312,47.4715,2.3619
2026-08-04 12:19:00,85.3759,48.1502,2.4204
2026-08-04 12:20:00,85.3383,47.0579,2.3709
2026-08-04 12:21:00,85.2997,45.7287,2.5312
2026-08-04 12:22:00,85.0757,47.0694,2.3127
2026-08-04 12:23:00,84.9453,47.2057,2.4490
2026-08-04 12:24:00,85.3598,47.5614,2.1902
2026-08-04 12:25:00,85.3290,45.9331,2.1993
2026-08-04 12:26:00,85.0394,46.9224,2.4797
2026-08-04 12:27:00,85.5469,47.8799,2.2620
2026-08-04 12:28:00,84.9555,47.1160,2.1825
2026-08-04 12:29:00,85.0514,46.9690,2.2887
2026-08-04 12:30:00,85.7233,48.7534,2.4143
2026-08-04 12:31:00,85.4987,46.3876,2.2060
2026-08-04 12:32:00,85.1362,48.2459,2.2729
2026-08-04 12:33:00,85.3351,48.0926,2.0864
2026-08-04 12:34:00,85.3005,47.1121,2.2200
2026-08-04 12:35:00,84.4353,47.2831,2.3617
2026-08-04 12:36:00,84.9917,47.2978,2.1789
2026-08-04 12:37:00,85.2529,47.4906,2.1256
2026-08-04 12:38:00,85.1654,46.8879,2.1708
2026-08-04 12:39:00,85.3505,47.0400,2.1832
2026-08-04 12:40:00,85.6190,47.1177,2.3167
2026-08-04 12:41:00,85.1872,47.1631,2.2743
2026-08-04 12:42:00,84.9697,47.1935,2.2900
2026-08-04 12:43:00,85.3875,45.6702,2.2321
2026-08-04 12:44:00,85.1948,47.5621,2.1640
2026-08-04 12:45:00,85.2485,47.0836,2.1452
2026-08-04 12:46:00,85.2100,46.0342,2.2632
2026-08-04 12:47:00,85.9721,47.2700,2.3761
2026-08-04 12:48:00,84.6290,47.2682,2.1206
2026-08-04 12:49:00,85.1862,48.6164,2.1106
2026-08-04 12:50:00,85.3027,47.1886,2.0966
2026-08-04 12:51:00,85.0704,48.1783,2.2914
2026-08-04 12:52:00,85.5752,48.7748,2.2023
2026-08-04 12:53:00,85.5495,47.1910,2.2606
2026-08-04 12:54:00,85.2912,47.6808,2.1529
2026-08-04 12:55:00,85.2240,49.1274,2.2644
2026-08-04 12:56:00,85.2710,47.9537,2.1729
2026-08-04 12:57:00,85.2723,48.0960,2.0464
2026-08-04 12:58:00,85.2789,47.4981,2.2927
2026-08-04 12:59:00,85.2445,48.4007,2.1965
2026-08-04 13:00:00,85.3748,47.8470,2.1690
2026-08-04 13:01:00,85.5228,46.4409,2.2282
2026-08-04 13:02:00,84.9253,47.6508,2.0560
2026-08-04 13:03:00,84.9763,47.0171,2.2440
2026-08-04 13:04:00,84.7638,48.0824,2.1421
2026-08-04 13:05:00,85.5448,47.2885,2.1870
2026-08-04 13:06:00,85.3561,48.4342,2.3176
2026-08-04 13:07:00,85.4285,48.1175,2.2692
2026-08-04 13:08:00,84.8435,47.1136,2.1889
2026-08-04 13:09:00,85.8030,47.7487,2.1982
2026-08-04 13:10:00,85.0797,48.6702,1.9542
2026-08-04 13:11:00,85.3073,49.1234,2.1302
2026-08-04 13:12:00,85.5073,47.5147,2.2314
2026-08-04 13:13:00,84.9487,47.3906,2.1408
2026-08-04 13:14:00,85.0744,49.8616,2.0873
2026-08-04 13:15:00,85.2851,48.3255,2.2709
2026-08-04 13:16:00,86.0814,48.4393,2.3566
2026-08-04 13:17:00,85.3069,47.8076,2.1571
2026-08-04 13:18:00,85.6905,48.6047,2.3202
2026-08-04 13:19:00,85.5620,49.8382,2.3088
2026-08-04 13:20:00,85.3020,48.7035,2.1425
2026-08-04 13:21:00,84.8859,49.3861,2.1714
2026-08-04 13:22:00,85.4912,48.5917,2.4287
2026-08-04 13:23:00,84.7141,47.7825,2.1411
2026-08-04 13:24:00,85.6338,48.0914,2.1964
2026-08-04 13:25:00,85.2031,47.7789,2.4586
2026-08-04 13:26:00,84.3373,48.8827,2.2100
2026-08-04 13:27:00,85.0191,49.7231,2.4072
2026-08-04 13:28:00,85.3060,48.9086,2.1749
2026-08-04 13:29:00,85.0268,48.5695,2.2962
2026-08-04 13:30:00,85.3003,48.2202,2.3965
2026-08-04 13:31:00,84.8183,49.1727,2.2467
2026-08-04 13:32:00,84.6686,47.9344,2.3092
2026-08-04 13:33:00,85.0258,48.0544,2.3796
2026-08-04 13:34:00,85.0431,49.7187,2.2210
2026-08-04 13:35:00,84.9152,48.8135,2.5414
2026-08-04 13:36:00,85.3737,48.8350,2.4274
2026-08-04 13:37:00,84.7358,48.9751,2.2943
2026-08-04 13:38:00,85.0699,49.7287,2.3131
2026-08-04 13:39:00,84.9811,49.3181,2.5344
2026-08-04 13:40:00,84.4781,48.6291,2.3145
2026-08-04 13:41:00,84.5335,48.6959,2.3096
2026-08-04 13:42:00,84.9165,49.1436,2.4784
2026-08-04 13:43:00,85.4907,49.5797,2.2308
2026-08-04 13:44:00,85.0532,49.3479,2.3701
2026-08-04 13:45:00,84.3445,49.3151,2.3936
2026-08-04 13:46:00,83.9115,49.4903,2.3221
2026-08-04 13:47:00,85.0467,49.4630,2.2433
2026-08-04 13:48:00,84.7797,48.9064,2.4142
2026-08-04 13:49:00,85.1324,50.4552,2.4836
2026-08-04 13:50:00,84.5070,49.2226,2.3544
2026-08-04 13:51:00,84.8572,49.7508,2.3120
2026-08-04 13:52:00,84.9866,48.0381,2.5632
2026-08-04 13:53:00,84.5787,49.5534,2.4981
2026-08-04 13:54:00,84.5652,48.8850,2.4169
2026-08-04 13:55:00,84.6803,49.0206,2.5529
2026-08-04 13:56:00,84.8149,51.7807,2.4928
2026-08-04 13:57:00,84.6269,50.0818,2.6554
2026-08-04 13:58:00,84.9023,50.9023,2.5507
2026-08-04 13:59:00,84.4501,50.6450,2.3532
2026-08-04 14:00:00,84.1685,50.7866,2.4341
2026-08-04 14:01:00,85.1381,49.8800,2.4468
2026-08-04 14:02:00,84.3414,51.3637,2.5467
2026-08-04 14:03:00,84.3298,50.7951,2.4932
2026-08-04 14:04:00,84.4579,50.1901,2.4186
2026-08-04 14:05:00,84.4749,50.4068,2.5981
2026-08-04 14:06:00,84.3155,50.1260,2.6469
2026-08-04 14:07:00,84.4029,50.3163,2.5444
2026-08-04 14:08:00,84.3725,50.2787,2.5833
2026-08-04 14:09:00,84.4130,50.6578,2.4733
2026-08-04 14:10:00,83.6292,51.7836,2.5254
2026-08-04 14:11:00,84.8764,49.4663,2.5370
2026-08-04 14:12:00,84.2434,51.3832,2.6486
2026-08-04 14:13:00,84.4371,50.2135,2.6257
2026-08-04 14:14:00,83.8246,51.5624,2.5745
2026-08-04 14:15:00,84.0716,50.3185,2.5779
2026-08-04 14:16:00,83.9859,50.9539,2.4252
2026-08-04 14:17:00,84.6031,50.5350,2.7897
2026-08-04 14:18:00,83.9608,49.3159,2.4277
2026-08-04 14:19:00,84.3382,52.1296,2.6853
2026-08-04 14:20:00,83.8897,50.0223,2.6538
2026-08-04 14:21:00,83.9229,50.8814,2.6302
2026-08-04 14:22:00,83.9588,50.0101,2.6626
2026-08-04 14:23:00,84.3912,49.8200,2.6036
2026-08-04 14:24:00,83.4126,50.7631,2.7416
2026-08-04 14:25:00,83.5582,50.4895,2.5513
2026-08-04 14:26:00,83.3420,50.0664,2.7216
2026-08-04 14:27:00,83.5731,51.0100,2.6271
2026-08-04 14:28:00,83.6289,49.8896,2.6580
2026-08-04 14:29:00,83.3610,51.2121,2.6665
2026-08-04 14:30:00,83.5979,51.0462,2.6956
2026-08-04 14:31:00,83.1865,49.1999,2.7678
2026-08-04 14:32:00,83.4582,50.8017,2.7194
2026-08-04 14:33:00,84.0964,51.6307,2.8214
2026-08-04 14:34:00,83.8299,50.4407,2.8376
2026-08-04 14:35:00,83.7376,51.7363,2.7689
2026-08-04 14:36:00,83.3530,51.7081,2.8110
2026-08-04 14:37:00,83.1654,50.5827,2.9497
2026-08-04 14:38:00,83.2569,51.4217,2.6103
2026-08-04 14:39:00,83.5581,52.1259,2.8634
2026-08-04 14:40:00,83.8039,50.7989,2.9143
2026-08-04 14:41:00,83.7865,51.3692,2.8070
2026-08-04 14:42:00,83.6773,52.4877,2.9577
2026-08-04 14:43:00,83.2393,50.9147,2.9482
2026-08-04 14:44:00,83.4403,52.0012,2.7404
2026-08-04 14:45:00,83.3089,50.8034,2.7511
2026-08-04 14:46:00,83.3174,51.5704,2.8331
2026-08-04 14:47:00,83.9614,52.0888,2.7204
2026-08-04 14:48:00,82.7942,49.8397,3.0564
2026-08-04 14:49:00,83.2250,51.3675,2.8665
2026-08-04 14:50:00,83.6316,52.1697,2.7944
2026-08-04 14:51:00,82.8010,52.0380,2.6507
2026-08-04 14:52:00,83.0205,51.4701,2.8186
2026-08-04 14:53:00,83.0278,51.0347,2.6764
2026-08-04 14:54:00,83.0925,52.4511,2.8723
2026-08-04 14:55:00,82.6539,51.7201,2.5472
2026-08-04 14:56:00,83.2844,52.4437,2.9367
2026-08-04 14:57:00,83.2791,52.3406,2.7567
2026-08-04 14:58:00,83.2052,51.7071,2.6304
2026-08-04 14:59:00,82.7651,52.9514,2.7983
2026-08-04 15:00:00,83.0260,51.6459,2.8017
2026-08-04 15:01:00,82.7041,53.1013,2.7935
2026-08-04 15:02:00,82.8482,53.2332,2.9376
2026-08-04 15:03:00,83.5682,53.0431,2.8372
2026-08-04 15:04:00,82.9253,52.0850,2.8780
2026-08-04 15:05:00,82.5149,54.2932,2.7726
2026-08-04 15:06:00,82.9000,52.4027,2.8390
2026-08-04 15:07:00,82.4154,52.4994,2.6641
2026-08-04 15:08:00,82.4364,52.3138,2.8193
2026-08-04 15:09:00,82.4592,51.4521,2.7159
2026-08-04 15:10:00,82.6138,53.4161,2.9217
2026-08-04 15:11:00,83.0041,51.9458,2.7952
2026-08-04 15:12:00,82.8726,53.1627,2.8516
2026-08-04 15:13:00,82.8323,53.3776,2.8090
2026-08-04 15:14:00,82.3223,52.9550,2.9607
2026-08-04 15:15:00,82.4665,51.9408,2.6211
2026-08-04 15:16:00,82.6876,52.2431,2.7627
2026-08-04 15:17:00,82.3949,50.3955,2.6748
2026-08-04 15:18:00,82.4776,52.4647,2.5623
2026-08-04 15:19:00,82.6715,53.2204,2.6611
2026-08-04 15:20:00,82.4127,52.4081,2.8770
2026-08-04 15:21:00,82.5638,52.1454,2.7528
2026-08-04 15:22:00,82.9527,52.3983,2.7296
2026-08-04 15:23:00,82.4025,53.6273,2.8246
2026-08-04 15:24:00,82.7874,52.6295,2.7542
2026-08-04 15:25:00,82.5813,54.1770,2.7993
2026-08-04 15:26:00,81.9535,52.2512,2.7654
2026-08-04 15:27:00,82.0436,52.8982,2.7824
2026-08-04 15:28:00,82.1051,52.3939,2.6780
2026-08-04 15:29:00,82.0800,54.4160,2.8223
2026-08-04 15:30:00,82.2911,52.9154,2.5909
2026-08-04 15:31:00,82.4846,54.4889,2.6979
2026-08-04 15:32:00,82.6591,52.4646,2.8104
2026-08-04 15:33:00,82.3579,54.0366,2.6794
2026-08-04 15:34:00,82.1149,52.9223,2.6457
2026-08-04 15:35:00,81.6075,53.5101,2.9115
2026-08-04 15:36:00,82.2374,51.8774,2.8182
2026-08-04 15:37:00,82.2084,53.1438,2.6841
2026-08-04 15:38:00,82.2403,52.0212,2.5663
2026-08-04 15:39:00,82.8026,53.0930,2.4532
2026-08-04 15:40:00,82.5286,51.6831,2.7209
2026-08-04 15:41:00,82.3781,52.8324,2.7697
2026-08-04 15:42:00,81.8405,53.7936,2.6758
2026-08-04 15:43:00,81.9623,53.3641,2.4581
2026-08-04 15:44:00,82.0752,51.9473,2.6381
2026-08-04 15:45:00,81.8590,51.4236,2.5661
2026-08-04 15:46:00,82.2301,53.3473,2.6237
2026-08-04 15:47:00,82.1759,54.2216,2.7945
2026-08-04 15:48:00,81.7317,52.1919,2.6716
2026-08-04 15:49:00,82.4071,54.6469,2.6428
2026-08-04 15:50:00,82.0690,52.9691,2.5731
2026-08-04 15:51:00,81.5104,51.4123,2.6115
2026-08-04 15:52:00,82.0050,51.7349,2.4901
2026-08-04 15:53:00,82.0965,53.6034,2.6102
2026-08-04 15:54:00,82.2963,53.0944,2.5276
2026-08-04 15:55:00,81.8960,54.1794,2.4569
2026-08-04 15:56:00,82.2389,52.0374,2.6129
2026-08-04 15:57:00,82.0405,53.0925,2.3004
2026-08-04 15:58:00,81.5842,53.0044,2.4612
2026-08-04 15:59:00,81.5490,52.8853,2.5692
2026-08-04 16:00:00,82.3057,52.6939,2.6225
2026-08-04 16:01:00,82.3236,52.7096,2.5393
2026-08-04 16:02:00,82.0581,53.1387,2.4171
2026-08-04 16:03:00,82.4069,53.2398,2.4714
2026-08-04 16:04:00,82.2727,53.1979,2.4978
2026-08-04 16:05:00,82.1588,53.9584,2.6169
2026-08-04 16:06:00,81.6789,52.0297,2.5451
2026-08-04 16:07:00,82.4709,51.5381,2.5381
2026-08-04 16:08:00,82.1120,53.7971,2.4442
2026-08-04 16:09:00,81.8356,52.2244,2.3229
2026-08-04 16:10:00,81.7517,52.6708,2.2818
2026-08-04 16:11:00,82.0305,52.4793,2.3847
2026-08-04 16:12:00,81.4541,52.4563,2.4772
2026-08-04 16:13:00,82.1677,51.7901,2.3497
2026-08-04 16:14:00,81.6748,52.4941,2.4497
2026-08-04 16:15:00,82.0756,53.4618,2.3057
2026-08-04 16:16:00,81.8120,52.9313,2.3139
2026-08-04 16:17:00,81.8939,53.3296,2.5116
2026-08-04 16:18:00,81.7514,52.5202,2.4405
2026-08-04 16:19:00,81.9359,53.6300,2.3262
2026-08-04 16:20:00,82.5575,52.4911,2.2669
2026-08-04 16:21:00,82.4132,51.2005,2.4381
2026-08-04 16:22:00,82.1115,53.1298,2.4243
2026-08-04 16:23:00,82.0057,53.4790,2.3940
2026-08-04 16:24:00,82.2752,52.4058,2.3059
2026-08-04 16:25:00,82.3701,53.8002,2.2079
2026-08-04 16:26:00,81.7920,52.1474,2.3097
2026-08-04 16:27:00,82.0281,53.3512,2.4459
2026-08-04 16:28:00,81.5156,54.1966,2.2084
2026-08-04 16:29:00,82.4107,52.8158,2.2982
2026-08-04 16:30:00,82.7053,52.5905,2.4514
2026-08-04 16:31:00,82.1224,52.6718,2.2520
2026-08-04 16:32:00,81.4741,54.0433,2.2643
2026-08-04 16:33:00,82.3080,53.0467,2.1368
2026-08-04 16:34:00,81.8684,54.4231,2.3292
2026-08-04 16:35:00,81.9555,52.9140,2.1879
2026-08-04 16:36:00,82.3579,52.1500,2.1018
2026-08-04 16:37:00,82.2623,52.1882,2.1574
2026-08-04 16:38:00,82.0560,52.6857,2.2692
2026-08-04 16:39:00,82.0247,50.9844,2.0862
2026-08-04 16:40:00,82.2750,52.2181,2.1016
2026-08-04 16:41:00,82.1326,52.2160,2.2923
2026-08-04 16:42:00,81.9414,52.7498,2.2255
2026-08-04 16:43:00,82.1936,54.0906,2.1378
2026-08-04 16:44:00,82.4151,52.5599,2.1938
2026-08-04 16:45:00,82.2802,50.9563,2.3967
2026-08-04 16:46:00,81.9304,51.7413,2.3481
2026-08-04 16:47:00,82.6726,52.6598,2.2065
2026-08-04 16:48:00,81.5762,52.5014,2.2963
2026-08-04 16:49:00,82.2864,53.7033,2.2245
2026-08-04 16:50:00,82.2572,53.1481,2.0328
2026-08-04 16:51:00,82.5113,53.1000,2.0130
2026-08-04 16:52:00,82.6593,52.1577,2.1156
2026-08-04 16:53:00,82.8534,53.1858,2.0474
2026-08-04 16:54:00,82.3267,51.5645,2.2309
2026-08-04 16:55:00,82.7419,53.0302,2.1476
2026-08-04 16:56:00,82.6507,52.0035,2.2442
2026-08-04 16:57:00,82.1050,51.0446,2.2450
2026-08-04 16:58:00,83.2157,52.6507,2.2694
2026-08-04 16:59:00,82.2414,53.2669,2.1070
2026-08-04 17:00:00,82.8268,51.7960,2.2516
2026-08-04 17:01:00,82.8464,53.3436,2.1046
2026-08-04 17:02:00,82.8410,50.7403,2.2715
2026-08-04 17:03:00,82.6393,51.0790,2.3232
2026-08-04 17:04:00,83.0657,51.8900,2.2740
2026-08-04 17:05:00,82.3797,51.6814,2.1849
2026-08-04 17:06:00,82.8587,51.4146,2.2604
2026-08-04 17:07:00,82.7405,52.0253,2.0517
2026-08-04 17:08:00,82.7381,51.4651,2.0307
2026-08-04 17:09:00,83.1019,51.5701,2.2550
2026-08-04 17:10:00,83.3289,52.0490,2.3410
2026-08-04 17:11:00,82.9356,51.2609,2.0892
2026-08-04 17:12:00,83.3060,51.6785,2.2162
2026-08-04 17:13:00,83.1204,51.2150,2.2611
2026-08-04 17:14:00,82.8717,50.7347,2.1585
2026-08-04 17:15:00,83.0966,52.2777,2.1889
2026-08-04 17:16:00,83.1190,53.0002,2.2873
2026-08-04 17:17:00,83.0350,52.4525,2.2400
2026-08-04 17:18:00,83.4081,51.8329,2.2440
2026-08-04 17:19:00,83.3859,51.0207,2.1381
2026-08-04 17:20:00,82.8746,51.2705,2.2371
2026-08-04 17:21:00,82.8929,52.3115,2.2044
2026-08-04 17:22:00,83.5528,49.6063,2.2140
2026-08-04 17:23:00,83.2181,51.1062,2.1986
2026-08-04 17:24:00,83.5909,51.9493,2.2546
2026-08-04 17:25:00,83.7725,50.4162,2.1752
2026-08-04 17:26:00,83.1952,51.6302,2.2681
2026-08-04 17:27:00,83.1915,51.5576,2.2354
2026-08-04 17:28:00,84.1562,50.0567,2.1838
2026-08-04 17:29:00,83.7984,51.2538,2.0875
2026-08-04 17:30:00,83.6066,50.6541,2.3826
2026-08-04 17:31:00,83.4918,51.4446,2.3681
2026-08-04 17:32:00,83.6588,51.6109,2.2188
2026-08-04 17:33:00,83.4950,51.3575,2.3733
2026-08-04 17:34:00,84.1576,51.0595,2.2087
2026-08-04 17:35:00,83.7002,51.1954,2.2867
2026-08-04 17:36:00,84.3021,49.9862,2.2706
2026-08-04 17:37:00,83.8950,50.8650,2.3023
2026-08-04 17:38:00,83.7435,50.2149,2.4012
2026-08-04 17:39:00,83.9701,51.6396,2.3031
2026-08-04 17:40:00,83.3524,51.3230,2.3160
2026-08-04 17:41:00,84.1453,51.2828,2.4312
2026-08-04 17:42:00,84.1726,52.0711,2.3700
2026-08-04 17:43:00,84.5132,50.3981,2.3117
2026-08-04 17:44:00,83.7423,50.1845,2.4020
2026-08-04 17:45:00,84.6993,50.3024,2.4845
2026-08-04 17:46:00,84.6396,49.2649,2.4981
2026-08-04 17:47:00,84.8118,49.2892,2.2674
2026-08-04 17:48:00,84.4633,50.9662,2.2798
2026-08-04 17:49:00,84.8263,49.3144,2.5147
2026-08-04 17:50:00,84.1238,49.5316,2.3936
2026-08-04 17:51:00,84.8223,50.2712,2.2100
2026-08-04 17:52:00,84.4204,49.9838,2.3646
2026-08-04 17:53:00,84.1997,50.9830,2.4014
2026-08-04 17:54:00,84.4013,50.2837,2.4218
2026-08-04 17:55:00,84.7837,49.5574,2.5373
2026-08-04 17:56:00,84.5783,50.9343,2.3757
2026-08-04 17:57:00,84.9820,50.7008,2.5700
2026-08-04 17:58:00,84.3703,48.9497,2.5128
2026-08-04 17:59:00,84.3182,50.2411,2.3635
2026-08-04 18:00:00,85.4117,49.4279,2.4681
2026-08-04 18:01:00,85.3148,49.3676,2.5573
2026-08-04 18:02:00,84.7725,51.4171,2.5197
2026-08-04 18:03:00,85.1300,49.9816,2.5614
2026-08-04 18:04:00,85.4803,49.6690,2.4726
2026-08-04 18:05:00,85.3437,49.8718,2.5946
2026-08-04 18:06:00,85.3059,50.4640,2.5071
2026-08-04 18:07:00,85.6334,49.1642,2.8093
2026-08-04 18:08:00,85.1291,49.2617,2.4304
2026-08-04 18:09:00,85.4009,50.1727,2.8398
2026-08-04 18:10:00,85.4294,48.3953,2.4825
2026-08-04 18:11:00,85.3961,50.3621,2.7123
2026-08-04 18:12:00,85.4040,48.2466,2.6754
2026-08-04 18:13:00,85.5857,49.2953,2.5092
2026-08-04 18:14:00,85.6169,48.1742,2.6675
2026-08-04 18:15:00,85.3348,48.5697,2.5652
2026-08-04 18:16:00,85.9323,50.4144,2.6495
2026-08-04 18:17:00,85.4413,50.1735,2.6439
2026-08-04 18:18:00,85.7109,50.2207,2.6013
2026-08-04 18:19:00,85.7299,48.1023,2.5999
2026-08-04 18:20:00,85.9678,48.3827,2.6841
2026-08-04 18:21:00,85.2663,49.4576,2.5664
2026-08-04 18:22:00,86.2108,49.7202,2.5768
2026-08-04 18:23:00,85.7817,48.4708,2.7654
2026-08-04 18:24:00,86.3919,48.6098,2.7192
2026-08-04 18:25:00,85.9234,48.1306,2.5520
2026-08-04 18:26:00,86.0928,50.3252,2.5885
2026-08-04 18:27:00,86.7220,48.5817,2.4812
2026-08-04 18:28:00,86.1048,48.9499,2.7917
2026-08-04 18:29:00,86.5996,48.9552,2.7754
2026-08-04 18:30:00,86.2794,49.7364,2.6033
2026-08-04 18:31:00,86.4317,48.0538,2.7826
2026-08-04 18:32:00,86.3671,49.7144,2.9215
2026-08-04 18:33:00,86.6393,47.7210,2.5742
2026-08-04 18:34:00,86.2179,49.6410,2.6716
2026-08-04 18:35:00,86.1666,47.3009,2.5819
2026-08-04 18:36:00,86.3081,48.5544,2.8376
2026-08-04 18:37:00,86.5672,49.9035,2.7376
2026-08-04 18:38:00,86.5084,49.1263,2.7118
2026-08-04 18:39:00,86.8247,48.8711,2.7785
2026-08-04 18:40:00,87.0396,47.6613,2.7041
2026-08-04 18:41:00,86.3918,47.8783,2.7235
2026-08-04 18:42:00,86.5002,49.5080,2.7948
2026-08-04 18:43:00,86.3251,48.7770,2.7098
2026-08-04 18:44:00,87.4003,49.0783,2.7272
2026-08-04 18:45:00,86.9174,48.3923,2.7615
2026-08-04 18:46:00,87.0044,48.0754,2.7892
2026-08-04 18:47:00,86.4925,48.8819,2.8430
2026-08-04 18:48:00,86.9278,48.4441,2.8436
2026-08-04 18:49:00,87.1142,48.0691,2.6377
2026-08-04 18:50:00,86.9185,47.0425,2.9306
2026-08-04 18:51:00,87.3495,48.9058,2.7976
2026-08-04 18:52:00,87.7523,48.4641,2.7603
2026-08-04 18:53:00,86.8062,47.5967,2.7046
2026-08-04 18:54:00,86.8149,48.9951,2.9952
2026-08-04 18:55:00,86.8889,48.2170,3.0334
2026-08-04 18:56:00,87.6644,48.2033,2.9850
2026-08-04 18:57:00,87.5250,48.6707,2.8112
2026-08-04 18:58:00,87.2010,48.4699,2.8340
2026-08-04 18:59:00,87.2816,48.1416,2.9490
2026-08-04 19:00:00,87.0541,47.7278,2.7759
2026-08-04 19:01:00,87.5940,49.4380,2.8540
2026-08-04 19:02:00,87.2405,47.2368,2.8223
2026-08-04 19:03:00,87.3035,48.3938,2.9910
2026-08-04 19:04:00,87.5907,47.7035,2.9420
2026-08-04 19:05:00,87.3777,48.1083,2.7836
2026-08-04 19:06:00,87.3891,48.7055,2.9488
2026-08-04 19:07:00,87.4878,47.4442,2.7946
2026-08-04 19:08:00,87.7478,48.1500,2.7389
2026-08-04 19:09:00,88.0271,47.8565,2.7632
2026-08-04 19:10:00,87.7323,47.1069,2.8045
2026-08-04 19:11:00,87.8207,48.6027,2.7091
2026-08-04 19:12:00,87.5422,48.1419,2.7336
2026-08-04 19:13:00,87.4118,47.2024,2.6385
2026-08-04 19:14:00,87.8417,48.4105,2.6978
2026-08-04 19:15:00,87.7178,46.8405,2.8006
2026-08-04 19:16:00,87.2600,47.4608,2.8783
2026-08-04 19:17:00,87.6082,47.1194,2.8622
2026-08-04 19:18:00,87.7010,48.0431,2.8103
2026-08-04 19:19:00,87.5915,47.0380,2.6107
2026-08-04 19:20:00,88.2073,48.0087,2.6737
2026-08-04 19:21:00,87.9244,47.8581,2.7360
2026-08-04 19:22:00,88.2095,47.0633,2.8479
2026-08-04 19:23:00,87.8931,48.8088,2.6916
2026-08-04 19:24:00,87.8545,46.7308,2.6207
2026-08-04 19:25:00,87.5645,46.1822,2.8828
2026-08-04 19:26:00,87.8639,47.9771,2.6597
2026-08-04 19:27:00,87.8786,45.5560,2.6153
2026-08-04 19:28:00,87.4783,48.4528,2.7457
2026-08-04 19:29:00,87.7397,47.3250,2.7126
2026-08-04 19:30:00,87.8172,46.0868,2.6621
2026-08-04 19:31:00,88.0503,46.4548,2.7065
2026-08-04 19:32:00,88.0762,45.8920,2.6081
2026-08-04 19:33:00,87.7743,47.4917,2.6437
2026-08-04 19:34:00,88.0997,46.1105,2.6852
2026-08-04 19:35:00,87.9142,47.5609,2.4790
2026-08-04 19:36:00,87.1172,46.9030,2.7718
2026-08-04 19:37:00,87.8413,46.7546,2.5326
2026-08-04 19:38:00,88.3185,47.5310,2.5695
2026-08-04 19:39:00,87.4978,47.6114,2.7568
2026-08-04 19:40:00,88.0431,48.0189,2.7069
2026-08-04 19:41:00,88.4913,46.5853,2.6519
2026-08-04 19:42:00,87.7933,47.0590,2.4654
2026-08-04 19:43:00,88.0274,46.5657,2.5686
2026-08-04 19:44:00,87.6403,47.1959,2.6004
2026-08-04 19:45:00,88.5238,46.4350,2.6005
2026-08-04 19:46:00,88.0142,46.7110,2.7217
2026-08-04 19:47:00,88.0562,46.7081,2.7996
2026-08-04 19:48:00,88.4509,47.2716,2.6542
2026-08-04 19:49:00,88.2450,47.0334,2.5318
2026-08-04 19:50:00,87.7852,47.4307,2.6991
2026-08-04 19:51:00,87.8544,46.9352,2.5111
2026-08-04 19:52:00,88.1973,46.5526,2.3000
2026-08-04 19:53:00,87.8613,47.1656,2.4297
2026-08-04 19:54:00,87.4125,46.2755,2.3097
2026-08-04 19:55:00,88.0303,47.4617,2.5008
2026-08-04 19:56:00,87.6002,46.7757,2.5135
2026-08-04 19:57:00,88.5267,47.1659,2.3643
2026-08-04 19:58:00,88.0918,47.1770,2.4303
2026-08-04 19:59:00,87.7636,48.2815,2.3652
2026-08-04 20:00:00,87.8215,47.3053,2.4873
2026-08-04 20:01:00,87.4596,47.0588,2.4068
2026-08-04 20:02:00,87.6915,46.4471,2.5853
2026-08-04 20:03:00,88.3205,47.6442,2.4934
2026-08-04 20:04:00,88.6790,46.7879,2.6291
2026-08-04 20:05:00,88.2207,45.7860,2.4154
2026-08-04 20:06:00,87.9679,46.8532,2.6675
2026-08-04 20:07:00,87.8582,47.1658,2.4456
2026-08-04 20:08:00,87.6927,46.3616,2.3848
2026-08-04 20:09:00,88.5888,46.9263,2.6708
2026-08-04 20:10:00,87.9051,46.9685,2.2395
2026-08-04 20:11:00,88.5867,46.9863,2.3595
2026-08-04 20:12:00,88.3599,48.0246,2.2408
2026-08-04 20:13:00,87.4089,45.9941,2.2160
2026-08-04 20:14:00,87.7202,48.6773,2.1858
2026-08-04 20:15:00,87.7077,47.0314,2.4469
2026-08-04 20:16:00,87.8724,47.5297,2.2451
2026-08-04 20:17:00,87.8657,47.1762,2.3454
2026-08-04 20:18:00,88.7697,45.7021,2.4530
2026-08-04 20:19:00,87.5343,46.2470,2.4032
2026-08-04 20:20:00,87.9123,46.6828,2.3914
2026-08-04 20:21:00,88.0142,47.9076,2.4646
2026-08-04 20:22:00,87.8141,46.0161,2.4976
2026-08-04 20:23:00,87.8324,46.4504,2.2049
2026-08-04 20:24:00,87.4703,47.2787,2.3720
2026-08-04 20:25:00,87.7997,47.5375,2.2901
2026-08-04 20:26:00,87.9048,47.5263,2.2965
2026-08-04 20:27:00,87.8329,46.3982,2.1540
2026-08-04 20:28:00,87.8885,45.9209,2.2461
2026-08-04 20:29:00,88.1236,47.6448,2.2512
2026-08-04 20:30:00,87.9629,48.3749,2.4309
2026-08-04 20:31:00,87.6849,46.9674,2.1669
2026-08-04 20:32:00,87.2933,46.3436,2.0385
2026-08-04 20:33:00,87.4457,46.9317,2.2713
2026-08-04 20:34:00,87.5404,47.6075,2.1412
2026-08-04 20:35:00,87.6622,47.1229,2.2480
2026-08-04 20:36:00,87.4229,48.4527,2.3234
2026-08-04 20:37:00,87.2652,48.0850,2.2428
2026-08-04 20:38:00,87.1687,47.5110,2.2053
2026-08-04 20:39:00,87.0087,45.8191,2.2286
2026-08-04 20:40:00,87.4122,46.8481,2.3249
2026-08-04 20:41:00,87.0200,46.9834,2.1209
2026-08-04 20:42:00,87.1387,46.8448,2.3055
2026-08-04 20:43:00,87.2984,47.6155,2.1288
2026-08-04 20:44:00,86.9932,47.6531,2.2861
2026-08-04 20:45:00,87.4850,46.1663,2.0685
2026-08-04 20:46:00,87.5700,48.1713,2.2742
2026-08-04 20:47:00,87.1597,47.5630,2.2070
2026-08-04 20:48:00,87.1698,47.8591,2.2243
2026-08-04 20:49:00,87.4382,48.1921,2.3082
2026-08-04 20:50:00,87.0387,47.0064,2.1281
2026-08-04 20:51:00,86.9937,48.6512,2.2058
2026-08-04 20:52:00,87.5628,47.5551,2.2369
2026-08-04 20:53:00,87.4443,48.9035,2.1751
2026-08-04 20:54:00,87.3345,47.0036,2.2754
2026-08-04 20:55:00,87.4065,48.8951,2.2355
2026-08-04 20:56:00,86.5102,47.0474,2.1437
2026-08-04 20:57:00,87.4840,49.8361,2.3270
2026-08-04 20:58:00,87.1697,47.0624,2.2566
2026-08-04 20:59:00,87.3293,48.6964,2.1158
2026-08-04 21:00:00,87.1161,47.5888,2.1147
2026-08-04 21:01:00,86.9884,48.4786,2.1782
2026-08-04 21:02:00,86.8648,47.9025,2.2452
2026-08-04 21:03:00,87.0310,47.0906,1.9796
2026-08-04 21:04:00,86.8006,45.7551,2.1216
2026-08-04 21:05:00,87.1277,50.0280,2.1448
2026-08-04 21:06:00,86.3645,48.1101,2.0599
2026-08-04 21:07:00,86.6510,45.7269,2.1028
2026-08-04 21:08:00,87.3998,48.3541,2.2203
2026-08-04 21:09:00,86.5714,48.6944,2.1594
2026-08-04 21:10:00,86.6603,47.6017,2.1692
2026-08-04 21:11:00,86.4398,47.6383,2.0745
2026-08-04 21:12:00,86.7779,48.2208,2.1933
2026-08-04 21:13:00,86.4288,49.2306,2.0668
2026-08-04 21:14:00,86.5665,48.3807,2.3658
2026-08-04 21:15:00,86.8493,49.5039,2.3972
2026-08-04 21:16:00,86.3575,49.2711,2.1786
2026-08-04 21:17:00,86.7761,48.2161,2.1170
2026-08-04 21:18:00,86.7585,47.1761,2.3182
2026-08-04 21:19:00,86.8007,48.2848,2.2956
2026-08-04 21:20:00,86.4987,48.9212,2.4277
2026-08-04 21:21:00,87.4013,48.5821,2.4583
2026-08-04 21:22:00,86.7177,49.0761,2.0457
2026-08-04 21:23:00,86.4712,49.2939,2.3686
2026-08-04 21:24:00,86.0834,49.0627,2.2350
2026-08-04 21:25:00,86.2895,48.4529,2.3169
2026-08-04 21:26:00,86.7191,49.1244,2.3446
2026-08-04 21:27:00,86.7766,50.5324,2.3455
2026-08-04 21:28:00,86.6799,47.5879,2.3771
2026-08-04 21:29:00,86.4446,49.2056,2.2264
2026-08-04 21:30:00,85.8052,50.3176,2.1926
2026-08-04 21:31:00,86.3009,47.9487,2.4122
2026-08-04 21:32:00,85.7552,49.7258,2.2121
2026-08-04 21:33:00,85.6544,49.8694,2.4913
2026-08-04 21:34:00,86.1456,47.8171,2.2348
2026-08-04 21:35:00,86.2040,49.6056,2.2793
2026-08-04 21:36:00,86.2914,48.8559,2.3046
2026-08-04 21:37:00,86.1431,49.0620,2.1760
2026-08-04 21:38:00,86.1270,48.8880,2.1828
2026-08-04 21:39:00,85.6459,50.2358,2.4345
2026-08-04 21:40:00,85.8837,49.1338,2.1780
2026-08-04 21:41:00,85.4371,48.8909,2.6088
2026-08-04 21:42:00,85.2625,48.9426,2.3544
2026-08-04 21:43:00,86.0600,49.0651,2.2679
2026-08-04 21:44:00,85.5864,48.5126,2.4200
2026-08-04 21:45:00,86.0488,49.0370,2.1390
2026-08-04 21:46:00,86.0945,49.5474,2.3591
2026-08-04 21:47:00,85.5513,49.8155,2.3793
2026-08-04 21:48:00,85.8895,50.4939,2.2807
2026-08-04 21:49:00,85.4895,49.7623,2.3516
2026-08-04 21:50:00,85.1098,49.2288,2.5750
2026-08-04 21:51:00,85.6764,48.8386,2.4483
2026-08-04 21:52:00,85.4743,49.9220,2.4776
2026-08-04 21:53:00,85.4599,49.6316,2.3666
2026-08-04 21:54:00,86.1611,49.6972,2.3207
2026-08-04 21:55:00,85.0875,50.0138,2.4367
2026-08-04 21:56:00,85.6372,50.2585,2.2229
2026-08-04 21:57:00,85.2012,50.0980,2.3668
2026-08-04 21:58:00,85.7496,49.7851,2.3590
2026-08-04 21:59:00,85.5445,49.3196,2.2883
2026-08-04 22:00:00,85.5468,49.5098,2.5649
2026-08-04 22:01:00,85.1279,50.7179,2.4948
2026-08-04 22:02:00,85.1602,49.7397,2.4537
2026-08-04 22:03:00,85.6469,49.0409,2.5906
2026-08-04 22:04:00,85.8791,51.0847,2.3669
2026-08-04 22:05:00,85.4714,49.4423,2.4048
2026-08-04 22:06:00,85.0378,50.2636,2.6587
2026-08-04 22:07:00,85.3887,50.6674,2.7828
2026-08-04 22:08:00,85.9955,50.3162,2.6308
2026-08-04 22:09:00,85.2786,48.3701,2.6172
2026-08-04 22:10:00,85.6673,50.7040,2.5195
2026-08-04 22:11:00,84.9879,51.4916,2.5293
2026-08-04 22:12:00,85.1788,51.0985,2.6154
2026-08-04 22:13:00,85.3591,48.8089,2.7374
2026-08-04 22:14:00,85.2746,52.2485,2.6502
2026-08-04 22:15:00,84.9079,49.5246,2.7106
2026-08-04 22:16:00,84.8777,49.7610,2.5304
2026-08-04 22:17:00,85.4001,51.2876,2.6908
2026-08-04 22:18:00,85.4445,51.0626,2.5691
2026-08-04 22:19:00,85.5245,50.8027,2.6572
2026-08-04 22:20:00,85.5961,50.3209,2.7116
2026-08-04 22:21:00,85.0797,51.8790,2.6036
2026-08-04 22:22:00,84.9307,50.8206,2.5617
2026-08-04 22:23:00,85.4144,49.6370,2.7062
2026-08-04 22:24:00,85.2084,51.9129,2.6629
2026-08-04 22:25:00,84.6855,51.1397,2.6962
2026-08-04 22:26:00,84.6563,51.8934,2.7545
2026-08-04 22:27:00,85.1004,51.4964,2.8256
2026-08-04 22:28:00,84.8864,52.9884,2.7671
2026-08-04 22:29:00,84.9188,50.8637,2.7597
2026-08-04 22:30:00,85.2360,51.1609,2.6621
2026-08-04 22:31:00,85.1298,51.7601,2.6829
2026-08-04 22:32:00,85.2892,50.9772,2.7684
2026-08-04 22:33:00,84.2993,51.8981,2.6918
2026-08-04 22:34:00,84.9437,48.9336,2.7782
2026-08-04 22:35:00,85.0653,51.2686,2.6564
2026-08-04 22:36:00,84.3885,51.2796,2.9356
2026-08-04 22:37:00,84.6400,51.2855,2.7666
2026-08-04 22:38:00,84.5746,50.7299,2.7644
2026-08-04 22:39:00,84.8239,52.1908,2.7075
2026-08-04 22:40:00,85.2967,51.0964,2.9511
2026-08-04 22:41:00,85.4065,51.6941,2.6383
2026-08-04 22:42:00,84.5471,51.5378,2.6970
2026-08-04 22:43:00,84.9414,52.0011,2.8561
2026-08-04 22:44:00,84.9435,52.7787,2.7980
2026-08-04 22:45:00,84.8849,51.8228,2.7195
2026-08-04 22:46:00,84.8814,52.3723,2.7253
2026-08-04 22:47:00,84.8463,51.8473,2.7537
2026-08-04 22:48:00,85.2553,51.3585,2.7955
2026-08-04 22:49:00,85.0739,51.6817,2.9430
2026-08-04 22:50:00,84.4196,51.5995,2.8503
2026-08-04 22:51:00,84.9712,52.3118,2.8940
2026-08-04 22:52:00,84.9953,51.9733,2.7500
2026-08-04 22:53:00,84.8176,51.2829,2.8465
2026-08-04 22:54:00,85.0584,51.7708,2.6408
2026-08-04 22:55:00,84.7716,50.7573,2.8156
2026-08-04 22:56:00,84.7718,51.8597,2.8102
2026-08-04 22:57:00,84.7449,52.0374,2.9812
2026-08-04 22:58:00,84.1002,53.5118,2.9553
2026-08-04 22:59:00,84.6790,53.1721,2.7741
2026-08-04 23:00:00,84.5005,51.2941,2.7183
2026-08-04 23:01:00,84.3432,52.3103,2.7209
2026-08-04 23:02:00,85.1278,52.3516,2.7701
2026-08-04 23:03:00,84.8476,52.0186,2.9292
2026-08-04 23:04:00,84.6864,52.0961,2.8398
2026-08-04 23:05:00,84.5253,51.9724,2.8492
2026-08-04 23:06:00,84.7833,53.7794,2.8774
2026-08-04 23:07:00,84.9919,51.9736,2.6956
2026-08-04 23:08:00,84.4466,52.6042,2.7225
2026-08-04 23:09:00,84.6939,50.3327,2.8437
2026-08-04 23:10:00,84.9566,53.0389,2.7119
2026-08-04 23:11:00,84.1165,53.3512,2.6350
2026-08-04 23:12:00,84.6815,51.5854,2.6771
2026-08-04 23:13:00,84.5717,52.0404,2.8882
2026-08-04 23:14:00,84.6623,52.8336,2.7427
2026-08-04 23:15:00,84.5542,52.5100,2.7997
2026-08-04 23:16:00,84.7485,52.8891,2.6708
2026-08-04 23:17:00,85.2871,52.3074,2.8087
2026-08-04 23:18:00,84.6159,54.0485,2.7403
2026-08-04 23:19:00,84.8038,52.0424,2.8083
2026-08-04 23:20:00,85.3183,54.7513,2.7120
2026-08-04 23:21:00,84.5586,53.6110,2.8062
2026-08-04 23:22:00,85.2720,53.3021,2.6989
2026-08-04 23:23:00,84.7335,51.8226,2.7392
2026-08-04 23:24:00,85.2709,53.4008,2.7155
2026-08-04 23:25:00,84.9661,53.1738,2.7406
2026-08-04 23:26:00,84.8381,51.0121,2.7611
2026-08-04 23:27:00,84.7314,51.6007,2.6786
2026-08-04 23:28:00,84.5692,53.0267,2.7110
2026-08-04 23:29:00,84.7847,52.6497,2.7363
2026-08-04 23:30:00,85.0368,52.3585,2.7629
2026-08-04 23:31:00,84.7696,53.6496,2.6989
2026-08-04 23:32:00,84.6846,52.0937,2.6120
2026-08-04 23:33:00,84.7107,52.4504,2.7035
2026-08-04 23:34:00,85.0901,52.3103,2.7558
2026-08-04 23:35:00,85.1665,53.2489,2.5493
2026-08-04 23:36:00,84.6056,51.4776,2.5442
2026-08-04 23:37:00,84.6121,52.4669,2.6037
2026-08-04 23:38:00,84.9335,51.4982,2.6442
2026-08-04 23:39:00,85.2852,52.6371,2.4371
2026-08-04 23:40:00,85.1781,53.4762,2.7074
2026-08-04 23:41:00,84.4662,53.5004,2.6249
2026-08-04 23:42:00,84.7701,52.3350,2.4011
2026-08-04 23:43:00,84.5779,53.3527,2.5178
2026-08-04 23:44:00,84.7846,52.7863,2.5920
2026-08-04 23:45:00,85.3541,54.0312,2.4376
2026-08-04 23:46:00,84.4541,52.8458,2.7046
2026-08-04 23:47:00,84.4033,50.5782,2.6188
2026-08-04 23:48:00,84.6486,53.6788,2.6605
2026-08-04 23:49:00,84.9917,52.6017,2.4823
2026-08-04 23:50:00,85.1001,52.7550,2.6188
2026-08-04 23:51:00,85.0535,53.2479,2.5040
2026-08-04 23:52:00,85.2835,51.8438,2.5431
2026-08-04 23:53:00,84.4104,53.0471,2.5900
2026-08-04 23:54:00,85.3044,53.4183,2.5399
2026-08-04 23:55:00,84.8629,53.2848,2.6200
2026-08-04 23:56:00,85.1846,52.5167,2.5453
2026-08-04 23:57:00,84.5768,53.7912,2.4772
2026-08-04 23:58:00,84.9840,52.2010,2.6000
2026-08-04 23:59:00,85.0622,52.4993,2.6132
2026-08-05 00:00:00,85.3467,52.8912,2.5088
2026-08-05 00:01:00,84.5331,53.2361,2.6258
2026-08-05 00:02:00,85.0267,52.7393,2.4608
2026-08-05 00:03:00,84.7006,53.9806,2.4637
2026-08-05 00:04:00,85.1865,53.2321,2.4691
2026-08-05 00:05:00,85.2767,53.0541,2.4479
2026-08-05 00:06:00,85.4383,53.1989,2.4220
2026-08-05 00:07:00,84.9002,53.5737,2.3738
2026-08-05 00:08:00,85.3474,53.1762,2.3382
2026-08-05 00:09:00,85.4860,51.5316,2.4410
2026-08-05 00:10:00,84.5932,53.8459,2.5422
2026-08-05 00:11:00,85.2782,53.0647,2.4962
2026-08-05 00:12:00,85.3904,53.5109,2.4461
2026-08-05 00:13:00,85.0334,52.6319,2.5248
2026-08-05 00:14:00,84.7559,51.4884,2.3944
2026-08-05 00:15:00,85.4101,51.1192,2.2863
2026-08-05 00:16:00,84.7753,52.1789,2.3430
2026-08-05 00:17:00,85.0894,53.3399,2.3648
2026-08-05 00:18:00,85.1386,53.9554,2.3126
2026-08-05 00:19:00,85.3729,53.1493,2.4179
2026-08-05 00:20:00,84.9777,52.0560,2.4436
2026-08-05 00:21:00,84.9677,52.2601,2.1700
2026-08-05 00:22:00,85.2100,53.9651,2.3221
2026-08-05 00:23:00,85.4893,51.8164,2.0398
2026-08-05 00:24:00,85.8805,54.5346,2.3145
2026-08-05 00:25:00,84.7488,54.3416,2.3071
2026-08-05 00:26:00,85.3023,54.5357,2.4888
2026-08-05 00:27:00,84.8881,53.1191,2.4528
2026-08-05 00:28:00,85.5260,52.5275,2.3925
2026-08-05 00:29:00,84.9449,53.0715,2.1975
2026-08-05 00:30:00,85.0300,53.4985,2.1861
2026-08-05 00:31:00,85.0613,52.2358,2.1728
2026-08-05 00:32:00,85.2207,51.8597,2.4297
2026-08-05 00:33:00,85.3459,52.4973,2.1808
2026-08-05 00:34:00,85.3992,52.0899,2.2283
2026-08-05 00:35:00,85.2572,53.6833,2.1720
2026-08-05 00:36:00,84.8647,52.1799,2.1315
2026-08-05 00:37:00,85.4864,52.7315,2.2860
2026-08-05 00:38:00,85.2565,53.4229,2.2637
2026-08-05 00:39:00,85.6249,53.6414,2.0218
2026-08-05 00:40:00,85.0678,52.7649,2.1100
2026-08-05 00:41:00,84.8030,52.8857,2.2619
2026-08-05 00:42:00,85.2768,51.7443,2.2255
2026-08-05 00:43:00,85.6788,53.3556,2.1891
2026-08-05 00:44:00,85.3411,53.5268,2.2865
2026-08-05 00:45:00,85.2354,50.9981,2.0785
2026-08-05 00:46:00,85.0364,53.8827,2.1604
2026-08-05 00:47:00,85.8269,51.8894,2.2690
2026-08-05 00:48:00,84.9924,52.9028,2.1498
2026-08-05 00:49:00,85.0851,52.4658,2.2436
2026-08-05 00:50:00,85.4748,52.3318,2.0956
2026-08-05 00:51:00,84.7479,52.1907,2.1259
2026-08-05 00:52:00,85.6877,51.5374,2.0283
2026-08-05 00:53:00,85.4928,52.7256,1.9993
2026-08-05 00:54:00,85.5753,52.0524,2.1561
2026-08-05 00:55:00,85.4727,51.2080,2.2476
2026-08-05 00:56:00,85.2563,51.4014,2.1902
2026-08-05 00:57:00,84.9847,51.1690,2.3170
2026-08-05 00:58:00,85.2604,51.7565,2.1611
2026-08-05 00:59:00,85.0083,52.5370,1.9881
2026-08-05 01:00:00,85.4449,51.5524,2.2344
2026-08-05 01:01:00,85.5389,52.8737,2.0922
2026-08-05 01:02:00,85.7374,51.9697,2.2130
2026-08-05 01:03:00,85.4030,51.8049,1.9724
2026-08-05 01:04:00,85.5657,52.0208,2.1741
2026-08-05 01:05:00,85.1957,53.0942,2.2728
2026-08-05 01:06:00,85.1376,50.8513,2.2617
2026-08-05 01:07:00,85.4190,53.2434,2.1799
2026-08-05 01:08:00,85.1564,52.6561,2.2014
2026-08-05 01:09:00,85.3483,51.8400,2.1586
2026-08-05 01:10:00,84.9440,52.7727,2.1804
2026-08-05 01:11:00,84.9924,51.5370,2.2750
2026-08-05 01:12:00,85.4416,51.9919,2.1397
2026-08-05 01:13:00,85.5108,51.2983,2.1520
2026-08-05 01:14:00,84.9426,52.4724,2.0620
2026-08-05 01:15:00,85.4326,51.1009,2.2875
2026-08-05 01:16:00,85.0643,51.5928,2.1940
2026-08-05 01:17:00,85.2215,52.1442,2.1029
2026-08-05 01:18:00,85.6337,52.4060,2.3149
2026-08-05 01:19:00,85.4425,50.8770,2.2263
2026-08-05 01:20:00,85.4304,52.1025,2.1605
2026-08-05 01:21:00,85.7553,50.6803,2.3280
2026-08-05 01:22:00,84.9621,49.7112,2.2088
2026-08-05 01:23:00,84.8678,50.7984,2.0904
2026-08-05 01:24:00,84.9369,52.0297,2.3477
2026-08-05 01:25:00,85.0668,51.3171,2.1725
2026-08-05 01:26:00,84.4260,50.8635,2.5634
2026-08-05 01:27:00,85.0590,51.3004,2.2219
2026-08-05 01:28:00,84.9464,51.2381,2.0701
2026-08-05 01:29:00,85.3331,51.6818,2.4524
2026-08-05 01:30:00,85.1915,49.8587,2.2768
2026-08-05 01:31:00,84.8931,51.0298,2.3136
2026-08-05 01:32:00,85.2374,51.1745,2.3320
2026-08-05 01:33:00,85.2642,49.9461,2.1637
2026-08-05 01:34:00,84.8031,49.8982,2.0891
2026-08-05 01:35:00,84.8718,50.6726,2.5073
2026-08-05 01:36:00,84.3379,50.9339,2.1619
2026-08-05 01:37:00,84.6637,50.8993,2.4884
2026-08-05 01:38:00,84.7532,50.4070,2.3838
2026-08-05 01:39:00,84.9830,50.3365,2.3553
2026-08-05 01:40:00,84.6615,50.4603,2.2978
2026-08-05 01:41:00,84.7752,50.9773,2.5823
2026-08-05 01:42:00,84.5453,51.6960,2.2891
2026-08-05 01:43:00,84.9477,48.8858,2.2989
2026-08-05 01:44:00,85.0071,51.1221,2.4399
2026-08-05 01:45:00,84.9829,50.4963,2.3125
2026-08-05 01:46:00,84.8483,50.9673,2.2859
2026-08-05 01:47:00,84.3644,51.4565,2.3887
2026-08-05 01:48:00,84.6226,49.8652,2.4707
2026-08-05 01:49:00,84.6679,51.1859,2.5974
2026-08-05 01:50:00,84.6502,49.3883,2.6254
2026-08-05 01:51:00,84.7746,50.4547,2.2456
2026-08-05 01:52:00,85.1604,50.1196,2.5366
2026-08-05 01:53:00,84.9566,50.3115,2.3417
2026-08-05 01:54:00,84.3967,49.4441,2.3544
2026-08-05 01:55:00,84.8762,50.5457,2.4016
2026-08-05 01:56:00,84.8442,51.4260,2.4031
2026-08-05 01:57:00,84.3894,49.3403,2.3643
2026-08-05 01:58:00,84.8647,50.2302,2.2465
2026-08-05 01:59:00,84.5406,50.7240,2.6316
2026-08-05 02:00:00,84.1440,49.7626,2.5847
2026-08-05 02:01:00,84.6816,51.0490,2.5011
2026-08-05 02:02:00,84.5879,49.5777,2.4138
2026-08-05 02:03:00,84.4321,49.7892,2.6419
2026-08-05 02:04:00,84.4664,49.0485,2.5199
2026-08-05 02:05:00,84.2390,49.9051,2.4765
2026-08-05 02:06:00,84.6146,49.7670,2.3774
2026-08-05 02:07:00,84.3950,50.2342,2.6034
2026-08-05 02:08:00,84.4344,49.1774,2.5238
2026-08-05 02:09:00,84.4677,49.1018,2.5911
2026-08-05 02:10:00,83.9901,49.9784,2.5894
2026-08-05 02:11:00,84.0439,50.6873,2.6437
2026-08-05 02:12:00,83.6246,50.0339,2.6094
2026-08-05 02:13:00,84.4323,50.9699,2.5646
2026-08-05 02:14:00,83.8743,49.8975,2.6579
2026-08-05 02:15:00,84.2527,49.8302,2.7048
2026-08-05 02:16:00,84.2989,49.9197,2.7716
2026-08-05 02:17:00,84.3429,50.5284,2.5121
2026-08-05 02:18:00,83.7753,50.2897,2.7424
2026-08-05 02:19:00,84.0912,48.3936,2.4793
2026-08-05 02:20:00,84.5859,49.8640,2.7464
2026-08-05 02:21:00,84.5730,49.3980,2.5927
2026-08-05 02:22:00,84.3287,48.9927,2.7425
2026-08-05 02:23:00,84.1073,47.6920,2.8142
2026-08-05 02:24:00,83.6780,47.8408,2.6943
2026-08-05 02:25:00,84.1685,48.7441,2.6779
2026-08-05 02:26:00,83.8788,47.8269,2.6790
2026-08-05 02:27:00,84.0675,48.6866,2.6478
2026-08-05 02:28:00,83.6825,49.4964,2.8132
2026-08-05 02:29:00,83.7934,48.4236,2.6957
2026-08-05 02:30:00,83.8674,48.9187,2.4946
2026-08-05 02:31:00,83.8648,47.9598,2.8060
2026-08-05 02:32:00,83.9117,49.0188,2.8061
2026-08-05 02:33:00,83.5625,49.1505,2.7324
2026-08-05 02:34:00,83.3058,47.5701,2.6543
2026-08-05 02:35:00,84.1688,48.0716,2.6220
2026-08-05 02:36:00,84.4006,47.6243,2.6642
2026-08-05 02:37:00,83.7605,49.0105,2.7671
2026-08-05 02:38:00,83.2015,48.6997,2.5672
2026-08-05 02:39:00,83.3391,48.4944,2.7982
2026-08-05 02:40:00,83.6961,48.3974,2.7671
2026-08-05 02:41:00,83.9181,48.7244,2.8924
2026-08-05 02:42:00,83.1243,48.7068,2.8374
2026-08-05 02:43:00,83.4232,48.0027,2.6985
2026-08-05 02:44:00,83.4917,47.8576,2.6050
2026-08-05 02:45:00,83.6647,48.2861,2.6950
2026-08-05 02:46:00,83.2747,48.1490,2.9182
2026-08-05 02:47:00,82.8811,49.9171,2.8122
2026-08-05 02:48:00,83.5092,47.9295,2.8451
2026-08-05 02:49:00,83.6329,48.4368,2.7247
2026-08-05 02:50:00,83.2433,48.5465,2.8383
2026-08-05 02:51:00,83.3624,49.2631,2.6397
2026-08-05 02:52:00,83.0713,47.4631,2.8870
2026-08-05 02:53:00,82.9328,49.1534,2.6794
2026-08-05 02:54:00,83.4675,47.9337,2.5989
2026-08-05 02:55:00,83.2489,50.0230,3.0237
2026-08-05 02:56:00,83.2530,48.2827,2.8118
2026-08-05 02:57:00,83.5298,46.9805,2.8098
2026-08-05 02:58:00,82.7362,47.7772,2.6126
2026-08-05 02:59:00,82.8606,48.9756,2.8622
2026-08-05 03:00:00,83.0474,47.9439,2.8886
2026-08-05 03:01:00,82.8046,47.8034,2.7800
2026-08-05 03:02:00,83.1829,48.3991,2.8886
2026-08-05 03:03:00,82.8660,47.5210,2.9161
2026-08-05 03:04:00,82.5988,47.6020,2.8509
2026-08-05 03:05:00,82.8909,46.9887,2.5808
2026-08-05 03:06:00,82.8970,49.1018,2.6811
2026-08-05 03:07:00,83.1013,46.7154,2.9637
2026-08-05 03:08:00,82.9141,47.8041,2.8017
2026-08-05 03:09:00,82.9099,48.0280,2.8004
2026-08-05 03:10:00,82.8432,47.6090,2.7066
2026-08-05 03:11:00,82.6665,46.5931,2.7239
2026-08-05 03:12:00,82.4842,46.7739,2.9046
2026-08-05 03:13:00,82.7621,47.9681,2.9326
2026-08-05 03:14:00,82.5521,46.9037,2.8598
2026-08-05 03:15:00,83.1358,45.8480,2.8323
2026-08-05 03:16:00,83.0087,47.7936,2.8367
2026-08-05 03:17:00,82.7733,46.7648,2.7637
2026-08-05 03:18:00,82.6746,47.9471,2.6469
2026-08-05 03:19:00,82.5127,47.2605,2.6217
2026-08-05 03:20:00,82.1390,47.2021,2.8913
2026-08-05 03:21:00,82.4311,47.4243,2.7525
2026-08-05 03:22:00,82.5053,46.4528,2.7993
2026-08-05 03:23:00,82.5229,46.6847,2.7683
2026-08-05 03:24:00,82.5745,47.1190,2.7689
2026-08-05 03:25:00,82.6899,46.3939,2.7725
2026-08-05 03:26:00,82.1861,47.8633,2.8029
2026-08-05 03:27:00,82.1694,47.0297,2.6514
2026-08-05 03:28:00,82.7905,46.0998,2.8412
2026-08-05 03:29:00,82.5678,46.7964,2.6438
2026-08-05 03:30:00,82.2009,47.3093,2.7361
2026-08-05 03:31:00,82.2680,46.8567,2.5882
2026-08-05 03:32:00,82.2518,47.5191,2.6841
2026-08-05 03:33:00,82.2749,47.6447,2.6289
2026-08-05 03:34:00,82.3904,49.0934,2.6912
2026-08-05 03:35:00,82.9927,48.0797,2.7562
2026-08-05 03:36:00,82.2731,45.8377,2.6839
2026-08-05 03:37:00,82.3994,46.8468,2.8660
2026-08-05 03:38:00,81.6795,46.9102,2.7430
2026-08-05 03:39:00,82.0253,47.5727,2.6339
2026-08-05 03:40:00,82.5251,46.3554,2.6414
2026-08-05 03:41:00,82.2633,46.6673,2.6809
2026-08-05 03:42:00,80.8124,46.0874,2.7066
2026-08-05 03:43:00,82.3184,46.5922,2.5057
2026-08-05 03:44:00,82.6791,46.6136,2.6857
2026-08-05 03:45:00,81.4928,46.8072,2.4940
2026-08-05 03:46:00,82.5358,46.1010,2.6615
2026-08-05 03:47:00,81.2373,47.8290,2.7102
2026-08-05 03:48:00,82.3396,47.4147,2.6227
2026-08-05 03:49:00,82.0454,45.8720,2.3526
2026-08-05 03:50:00,81.3333,47.0464,2.3994
2026-08-05 03:51:00,82.1630,45.7686,2.6263
2026-08-05 03:52:00,82.3656,48.0902,2.3170
2026-08-05 03:53:00,82.1213,48.3039,2.6157
2026-08-05 03:54:00,82.1799,46.9647,2.6454
2026-08-05 03:55:00,81.8737,46.3243,2.6527
2026-08-05 03:56:00,81.4321,46.4727,2.5072
2026-08-05 03:57:00,82.1919,46.6393,2.5674
2026-08-05 03:58:00,82.5036,46.9156,2.5366
2026-08-05 03:59:00,82.3124,48.0966,2.3606
2026-08-05 04:00:00,81.3725,47.7645,2.5745
2026-08-05 04:01:00,81.5103,47.7771,2.6312
2026-08-05 04:02:00,81.7075,47.1375,2.5532
2026-08-05 04:03:00,81.4803,46.0794,2.4262
2026-08-05 04:04:00,81.9690,46.3881,2.5426
2026-08-05 04:05:00,82.0718,47.0550,2.5906
2026-08-05 04:06:00,81.5233,46.0484,2.5697
2026-08-05 04:07:00,82.1846,47.2558,2.5480
2026-08-05 04:08:00,82.1315,47.6605,2.2784
2026-08-05 04:09:00,81.7869,47.4571,2.4698
2026-08-05 04:10:00,81.9004,47.4298,2.4869
2026-08-05 04:11:00,81.3686,45.5380,2.5187
2026-08-05 04:12:00,81.8557,48.1036,2.4589
2026-08-05 04:13:00,81.9600,45.7894,2.5551
2026-08-05 04:14:00,82.0115,46.9280,2.2097
2026-08-05 04:15:00,82.0781,47.5525,2.4410
2026-08-05 04:16:00,82.0418,47.3524,2.4259
2026-08-05 04:17:00,81.8939,46.0517,2.4611
2026-08-05 04:18:00,82.0643,46.2042,2.5180
2026-08-05 04:19:00,82.2849,47.3220,2.2680
2026-08-05 04:20:00,81.9621,47.5109,2.5009
2026-08-05 04:21:00,82.0929,46.2269,2.4247
2026-08-05 04:22:00,81.9493,47.4376,2.3179
2026-08-05 04:23:00,81.8192,45.9227,2.2392
2026-08-05 04:24:00,82.1788,47.6463,2.3433
2026-08-05 04:25:00,81.8646,46.4521,2.3459
2026-08-05 04:26:00,82.1568,47.2365,2.3453
2026-08-05 04:27:00,82.0598,47.1155,2.2425
2026-08-05 04:28:00,81.9711,48.1278,2.3602
2026-08-05 04:29:00,81.9753,47.4073,2.2529
2026-08-05 04:30:00,81.9334,46.7491,2.4095
2026-08-05 04:31:00,81.6047,47.5313,2.4534
2026-08-05 04:32:00,82.2265,48.9733,2.1958
2026-08-05 04:33:00,82.1948,47.8677,2.2779
2026-08-05 04:34:00,82.3946,47.2449,2.3641
2026-08-05 04:35:00,81.9951,46.6425,2.2896
2026-08-05 04:36:00,82.7386,46.8338,2.1220
2026-08-05 04:37:00,82.0720,47.8890,2.3392
2026-08-05 04:38:00,81.9399,46.6549,2.1878
2026-08-05 04:39:00,81.9215,47.3847,2.2643
2026-08-05 04:40:00,81.7170,48.5520,2.1408
2026-08-05 04:41:00,82.7152,47.5421,2.3158
2026-08-05 04:42:00,82.6855,46.5788,2.1906
2026-08-05 04:43:00,82.4736,49.2051,2.3193
2026-08-05 04:44:00,82.0444,48.8939,2.2044
2026-08-05 04:45:00,82.8770,47.9065,2.1747
2026-08-05 04:46:00,82.2490,48.5482,2.2611
2026-08-05 04:47:00,82.2952,47.3365,2.1098
2026-08-05 04:48:00,82.8290,48.1525,2.3945
2026-08-05 04:49:00,82.6180,47.2574,2.2309
2026-08-05 04:50:00,83.1036,46.5356,2.1536
2026-08-05 04:51:00,82.5414,49.7176,2.1684
2026-08-05 04:52:00,82.3717,46.5433,2.2083
2026-08-05 04:53:00,82.3318,47.9315,2.3046
2026-08-05 04:54:00,81.9863,47.9475,2.1142
2026-08-05 04:55:00,82.4824,48.1573,2.1657
2026-08-05 04:56:00,82.9353,47.6988,2.1967
2026-08-05 04:57:00,82.7981,47.7336,2.3552
2026-08-05 04:58:00,82.6516,47.9346,2.3003
2026-08-05 04:59:00,82.3745,48.2350,2.3591
2026-08-05 05:00:00,82.7690,47.8772,2.2031
2026-08-05 05:01:00,83.0332,47.8519,2.3434
2026-08-05 05:02:00,82.8875,46.8780,2.3271
2026-08-05 05:03:00,82.8377,49.5745,2.2706
2026-08-05 05:04:00,82.5784,48.4212,2.2793
2026-08-05 05:05:00,83.1079,48.1891,2.1431
2026-08-05 05:06:00,81.9389,47.5521,2.3865
2026-08-05 05:07:00,83.0245,47.2788,2.1805
2026-08-05 05:08:00,83.7123,48.8000,2.2625
2026-08-05 05:09:00,82.5207,48.0148,2.2760
2026-08-05 05:10:00,82.9333,48.6706,2.0731
2026-08-05 05:11:00,83.0362,47.1233,2.2072
2026-08-05 05:12:00,82.9330,49.4741,2.2350
2026-08-05 05:13:00,83.4164,48.9897,2.2059
2026-08-05 05:14:00,83.2813,48.2359,2.2160
2026-08-05 05:15:00,83.2197,48.7074,2.3721
2026-08-05 05:16:00,83.4480,48.9589,2.1432
2026-08-05 05:17:00,83.2490,47.3296,2.1023
2026-08-05 05:18:00,84.2335,49.7748,2.1740
2026-08-05 05:19:00,83.3609,48.8527,2.3108
2026-08-05 05:20:00,83.4104,47.9367,2.3244
2026-08-05 05:21:00,82.8753,47.6569,2.3048
2026-08-05 05:22:00,83.2623,49.3582,2.3396
2026-08-05 05:23:00,83.8069,48.7721,2.2784
2026-08-05 05:24:00,83.0997,49.0241,2.2055
2026-08-05 05:25:00,82.8910,48.6945,2.1675
2026-08-05 05:26:00,83.5862,47.9063,2.1406
2026-08-05 05:27:00,84.0262,49.1509,2.2492
2026-08-05 05:28:00,83.6666,48.6218,2.3559
2026-08-05 05:29:00,83.5921,48.7984,2.3061
2026-08-05 05:30:00,83.1748,50.7536,2.2902
2026-08-05 05:31:00,83.9077,49.5836,2.1880
2026-08-05 05:32:00,84.0103,49.6663,2.5572
2026-08-05 05:33:00,83.3176,51.1381,2.2226
2026-08-05 05:34:00,84.2329,49.3062,2.3233
2026-08-05 05:35:00,84.1629,49.1314,2.4177
2026-08-05 05:36:00,84.3138,48.5296,2.3279
2026-08-05 05:37:00,84.1902,48.7483,2.2494
2026-08-05 05:38:00,84.2526,47.5103,2.4175
2026-08-05 05:39:00,84.2542,49.8180,2.2093
2026-08-05 05:40:00,84.4002,48.2100,2.5242
2026-08-05 05:41:00,83.6359,49.9837,2.3851
2026-08-05 05:42:00,83.7733,49.2652,2.3385
2026-08-05 05:43:00,84.0450,49.4404,2.2292
2026-08-05 05:44:00,84.2693,49.3424,2.2628
2026-08-05 05:45:00,84.4672,50.5236,2.3800
2026-08-05 05:46:00,84.4908,50.4208,2.5818
2026-08-05 05:47:00,84.7713,49.4688,2.4232
2026-08-05 05:48:00,84.8236,48.8115,2.4420
2026-08-05 05:49:00,84.2604,50.3086,2.4534
2026-08-05 05:50:00,84.6368,48.8288,2.6588
2026-08-05 05:51:00,84.3541,48.4035,2.3858
2026-08-05 05:52:00,84.5953,50.0851,2.5942
2026-08-05 05:53:00,84.7916,50.7003,2.4055
2026-08-05 05:54:00,83.7159,49.4406,2.3827
2026-08-05 05:55:00,85.5054,50.1274,2.4529
2026-08-05 05:56:00,84.9955,49.5105,2.4602
2026-08-05 05:57:00,84.6904,50.4598,2.5327
2026-08-05 05:58:00,85.4910,50.7975,2.2519
2026-08-05 05:59:00,84.8521,49.7504,2.5069
2026-08-05 06:00:00,83.4798,49.1779,2.4401
2026-08-05 06:01:00,83.3375,48.8736,2.4355
2026-08-05 06:02:00,84.0229,50.8191,2.3861
2026-08-05 06:03:00,83.5394,49.2085,2.4871
2026-08-05 06:04:00,83.6593,50.4546,2.4797
2026-08-05 06:05:00,84.0191,50.8181,2.4965
2026-08-05 06:06:00,83.8770,49.8343,2.3831
2026-08-05 06:07:00,83.7286,50.1415,2.5645
2026-08-05 06:08:00,84.1214,51.1128,2.4832
2026-08-05 06:09:00,84.5931,49.7061,2.4065
2026-08-05 06:10:00,83.9700,49.6638,2.5228
2026-08-05 06:11:00,83.9530,50.2430,2.5078
2026-08-05 06:12:00,84.0121,51.4916,2.5968
2026-08-05 06:13:00,84.3970,51.7966,2.5440
2026-08-05 06:14:00,83.8669,50.4677,2.4626
2026-08-05 06:15:00,84.0058,50.0156,2.5260
2026-08-05 06:16:00,83.6706,51.4750,2.4494
2026-08-05 06:17:00,83.8190,49.3267,2.7429
2026-08-05 06:18:00,84.0611,50.8984,2.7660
2026-08-05 06:19:00,84.2417,50.7033,2.7850
2026-08-05 06:20:00,84.8311,51.8115,2.5910
2026-08-05 06:21:00,84.5028,51.9303,2.7865
2026-08-05 06:22:00,84.1099,50.0980,2.7041
2026-08-05 06:23:00,84.2065,51.0238,2.5877
2026-08-05 06:24:00,84.8784,50.4706,2.6135
2026-08-05 06:25:00,84.8448,50.7297,2.6654
2026-08-05 06:26:00,84.5559,51.4953,2.6990
2026-08-05 06:27:00,84.4551,50.7704,2.7311
2026-08-05 06:28:00,84.9656,51.2302,2.7006
2026-08-05 06:29:00,84.3700,51.8775,2.6717
2026-08-05 06:30:00,84.8253,52.3602,2.8473
2026-08-05 06:31:00,85.4289,51.4152,2.7062
2026-08-05 06:32:00,84.8478,51.3144,2.7058
2026-08-05 06:33:00,84.5923,50.3701,2.7064
2026-08-05 06:34:00,84.9867,52.5602,2.7218
2026-08-05 06:35:00,84.7608,51.7234,2.6018
2026-08-05 06:36:00,84.5215,51.4710,2.6424
2026-08-05 06:37:00,85.1877,51.4649,2.9918
2026-08-05 06:38:00,85.3500,51.7200,2.5866
2026-08-05 06:39:00,84.9583,52.0833,2.7830
2026-08-05 06:40:00,84.9751,52.2164,2.7941
2026-08-05 06:41:00,84.8361,52.8225,2.8649
2026-08-05 06:42:00,85.1155,51.7616,2.8040
2026-08-05 06:43:00,85.0273,53.0042,2.9599
2026-08-05 06:44:00,84.9279,52.4801,2.7980
2026-08-05 06:45:00,85.8337,51.6186,2.9119
2026-08-05 06:46:00,85.4404,50.3653,2.8841
2026-08-05 06:47:00,85.5063,51.7999,2.9370
2026-08-05 06:48:00,85.6332,53.0101,2.7878
2026-08-05 06:49:00,85.6328,51.1748,2.8274
2026-08-05 06:50:00,85.3104,51.8923,2.7529
2026-08-05 06:51:00,85.5485,51.9895,2.8077
2026-08-05 06:52:00,85.4181,52.6417,2.8149
2026-08-05 06:53:00,85.6619,51.6081,2.5872
2026-08-05 06:54:00,85.6640,51.2528,2.7820
2026-08-05 06:55:00,85.4775,52.4340,2.8864
2026-08-05 06:56:00,85.2237,51.4127,2.6633
2026-08-05 06:57:00,85.6962,50.5680,2.7004
2026-08-05 06:58:00,85.6204,53.5374,2.9152
2026-08-05 06:59:00,85.1435,52.8350,2.9342
2026-08-05 07:00:00,85.8914,53.6280,2.7379
2026-08-05 07:01:00,86.0566,52.8481,2.8173
2026-08-05 07:02:00,86.5530,52.7204,2.7918
2026-08-05 07:03:00,85.7042,52.4986,2.9168
2026-08-05 07:04:00,85.6864,52.0806,2.7450
2026-08-05 07:05:00,85.5413,52.6652,2.7596
2026-08-05 07:06:00,85.9622,51.8386,2.9304
2026-08-05 07:07:00,85.9854,51.4511,2.6946
2026-08-05 07:08:00,85.7058,52.0657,2.7436
2026-08-05 07:09:00,85.9207,53.3891,2.8050
2026-08-05 07:10:00,85.4031,51.3941,2.9422
2026-08-05 07:11:00,86.2976,51.4305,2.6683
2026-08-05 07:12:00,85.8110,52.9001,2.7143
2026-08-05 07:13:00,86.0537,52.1179,2.8420
2026-08-05 07:14:00,85.6575,52.8608,2.8548
2026-08-05 07:15:00,85.9317,53.2863,2.7983
2026-08-05 07:16:00,86.0429,52.8852,2.7624
2026-08-05 07:17:00,86.1432,52.0314,2.7837
2026-08-05 07:18:00,86.3098,53.5843,2.6166
2026-08-05 07:19:00,86.6163,53.1719,2.7738
2026-08-05 07:20:00,86.4226,52.6195,2.9080
2026-08-05 07:21:00,86.5091,52.6002,2.6238
2026-08-05 07:22:00,86.6714,52.9356,2.6732
2026-08-05 07:23:00,86.4250,52.4054,2.7075
2026-08-05 07:24:00,86.2591,51.3681,2.7093
2026-08-05 07:25:00,86.5882,53.2907,2.9221
2026-08-05 07:26:00,86.6223,53.2604,2.6400
2026-08-05 07:27:00,86.5092,50.8836,2.6150
2026-08-05 07:28:00,85.8920,53.1492,2.8001
2026-08-05 07:29:00,86.0892,54.1616,2.6529
2026-08-05 07:30:00,86.2718,51.8695,2.7909
2026-08-05 07:31:00,86.6002,52.7278,2.6868
2026-08-05 07:32:00,86.3714,52.6552,2.7466
2026-08-05 07:33:00,86.7298,54.1429,2.5380
2026-08-05 07:34:00,86.7936,53.7247,2.7344
2026-08-05 07:35:00,86.7686,52.1381,2.7044
2026-08-05 07:36:00,86.7798,53.1269,2.6508
2026-08-05 07:37:00,86.1157,54.7072,2.5466
2026-08-05 07:38:00,86.5796,52.3767,2.6851
2026-08-05 07:39:00,86.2601,52.8784,2.7292
2026-08-05 07:40:00,85.9546,53.3086,2.5969
2026-08-05 07:41:00,86.3695,52.4196,2.5920
2026-08-05 07:42:00,86.8590,54.3277,2.7156
2026-08-05 07:43:00,86.6050,52.5479,2.8002
2026-08-05 07:44:00,87.0768,51.8232,2.7160
2026-08-05 07:45:00,86.5288,52.5224,2.6378
2026-08-05 07:46:00,87.2135,53.4722,2.5832
2026-08-05 07:47:00,86.5355,52.3181,2.5974
2026-08-05 07:48:00,86.4914,53.2048,2.4602
2026-08-05 07:49:00,86.1027,53.4190,2.5698
2026-08-05 07:50:00,86.8210,52.0072,2.6896
2026-08-05 07:51:00,86.3380,52.5282,2.5740
2026-08-05 07:52:00,86.2948,53.2627,2.4998
2026-08-05 07:53:00,86.8729,53.5493,2.4829
2026-08-05 07:54:00,86.8351,52.5597,2.5438
2026-08-05 07:55:00,86.8259,53.1150,2.4157
2026-08-05 07:56:00,86.3757,52.7687,2.4405
2026-08-05 07:57:00,86.4665,53.5800,2.6768
2026-08-05 07:58:00,86.4608,53.4145,2.4121
2026-08-05 07:59:00,86.7100,52.7010,2.4277
2026-08-05 08:00:00,86.9372,53.3828,2.5291
2026-08-05 08:01:00,86.5769,52.6697,2.4480
2026-08-05 08:02:00,87.0538,53.3649,2.4932
2026-08-05 08:03:00,86.7248,53.3747,2.5627
2026-08-05 08:04:00,86.3790,54.8927,2.3139
2026-08-05 08:05:00,86.6914,52.7246,2.5363
2026-08-05 08:06:00,86.9473,52.8777,2.3948
2026-08-05 08:07:00,87.0273,52.4696,2.4167
2026-08-05 08:08:00,86.7757,52.1573,2.6298
2026-08-05 08:09:00,86.4186,52.6140,2.2897
2026-08-05 08:10:00,86.3367,53.5064,2.4814
2026-08-05 08:11:00,86.5648,53.5589,2.5276
2026-08-05 08:12:00,86.8840,53.1996,2.3389
2026-08-05 08:13:00,86.5013,52.7201,2.3331
2026-08-05 08:14:00,86.4964,52.5551,2.3556
2026-08-05 08:15:00,86.3639,52.2089,2.3162
2026-08-05 08:16:00,86.2380,52.4889,2.3846
2026-08-05 08:17:00,86.2752,51.8899,2.4601
2026-08-05 08:18:00,86.3515,54.0034,2.3275
2026-08-05 08:19:00,86.8129,54.3774,2.4497
2026-08-05 08:20:00,86.2117,51.3491,2.4901
2026-08-05 08:21:00,86.2851,53.1188,2.3864
2026-08-05 08:22:00,85.9949,53.0946,2.3892
2026-08-05 08:23:00,86.4544,53.0321,2.2707
2026-08-05 08:24:00,86.6338,52.3790,2.0614
2026-08-05 08:25:00,86.6952,53.6588,2.3759
2026-08-05 08:26:00,86.2524,53.1563,2.3909
2026-08-05 08:27:00,86.3469,53.6419,2.3294
2026-08-05 08:28:00,86.1114,52.2107,2.3902
2026-08-05 08:29:00,86.2982,51.6799,2.2387
2026-08-05 08:30:00,86.2161,53.1196,2.3397
2026-08-05 08:31:00,86.1210,51.9860,2.4296
2026-08-05 08:32:00,86.1261,53.5843,2.3436
2026-08-05 08:33:00,86.2013,51.0231,2.4062
2026-08-05 08:34:00,85.9581,52.3329,2.4018
2026-08-05 08:35:00,85.9538,52.1979,2.1399
2026-08-05 08:36:00,86.5186,52.4071,2.3292
2026-08-05 08:37:00,86.7991,52.8638,2.1896
2026-08-05 08:38:00,85.6039,52.9534,2.1377
2026-08-05 08:39:00,85.5662,53.1293,2.2156
2026-08-05 08:40:00,85.6355,53.2021,2.4156
2026-08-05 08:41:00,85.8700,52.4410,2.1820
2026-08-05 08:42:00,86.1477,54.2449,2.0569
2026-08-05 08:43:00,86.0340,53.6469,2.0848
2026-08-05 08:44:00,85.8856,52.2664,2.2738
2026-08-05 08:45:00,85.9698,52.3849,2.1470
2026-08-05 08:46:00,85.5804,52.2059,2.0156
2026-08-05 08:47:00,85.6914,52.7406,2.0767
2026-08-05 08:48:00,85.7349,51.6495,2.2314
2026-08-05 08:49:00,85.2418,51.7721,2.2903
2026-08-05 08:50:00,85.3445,50.6462,2.1657
2026-08-05 08:51:00,85.3320,52.0370,2.2732
2026-08-05 08:52:00,85.8731,53.1832,2.2980
2026-08-05 08:53:00,85.6927,52.1848,2.1267
2026-08-05 08:54:00,85.7774,52.2043,2.1916
2026-08-05 08:55:00,85.0170,52.4780,2.1425
2026-08-05 08:56:00,85.0984,51.4276,2.2555
2026-08-05 08:57:00,85.7168,52.2232,2.1397
2026-08-05 08:58:00,84.6585,52.8884,2.0791
2026-08-05 08:59:00,85.8335,52.3942,2.2054
2026-08-05 09:00:00,84.8930,52.9039,2.3110
2026-08-05 09:01:00,85.6668,53.1047,2.2512
2026-08-05 09:02:00,85.1208,52.5951,2.3011
2026-08-05 09:03:00,85.6755,51.4657,2.2928
2026-08-05 09:04:00,86.2966,51.7321,2.2059
2026-08-05 09:05:00,84.6254,53.5232,2.1428
2026-08-05 09:06:00,85.4891,52.1997,2.1167
2026-08-05 09:07:00,84.7110,52.0631,2.0464
2026-08-05 09:08:00,85.3544,51.2000,2.3255
2026-08-05 09:09:00,85.1372,51.7841,2.1752
2026-08-05 09:10:00,85.2109,52.3994,2.0397
2026-08-05 09:11:00,84.8711,51.8069,2.3358
2026-08-05 09:12:00,85.3514,51.3479,2.2241
2026-08-05 09:13:00,84.6552,51.5015,2.3140
2026-08-05 09:14:00,85.4347,52.6527,2.1938
2026-08-05 09:15:00,84.9119,52.2009,2.1435
2026-08-05 09:16:00,84.5863,52.0611,2.2705
2026-08-05 09:17:00,85.4580,51.9535,2.2821
2026-08-05 09:18:00,84.9317,50.6211,2.2047
2026-08-05 09:19:00,85.4965,51.7518,2.3677
2026-08-05 09:20:00,85.2630,52.3544,2.3347
2026-08-05 09:21:00,84.6295,51.2571,2.3007
2026-08-05 09:22:00,84.8159,52.2134,2.1374
2026-08-05 09:23:00,84.8501,51.8330,2.1277
2026-08-05 09:24:00,85.2441,52.0241,2.3772
2026-08-05 09:25:00,84.8899,51.3676,2.0432
2026-08-05 09:26:00,84.7841,52.0008,2.2578
2026-08-05 09:27:00,84.6438,50.0842,2.2865
2026-08-05 09:28:00,84.6612,51.2467,2.2281
2026-08-05 09:29:00,85.0405,51.7546,2.2789
2026-08-05 09:30:00,84.6230,51.3851,2.3299
2026-08-05 09:31:00,84.4762,51.9882,2.2348
2026-08-05 09:32:00,84.3983,50.9494,2.3874
2026-08-05 09:33:00,84.3746,50.6004,2.3634
2026-08-05 09:34:00,84.0932,49.6902,2.2932
2026-08-05 09:35:00,84.2620,50.7459,2.2347
2026-08-05 09:36:00,84.9100,51.3406,2.3146
2026-08-05 09:37:00,84.3720,51.4984,2.5411
2026-08-05 09:38:00,84.6189,49.7327,2.2609
2026-08-05 09:39:00,83.6377,51.7546,2.4963
2026-08-05 09:40:00,84.5257,49.9969,2.1745
2026-08-05 09:41:00,84.2809,50.6415,2.2708
2026-08-05 09:42:00,84.1591,50.2453,2.3095
2026-08-05 09:43:00,84.3321,50.9959,2.4658
2026-08-05 09:44:00,84.1037,50.6990,2.3835
2026-08-05 09:45:00,83.5900,51.1276,2.5162
2026-08-05 09:46:00,84.4787,52.0218,2.3592
2026-08-05 09:47:00,84.2500,50.8263,2.3945
2026-08-05 09:48:00,84.0582,50.0080,2.3744
2026-08-05 09:49:00,83.8380,50.7993,2.6174
2026-08-05 09:50:00,83.6626,51.9477,2.3103
2026-08-05 09:51:00,84.1466,50.8777,2.3791
2026-08-05 09:52:00,84.5396,51.0701,2.3398
2026-08-05 09:53:00,84.0929,48.9996,2.5027
2026-08-05 09:54:00,83.5937,50.5449,2.3390
2026-08-05 09:55:00,84.0529,49.9818,2.6431
2026-08-05 09:56:00,83.9464,49.6129,2.4767
2026-08-05 09:57:00,84.1989,50.0999,2.5177
2026-08-05 09:58:00,84.0992,50.1654,2.5306
2026-08-05 09:59:00,82.9992,49.5398,2.4901
2026-08-05 10:00:00,84.0366,50.1508,2.5122
2026-08-05 10:01:00,83.5503,49.8219,2.5163
2026-08-05 10:02:00,83.4034,50.4834,2.5676
2026-08-05 10:03:00,83.7523,50.0643,2.4413
2026-08-05 10:04:00,83.9112,50.1437,2.4322
2026-08-05 10:05:00,83.2751,50.5873,2.6213
2026-08-05 10:06:00,83.9584,50.2086,2.5467
2026-08-05 10:07:00,83.9560,49.7206,2.3540
2026-08-05 10:08:00,83.7214,48.0169,2.5149
2026-08-05 10:09:00,83.4276,50.0584,2.7230
2026-08-05 10:10:00,83.3750,48.8789,2.5616
2026-08-05 10:11:00,83.9578,49.5005,2.5321
2026-08-05 10:12:00,83.1781,49.8275,2.4432
2026-08-05 10:13:00,83.9326,50.5584,2.5434
2026-08-05 10:14:00,83.5458,50.9272,2.4911
2026-08-05 10:15:00,83.5491,48.6778,2.6577
2026-08-05 10:16:00,83.0482,48.3236,2.6270
2026-08-05 10:17:00,83.4997,49.5985,2.5928
2026-08-05 10:18:00,83.7112,49.4936,2.5600
2026-08-05 10:19:00,83.1099,48.3000,2.7958
2026-08-05 10:20:00,83.6445,49.2103,2.5795
2026-08-05 10:21:00,83.5060,49.6637,2.5866
2026-08-05 10:22:00,83.2709,48.1638,2.6391
2026-08-05 10:23:00,83.7055,48.3147,2.6596
2026-08-05 10:24:00,82.7739,48.5576,2.7245
2026-08-05 10:25:00,83.5243,48.8659,2.7757
2026-08-05 10:26:00,83.8922,49.5538,2.7744
2026-08-05 10:27:00,83.8248,48.7005,2.9378
2026-08-05 10:28:00,83.4966,48.9691,2.5315
2026-08-05 10:29:00,83.2762,50.6853,2.7296
2026-08-05 10:30:00,83.1635,48.0869,2.6601
2026-08-05 10:31:00,83.2512,48.2934,2.9186
2026-08-05 10:32:00,83.4934,49.3223,2.7405
2026-08-05 10:33:00,83.0766,49.5345,2.5252
2026-08-05 10:34:00,83.5349,49.0403,2.7766
2026-08-05 10:35:00,83.9369,50.1203,2.7647
2026-08-05 10:36:00,83.2679,48.8920,2.8185
2026-08-05 10:37:00,82.8731,47.0223,2.6749
2026-08-05 10:38:00,82.8633,48.6461,2.7844
2026-08-05 10:39:00,83.4904,48.0773,2.7287
2026-08-05 10:40:00,83.2305,49.6070,2.6927
2026-08-05 10:41:00,83.5028,49.2378,2.7979
2026-08-05 10:42:00,83.0714,47.1608,2.7826
2026-08-05 10:43:00,83.4727,49.4794,2.8758
2026-08-05 10:44:00,83.1684,49.1176,2.7768
2026-08-05 10:45:00,82.9889,48.0737,2.8376
2026-08-05 10:46:00,83.0815,48.2380,2.6593
2026-08-05 10:47:00,82.8361,49.3823,2.9222
2026-08-05 10:48:00,83.7858,46.6594,2.7076
2026-08-05 10:49:00,83.1542,48.5613,2.8779
2026-08-05 10:50:00,83.3710,49.0484,2.8161
2026-08-05 10:51:00,83.0114,48.0717,2.8053
2026-08-05 10:52:00,82.8521,48.6304,2.8695
2026-08-05 10:53:00,83.0930,48.1642,2.5810
2026-08-05 10:54:00,83.4893,47.4244,2.7390
2026-08-05 10:55:00,82.9989,47.3747,2.8720
2026-08-05 10:56:00,82.8905,48.5622,2.9906
2026-08-05 10:57:00,83.1952,47.4550,2.7966
2026-08-05 10:58:00,83.2954,46.7153,2.5558
2026-08-05 10:59:00,83.6360,48.0045,2.7682
2026-08-05 11:00:00,84.8071,47.4682,2.7940
2026-08-05 11:01:00,84.8923,46.8918,2.9108
2026-08-05 11:02:00,84.9133,47.8813,2.8044
2026-08-05 11:03:00,84.3504,48.4109,2.6714
2026-08-05 11:04:00,84.4064,47.7867,2.8947
2026-08-05 11:05:00,84.3696,46.8915,2.8543
2026-08-05 11:06:00,84.2948,48.1042,2.7264
2026-08-05 11:07:00,84.9331,48.5216,2.8670
2026-08-05 11:08:00,84.7817,49.4390,2.7388
2026-08-05 11:09:00,84.7192,48.7975,2.7619
2026-08-05 11:10:00,83.9184,46.8157,2.7368
2026-08-05 11:11:00,85.3140,48.2827,2.7567
2026-08-05 11:12:00,84.4305,47.7782,2.8760
2026-08-05 11:13:00,85.3160,46.6284,2.6042
2026-08-05 11:14:00,84.2677,47.7547,2.8905
2026-08-05 11:15:00,84.4610,49.0405,2.7948
2026-08-05 11:16:00,84.0464,48.4407,2.7351
2026-08-05 11:17:00,84.8186,46.6521,2.7729
2026-08-05 11:18:00,84.3827,47.4531,2.6764
2026-08-05 11:19:00,84.3944,47.8151,2.6005
2026-08-05 11:20:00,84.3081,46.0180,2.6717
2026-08-05 11:21:00,84.9568,46.0262,2.5662
2026-08-05 11:22:00,84.9411,47.4873,2.6163
2026-08-05 11:23:00,85.2755,47.4792,2.5850
2026-08-05 11:24:00,84.5306,45.8559,2.8651
2026-08-05 11:25:00,84.8067,47.6198,2.6096
2026-08-05 11:26:00,84.3592,48.1618,2.7290
2026-08-05 11:27:00,84.6506,47.1009,2.8398
2026-08-05 11:28:00,84.6007,47.3072,2.8080
2026-08-05 11:29:00,84.9013,47.7008,2.6881
2026-08-05 11:30:00,85.0727,47.5796,2.6831
2026-08-05 11:31:00,85.0709,45.8787,2.7245
2026-08-05 11:32:00,84.5268,46.4752,2.9120
2026-08-05 11:33:00,85.0854,46.8687,2.7361
2026-08-05 11:34:00,84.7791,46.4834,2.7556
2026-08-05 11:35:00,84.7016,48.3328,2.9093
2026-08-05 11:36:00,84.5932,47.6544,2.7041
2026-08-05 11:37:00,84.6447,46.2472,2.7847
2026-08-05 11:38:00,85.3424,46.9521,2.7112
2026-08-05 11:39:00,84.9191,48.0169,2.7031
2026-08-05 11:40:00,84.8866,46.5852,2.5537
2026-08-05 11:41:00,84.7631,47.7736,2.5302
2026-08-05 11:42:00,85.5831,48.1894,2.5850
2026-08-05 11:43:00,85.2486,48.0469,2.7173
2026-08-05 11:44:00,84.6486,47.2099,2.7055
2026-08-05 11:45:00,84.7907,48.0585,2.7481
2026-08-05 11:46:00,84.8166,46.6324,2.6064
2026-08-05 11:47:00,84.9327,49.0320,2.6539
2026-08-05 11:48:00,84.6868,47.2296,2.6469
2026-08-05 11:49:00,85.0371,47.9485,2.5745
2026-08-05 11:50:00,85.3495,46.7361,2.5455
2026-08-05 11:51:00,84.5282,47.4203,2.4215
2026-08-05 11:52:00,84.5923,47.4512,2.5471
2026-08-05 11:53:00,84.7943,46.2695,2.5443
2026-08-05 11:54:00,84.8168,46.2425,2.6604
2026-08-05 11:55:00,85.5560,46.8428,2.6625
2026-08-05 11:56:00,85.2657,47.8884,2.5459
2026-08-05 11:57:00,85.2571,45.5372,2.7299
2026-08-05 11:58:00,84.9032,46.7107,2.5347
2026-08-05 11:59:00,84.9054,48.0482,2.6111
2026-08-05 12:00:00,84.5645,46.0143,2.4900
2026-08-05 12:01:00,85.2432,48.0034,2.3781
2026-08-05 12:02:00,85.1648,46.0988,2.4418
2026-08-05 12:03:00,85.4119,46.2691,2.6239
2026-08-05 12:04:00,84.9716,46.8863,2.4422
2026-08-05 12:05:00,85.0010,48.5052,2.4142
2026-08-05 12:06:00,85.1031,46.4972,2.4527
2026-08-05 12:07:00,85.3283,45.6262,2.4064
2026-08-05 12:08:00,84.6282,45.8949,2.5570
2026-08-05 12:09:00,85.2986,47.7664,2.6185
2026-08-05 12:10:00,85.0800,45.9419,2.4229
2026-08-05 12:11:00,84.7769,47.9814,2.4688
2026-08-05 12:12:00,84.4774,47.0928,2.5045
2026-08-05 12:13:00,85.0701,47.0175,2.4107
2026-08-05 12:14:00,85.5535,47.2881,2.3047
2026-08-05 12:15:00,85.6296,46.4169,2.3443
2026-08-05 12:16:00,85.2417,47.1759,2.4192
2026-08-05 12:17:00,85.7315,46.1195,2.4102
2026-08-05 12:18:00,85.1378,48.1620,2.1846
2026-08-05 12:19:00,85.4442,46.2705,2.3132
2026-08-05 12:20:00,85.0304,47.4533,2.2763
2026-08-05 12:21:00,85.0187,46.2848,2.4315
2026-08-05 12:22:00,84.9770,46.6970,2.2668
2026-08-05 12:23:00,84.5692,46.8359,2.2840
2026-08-05 12:24:00,85.5804,49.5319,2.2741
2026-08-05 12:25:00,85.0086,47.1477,2.3965
2026-08-05 12:26:00,84.9672,46.5149,2.4081
2026-08-05 12:27:00,84.8601,46.8298,2.3545
2026-08-05 12:28:00,85.1591,45.9955,2.4099
2026-08-05 12:29:00,85.7555,47.0833,2.4170
2026-08-05 12:30:00,85.8605,48.7092,2.1068
2026-08-05 12:31:00,84.7398,47.5125,2.3416
2026-08-05 12:32:00,85.1373,47.9821,2.2401
2026-08-05 12:33:00,84.9386,46.5476,2.1462
2026-08-05 12:34:00,85.5505,47.1296,2.2349
2026-08-05 12:35:00,85.3449,47.4725,2.3351
2026-08-05 12:36:00,85.0727,46.7467,2.4028
2026-08-05 12:37:00,85.2899,47.6650,2.1183
2026-08-05 12:38:00,85.1291,47.8559,2.3102
2026-08-05 12:39:00,85.7606,47.8168,2.4408
2026-08-05 12:40:00,85.4442,47.2811,2.4233
2026-08-05 12:41:00,85.4846,48.2945,1.8910
2026-08-05 12:42:00,84.4869,47.2360,2.4506
2026-08-05 12:43:00,85.2700,47.1838,2.3253
2026-08-05 12:44:00,85.9177,48.6372,1.9952
2026-08-05 12:45:00,85.6931,46.6200,2.1463
2026-08-05 12:46:00,84.7434,46.1652,2.3457
2026-08-05 12:47:00,85.2055,46.8558,2.2532
2026-08-05 12:48:00,84.9408,47.8827,2.1573
2026-08-05 12:49:00,85.8160,48.6231,2.2190
2026-08-05 12:50:00,85.3771,47.0915,2.2648
2026-08-05 12:51:00,85.0744,49.0959,2.1504
2026-08-05 12:52:00,85.3155,47.6903,2.1938
2026-08-05 12:53:00,84.5233,47.6011,2.2947
2026-08-05 12:54:00,84.9801,47.0388,2.1336
2026-08-05 12:55:00,85.3162,49.3056,2.0669
2026-08-05 12:56:00,85.5583,47.6503,2.1379
2026-08-05 12:57:00,84.7213,46.7314,2.1120
2026-08-05 12:58:00,85.1881,49.7900,2.1399
2026-08-05 12:59:00,85.6038,48.1660,2.0274
2026-08-05 13:00:00,84.8636,48.5177,2.2236
2026-08-05 13:01:00,85.3656,49.2519,2.2869
2026-08-05 13:02:00,85.3141,48.4265,2.1192
2026-08-05 13:03:00,85.8058,48.7435,2.1357
2026-08-05 13:04:00,85.2193,48.0361,2.1829
2026-08-05 13:05:00,85.2334,48.6089,2.1114
2026-08-05 13:06:00,85.5375,48.0243,2.3021
2026-08-05 13:07:00,84.8790,48.0655,2.1162
2026-08-05 13:08:00,85.2061,48.2078,2.1540
2026-08-05 13:09:00,85.1308,47.8253,2.1320
2026-08-05 13:10:00,85.2207,48.5772,2.3110
2026-08-05 13:11:00,85.5114,48.6065,2.1892
2026-08-05 13:12:00,85.4173,48.8918,2.4140
2026-08-05 13:13:00,85.0202,48.7802,2.2526
2026-08-05 13:14:00,85.2793,49.9008,2.3358
2026-08-05 13:15:00,85.6785,49.1754,2.1904
2026-08-05 13:16:00,84.9747,48.2003,2.1317
2026-08-05 13:17:00,85.2601,48.7616,2.2259
2026-08-05 13:18:00,85.1506,49.5627,2.1648
2026-08-05 13:19:00,85.1814,47.7061,2.0365
2026-08-05 13:20:00,84.7024,50.1114,2.3415
2026-08-05 13:21:00,85.6059,47.9144,2.2475
2026-08-05 13:22:00,84.9410,49.2887,2.1784
2026-08-05 13:23:00,85.4714,48.6084,2.2904
2026-08-05 13:24:00,84.9671,48.5973,2.2620
2026-08-05 13:25:00,84.9555,47.6308,2.4030
2026-08-05 13:26:00,85.4963,49.4345,2.3101
2026-08-05 13:27:00,85.4194,47.7133,2.2562
2026-08-05 13:28:00,85.1724,47.6256,2.3464
2026-08-05 13:29:00,85.3263,49.7435,2.2788
2026-08-05 13:30:00,84.9992,50.2836,2.3063
2026-08-05 13:31:00,85.0708,48.3545,2.4161
2026-08-05 13:32:00,84.8619,49.7274,2.1824
2026-08-05 13:33:00,85.3184,49.5989,2.2188
2026-08-05 13:34:00,84.8256,48.9254,2.2693
2026-08-05 13:35:00,85.4653,50.1043,2.2901
2026-08-05 13:36:00,84.9107,48.9421,2.4393
2026-08-05 13:37:00,84.9971,49.5244,2.1886
2026-08-05 13:38:00,85.2036,48.1449,2.3337
2026-08-05 13:39:00,84.9679,48.2169,2.2882
2026-08-05 13:40:00,84.8558,50.1588,2.5200
2026-08-05 13:41:00,84.9202,49.7025,2.4452
2026-08-05 13:42:00,85.1811,49.1857,2.3877
2026-08-05 13:43:00,84.6975,50.8642,2.4677
2026-08-05 13:44:00,84.8416,50.8941,2.2460
2026-08-05 13:45:00,84.8653,49.7661,2.5879
2026-08-05 13:46:00,85.1040,48.2888,2.3083
2026-08-05 13:47:00,84.7968,49.4027,2.5256
2026-08-05 13:48:00,85.3510,48.8646,2.4625
2026-08-05 13:49:00,84.7431,49.6411,2.4412
2026-08-05 13:50:00,84.6999,48.8594,2.5439
2026-08-05 13:51:00,84.7008,48.6904,2.5296
2026-08-05 13:52:00,84.3377,47.8763,2.4484
2026-08-05 13:53:00,84.4020,49.8593,2.4032
2026-08-05 13:54:00,84.5338,47.9256,2.4654
2026-08-05 13:55:00,85.0134,49.5476,2.4506
2026-08-05 13:56:00,84.6422,50.3985,2.5040
2026-08-05 13:57:00,84.4858,49.3045,2.5785
2026-08-05 13:58:00,84.9780,49.0536,2.5312
2026-08-05 13:59:00,85.0540,49.9065,2.5106
2026-08-05 14:00:00,84.9436,49.3371,2.4346
2026-08-05 14:01:00,84.2891,50.1878,2.5403
2026-08-05 14:02:00,84.3743,49.2523,2.3461
2026-08-05 14:03:00,85.0445,50.0342,2.4438
2026-08-05 14:04:00,84.5500,49.8799,2.5920
2026-08-05 14:05:00,84.3744,50.1870,2.6277
2026-08-05 14:06:00,84.6470,51.5435,2.5449
2026-08-05 14:07:00,84.7103,50.4344,2.5748
2026-08-05 14:08:00,84.2130,50.7171,2.5994
2026-08-05 14:09:00,84.4264,49.8528,2.6382
2026-08-05 14:10:00,84.6144,50.5702,2.5575
2026-08-05 14:11:00,83.9641,50.2106,2.4869
2026-08-05 14:12:00,84.2913,50.4930,2.6314
2026-08-05 14:13:00,83.9286,51.0272,2.7960
2026-08-05 14:14:00,83.9429,50.1465,2.5153
2026-08-05 14:15:00,84.0440,50.2668,2.6021
2026-08-05 14:16:00,84.3308,50.2346,2.5834
2026-08-05 14:17:00,84.0656,50.2575,2.8705
2026-08-05 14:18:00,83.9420,50.8389,2.5401
2026-08-05 14:19:00,84.1262,50.4473,2.6271
2026-08-05 14:20:00,83.7407,51.9748,2.6135
2026-08-05 14:21:00,84.1873,52.9577,2.5313
2026-08-05 14:22:00,84.3719,50.3977,2.5325
2026-08-05 14:23:00,83.9823,51.1248,2.7268
2026-08-05 14:24:00,83.9188,51.7575,2.7472
2026-08-05 14:25:00,84.0650,50.7517,2.6267
2026-08-05 14:26:00,83.3176,50.2059,2.8297
2026-08-05 14:27:00,84.0604,52.4289,2.4698
2026-08-05 14:28:00,84.8029,51.6240,2.5749
2026-08-05 14:29:00,83.8085,51.3666,2.6240
2026-08-05 14:30:00,83.7824,52.3085,2.7112
2026-08-05 14:31:00,84.0140,51.8004,2.6725
2026-08-05 14:32:00,84.2572,51.1819,2.7028
2026-08-05 14:33:00,84.0287,50.4747,2.7766
2026-08-05 14:34:00,83.0621,50.8969,2.8789
2026-08-05 14:35:00,83.8504,52.2907,2.8182
2026-08-05 14:36:00,84.4254,51.9076,2.7483
2026-08-05 14:37:00,83.8130,51.2475,2.7392
2026-08-05 14:38:00,83.2523,52.8447,2.8617
2026-08-05 14:39:00,83.6556,51.3401,2.9442
2026-08-05 14:40:00,83.1592,52.2900,2.8236
2026-08-05 14:41:00,83.8856,51.7099,2.7146
2026-08-05 14:42:00,83.2014,53.1139,2.7932
2026-08-05 14:43:00,83.4828,52.2033,2.8288
2026-08-05 14:44:00,83.1756,51.6708,2.7185
2026-08-05 14:45:00,83.2414,51.5237,2.8637
2026-08-05 14:46:00,83.8236,51.6869,2.8065
2026-08-05 14:47:00,83.3813,51.1511,2.8993
2026-08-05 14:48:00,83.1551,50.6700,2.6876
2026-08-05 14:49:00,82.9519,52.0420,2.6135
2026-08-05 14:50:00,82.7066,51.3995,2.7505
2026-08-05 14:51:00,82.8654,51.4283,2.7941
2026-08-05 14:52:00,83.2472,51.8169,2.6134
2026-08-05 14:53:00,83.4806,51.9601,2.7341
2026-08-05 14:54:00,82.9914,51.9542,2.9247
2026-08-05 14:55:00,83.6038,53.3687,2.8508
2026-08-05 14:56:00,82.8906,52.5373,2.8122
2026-08-05 14:57:00,83.0078,53.7227,2.6935
2026-08-05 14:58:00,82.7288,51.7139,2.9246
2026-08-05 14:59:00,83.3235,52.7203,2.7582
2026-08-05 15:00:00,83.6293,51.8146,2.8095
2026-08-05 15:01:00,82.4454,51.7000,2.8406
2026-08-05 15:02:00,82.8441,53.8926,2.8167
2026-08-05 15:03:00,83.3016,51.5884,2.9483
2026-08-05 15:04:00,82.4625,50.4440,2.8559
2026-08-05 15:05:00,83.0412,51.6892,2.8313
2026-08-05 15:06:00,83.2124,50.6746,2.7877
2026-08-05 15:07:00,82.8444,51.5455,2.8382
2026-08-05 15:08:00,82.9612,51.6445,2.7724
2026-08-05 15:09:00,83.2998,52.3842,2.8106
2026-08-05 15:10:00,83.3317,50.7404,2.7556
2026-08-05 15:11:00,82.7044,53.3605,2.7377
2026-08-05 15:12:00,82.5394,50.9264,2.6937
2026-08-05 15:13:00,82.3994,52.3477,2.7557
2026-08-05 15:14:00,82.9451,52.2131,2.7464
2026-08-05 15:15:00,82.2173,53.1547,2.9601
2026-08-05 15:16:00,82.5302,52.7972,2.8733
2026-08-05 15:17:00,82.6142,53.4867,2.7574
2026-08-05 15:18:00,82.4102,52.2688,2.7250
2026-08-05 15:19:00,82.6230,52.2064,2.8252
2026-08-05 15:20:00,83.2867,52.9283,2.9540
2026-08-05 15:21:00,82.4595,53.4408,2.8354
2026-08-05 15:22:00,82.3442,53.2965,2.5796
2026-08-05 15:23:00,82.7587,52.9124,2.8336
2026-08-05 15:24:00,82.5055,52.8591,2.8467
2026-08-05 15:25:00,82.8453,52.6616,2.9579
2026-08-05 15:26:00,82.4431,53.0357,2.7083
2026-08-05 15:27:00,82.2997,54.3524,2.7420
2026-08-05 15:28:00,81.8201,52.5466,2.7680
2026-08-05 15:29:00,81.8506,52.4648,2.6412
2026-08-05 15:30:00,81.7674,52.4188,2.6267
2026-08-05 15:31:00,82.4140,53.0979,2.7464
2026-08-05 15:32:00,81.8739,51.1033,2.5464
2026-08-05 15:33:00,82.6421,52.7065,2.5631
2026-08-05 15:34:00,82.2577,53.5324,2.7704
2026-08-05 15:35:00,82.1589,52.4198,2.7324
2026-08-05 15:36:00,81.9631,53.0025,2.8013
2026-08-05 15:37:00,82.3873,54.5525,2.7162
2026-08-05 15:38:00,81.9441,53.1417,2.6644
2026-08-05 15:39:00,81.8751,51.0960,2.7857
2026-08-05 15:40:00,82.5129,51.7699,2.6077
2026-08-05 15:41:00,82.2490,52.7069,2.6098
2026-08-05 15:42:00,82.0587,52.2740,2.6297
2026-08-05 15:43:00,82.3086,53.0087,2.6742
2026-08-05 15:44:00,82.1063,52.6988,2.6154
2026-08-05 15:45:00,82.2065,53.8752,2.4663
2026-08-05 15:46:00,81.8349,52.0767,2.5809
2026-08-05 15:47:00,82.6900,52.7907,2.5970
2026-08-05 15:48:00,81.8843,53.1369,2.6042
2026-08-05 15:49:00,82.5148,53.2419,2.5403
2026-08-05 15:50:00,81.9817,53.0918,2.6282
2026-08-05 15:51:00,82.2712,51.0502,2.4090
2026-08-05 15:52:00,82.2407,53.0502,2.6039
2026-08-05 15:53:00,82.3562,52.8668,2.7340
2026-08-05 15:54:00,81.7523,53.6820,2.4862
2026-08-05 15:55:00,82.3199,53.5720,2.5449
2026-08-05 15:56:00,82.5445,53.1886,2.5067
2026-08-05 15:57:00,81.9068,53.2482,2.5005
2026-08-05 15:58:00,81.9891,54.0809,2.4129
2026-08-05 15:59:00,81.8165,53.9200,2.7070
2026-08-05 16:00:00,81.8650,53.2203,2.5386
2026-08-05 16:01:00,82.4782,54.7161,2.4251
2026-08-05 16:02:00,81.6600,52.4964,2.4058
2026-08-05 16:03:00,81.6756,52.0493,2.4826
2026-08-05 16:04:00,82.4390,52.9872,2.2519
2026-08-05 16:05:00,82.1411,52.6945,2.5661
2026-08-05 16:06:00,82.5885,51.0185,2.4017
2026-08-05 16:07:00,81.8163,52.4655,2.4842
2026-08-05 16:08:00,81.9890,53.2584,2.4812
2026-08-05 16:09:00,81.7532,52.9328,2.5265
2026-08-05 16:10:00,81.9951,52.3532,2.4716
2026-08-05 16:11:00,81.4213,53.0028,2.4891
2026-08-05 16:12:00,82.1609,53.0615,2.5092
2026-08-05 16:13:00,82.0549,53.5287,2.3668
2026-08-05 16:14:00,81.9436,52.4366,2.6076
2026-08-05 16:15:00,81.8473,53.6414,2.4205
2026-08-05 16:16:00,81.7001,52.0619,2.3752
2026-08-05 16:17:00,82.1915,52.5233,2.2867
2026-08-05 16:18:00,81.6272,54.2763,2.3431
2026-08-05 16:19:00,82.1379,52.0886,2.3970
2026-08-05 16:20:00,82.6130,52.3708,2.3595
2026-08-05 16:21:00,82.4433,51.8849,2.5260
2026-08-05 16:22:00,81.5536,52.2146,2.2976
2026-08-05 16:23:00,81.8522,52.9758,2.3980
2026-08-05 16:24:00,82.1484,53.4184,2.2111
2026-08-05 16:25:00,82.0101,52.8259,2.5357
2026-08-05 16:26:00,81.6211,52.5682,2.1918
2026-08-05 16:27:00,82.1669,51.8204,2.5126
2026-08-05 16:28:00,82.0592,52.2190,2.2857
2026-08-05 16:29:00,82.6480,51.5496,2.0700
2026-08-05 16:30:00,82.0098,53.3609,2.4231
2026-08-05 16:31:00,82.4488,53.4012,2.2906
2026-08-05 16:32:00,81.7315,52.7083,2.2317
2026-08-05 16:33:00,81.8169,53.0776,2.3360
2026-08-05 16:34:00,82.3562,53.4087,2.3333
2026-08-05 16:35:00,82.4796,52.7716,2.3035
2026-08-05 16:36:00,81.8827,53.7879,2.3708
2026-08-05 16:37:00,82.1932,51.8359,2.2780
2026-08-05 16:38:00,81.7880,52.3575,2.3134
2026-08-05 16:39:00,82.1652,52.2433,2.1920
2026-08-05 16:40:00,82.4883,53.1159,2.3167
2026-08-05 16:41:00,82.1249,51.4309,2.1846
2026-08-05 16:42:00,82.1994,53.7163,2.1202
2026-08-05 16:43:00,81.9545,52.9866,2.2086
2026-08-05 16:44:00,82.1187,53.9162,2.1984
2026-08-05 16:45:00,82.8610,52.4620,2.3156
2026-08-05 16:46:00,82.3764,52.0321,2.0746
2026-08-05 16:47:00,82.0752,52.9756,2.3266
2026-08-05 16:48:00,82.3034,53.2515,2.1524
2026-08-05 16:49:00,81.9411,51.8322,1.9659
2026-08-05 16:50:00,82.1391,50.7820,2.0895
2026-08-05 16:51:00,82.8749,50.8949,2.1775
2026-08-05 16:52:00,82.4481,52.5405,2.2510
2026-08-05 16:53:00,83.0826,53.5387,2.1917
2026-08-05 16:54:00,82.5118,51.2405,2.0827
2026-08-05 16:55:00,82.5551,52.0376,2.1247
2026-08-05 16:56:00,82.7842,51.9507,2.0824
2026-08-05 16:57:00,81.8167,53.7394,2.2268
2026-08-05 16:58:00,82.7070,53.9831,2.1914
2026-08-05 16:59:00,82.6583,52.4885,2.2615
2026-08-05 17:00:00,83.1468,52.8397,2.0230
2026-08-05 17:01:00,83.0188,52.7895,2.1467
2026-08-05 17:02:00,82.4182,51.0408,2.4033
2026-08-05 17:03:00,83.1603,52.5952,2.2650
2026-08-05 17:04:00,82.7388,51.1917,2.1720
2026-08-05 17:05:00,82.5764,51.8408,2.1038
2026-08-05 17:06:00,82.9376,52.8601,2.3145
2026-08-05 17:07:00,82.8488,51.9831,2.3583
2026-08-05 17:08:00,83.4028,52.7700,2.0917
2026-08-05 17:09:00,83.0754,52.8967,2.1029
2026-08-05 17:10:00,83.0674,50.4207,2.2381
2026-08-05 17:11:00,83.3087,50.0528,2.2496
2026-08-05 17:12:00,83.3997,52.6930,2.2630
2026-08-05 17:13:00,83.3406,52.6934,2.4015
2026-08-05 17:14:00,83.5654,51.9045,2.1228
2026-08-05 17:15:00,83.3566,51.9805,2.2268
2026-08-05 17:16:00,83.2591,52.3484,2.2981
2026-08-05 17:17:00,83.6158,52.3004,2.3003
2026-08-05 17:18:00,83.2523,51.3241,2.1679
2026-08-05 17:19:00,83.3255,52.2986,2.1755
2026-08-05 17:20:00,83.8683,51.2228,2.1943
2026-08-05 17:21:00,83.8750,51.6607,2.4146
2026-08-05 17:22:00,83.4229,51.5915,2.1506
2026-08-05 17:23:00,83.3266,50.7093,2.2203
2026-08-05 17:24:00,83.9392,50.7676,2.3348
2026-08-05 17:25:00,83.7783,53.1142,2.1531
2026-08-05 17:26:00,83.6711,50.5780,2.2927
2026-08-05 17:27:00,83.5184,51.5519,2.0819
2026-08-05 17:28:00,83.7534,51.6840,2.2963
2026-08-05 17:29:00,83.6865,51.1409,2.2876
2026-08-05 17:30:00,83.5331,51.6852,2.3042
2026-08-05 17:31:00,83.8107,51.3749,2.2066
2026-08-05 17:32:00,83.8916,50.3789,2.3220
2026-08-05 17:33:00,83.7395,51.4678,2.3013
2026-08-05 17:34:00,84.1637,50.5657,2.4411
2026-08-05 17:35:00,84.3198,52.3569,2.3812
2026-08-05 17:36:00,84.2650,51.2704,2.1788
2026-08-05 17:37:00,83.9323,50.3295,2.2468
2026-08-05 17:38:00,84.2832,51.1259,2.2750
2026-08-05 17:39:00,84.1214,50.0744,2.3613
2026-08-05 17:40:00,83.7689,50.9827,2.3331
2026-08-05 17:41:00,84.3834,50.5579,2.3395
2026-08-05 17:42:00,84.2674,50.0388,2.6456
2026-08-05 17:43:00,85.0439,49.9905,2.3196
2026-08-05 17:44:00,84.7454,52.5717,2.5171
2026-08-05 17:45:00,84.5641,50.6584,2.3705
2026-08-05 17:46:00,84.4681,50.2013,2.1746
2026-08-05 17:47:00,84.4853,50.0241,2.4190
2026-08-05 17:48:00,84.1780,50.8462,2.5192
2026-08-05 17:49:00,84.0004,49.9197,2.4781
2026-08-05 17:50:00,84.3034,49.5159,2.4480
2026-08-05 17:51:00,84.5941,50.3267,2.4323
2026-08-05 17:52:00,84.0201,50.2816,2.3882
2026-08-05 17:53:00,84.5318,49.9409,2.5350
2026-08-05 17:54:00,84.6643,49.5223,2.4096
2026-08-05 17:55:00,84.7174,49.8834,2.3968
2026-08-05 17:56:00,84.6270,49.7813,2.5097
2026-08-05 17:57:00,84.7667,49.6311,2.4465
2026-08-05 17:58:00,85.4299,50.2997,2.6124
2026-08-05 17:59:00,85.1550,51.8203,2.5389
2026-08-05 18:00:00,84.8319,51.0654,2.4222
2026-08-05 18:01:00,85.0231,51.5143,2.3934
2026-08-05 18:02:00,85.0788,49.4673,2.4583
2026-08-05 18:03:00,84.9005,51.2220,2.7573
2026-08-05 18:04:00,84.9437,50.0248,2.5076
2026-08-05 18:05:00,85.5211,50.5929,2.6150
2026-08-05 18:06:00,85.1355,50.1308,2.4164
2026-08-05 18:07:00,84.9765,49.4509,2.4464
2026-08-05 18:08:00,85.3353,50.2620,2.5435
2026-08-05 18:09:00,85.4270,50.0353,2.7401
2026-08-05 18:10:00,84.8430,48.1939,2.4486
2026-08-05 18:11:00,85.4657,49.4702,2.5222
2026-08-05 18:12:00,85.7813,50.2286,2.6829
2026-08-05 18:13:00,85.6992,49.7139,2.7594
2026-08-05 18:14:00,86.2756,49.8289,2.6513
2026-08-05 18:15:00,86.0246,48.8136,2.6824
2026-08-05 18:16:00,86.1265,49.5812,2.5323
2026-08-05 18:17:00,86.5742,49.2608,2.4969
2026-08-05 18:18:00,86.0038,49.1369,2.5216
2026-08-05 18:19:00,85.8674,48.7181,2.5558
2026-08-05 18:20:00,86.1524,49.9554,2.6726
2026-08-05 18:21:00,85.7343,49.4621,2.5348
2026-08-05 18:22:00,85.9758,49.3436,2.6884
2026-08-05 18:23:00,85.7905,50.7510,2.6384
2026-08-05 18:24:00,86.1453,49.4520,2.6201
2026-08-05 18:25:00,85.8712,49.9961,2.7711
2026-08-05 18:26:00,85.9014,49.2169,2.5929
2026-08-05 18:27:00,86.2719,48.6791,2.8384
2026-08-05 18:28:00,86.1467,48.0776,2.7838
2026-08-05 18:29:00,85.6497,49.0814,2.6075
2026-08-05 18:30:00,85.8310,46.7212,2.8324
2026-08-05 18:31:00,85.9629,49.0337,2.6068
2026-08-05 18:32:00,86.0813,49.0321,2.8523
2026-08-05 18:33:00,86.5093,48.5700,2.7614
2026-08-05 18:34:00,86.4892,48.6346,2.5752
2026-08-05 18:35:00,86.7814,47.6722,2.6085
2026-08-05 18:36:00,86.7256,49.7465,2.7022
2026-08-05 18:37:00,86.8589,48.3334,2.8340
2026-08-05 18:38:00,86.7571,47.7908,2.7345
2026-08-05 18:39:00,86.6745,48.9699,2.7362
2026-08-05 18:40:00,86.9780,48.5886,2.7638
2026-08-05 18:41:00,86.9603,48.1795,2.5641
2026-08-05 18:42:00,86.8333,48.0613,2.8497
2026-08-05 18:43:00,87.1373,48.3946,2.9047
2026-08-05 18:44:00,86.0875,49.4427,2.8530
2026-08-05 18:45:00,86.7389,48.7089,2.7348
2026-08-05 18:46:00,86.7687,48.2733,2.6916
2026-08-05 18:47:00,87.2403,48.9505,2.6746
2026-08-05 18:48:00,87.3996,48.2587,2.6720
2026-08-05 18:49:00,86.5264,48.5263,3.0141
2026-08-05 18:50:00,87.4177,48.2946,2.7819
2026-08-05 18:51:00,86.6753,48.6145,2.8822
2026-08-05 18:52:00,86.7164,47.7567,2.8784
2026-08-05 18:53:00,87.0201,47.1702,2.8092
2026-08-05 18:54:00,87.0260,48.7771,2.7031
2026-08-05 18:55:00,86.6847,49.2259,2.8493
2026-08-05 18:56:00,87.3775,47.1191,2.6901
2026-08-05 18:57:00,87.4161,48.1070,2.8593
2026-08-05 18:58:00,87.5579,47.5758,2.6959
2026-08-05 18:59:00,87.1406,48.6133,2.7563
2026-08-05 19:00:00,87.2872,48.0760,2.7562
2026-08-05 19:01:00,87.3179,50.5131,2.9398
2026-08-05 19:02:00,87.8609,47.5827,2.5562
2026-08-05 19:03:00,86.5312,49.0269,3.0322
2026-08-05 19:04:00,87.1209,49.0783,2.7178
2026-08-05 19:05:00,87.4357,48.1714,2.7851
2026-08-05 19:06:00,87.1339,47.7484,2.8376
2026-08-05 19:07:00,87.4071,47.7693,2.8277
2026-08-05 19:08:00,87.4713,47.6767,2.8778
2026-08-05 19:09:00,87.3359,48.5507,2.8527
2026-08-05 19:10:00,87.5760,46.9218,2.9935
2026-08-05 19:11:00,87.7681,47.4675,2.8608
2026-08-05 19:12:00,87.5313,47.3472,2.7736
2026-08-05 19:13:00,87.4881,46.1691,2.7275
2026-08-05 19:14:00,87.5958,48.2148,2.7222
2026-08-05 19:15:00,87.6642,48.3559,2.9065
2026-08-05 19:16:00,87.1647,46.9766,2.9496
2026-08-05 19:17:00,87.8451,48.2869,2.8712
2026-08-05 19:18:00,87.5906,46.1752,2.4509
2026-08-05 19:19:00,88.1231,47.4409,2.5389
2026-08-05 19:20:00,87.9401,47.3009,2.7591
2026-08-05 19:21:00,88.1314,47.4527,2.7391
2026-08-05 19:22:00,87.4942,47.4296,2.7536
2026-08-05 19:23:00,87.7026,47.2834,2.8724
2026-08-05 19:24:00,87.4573,47.0168,2.8629
2026-08-05 19:25:00,87.6339,47.2224,2.7555
2026-08-05 19:26:00,88.2360,48.3828,2.5808
2026-08-05 19:27:00,88.3209,46.8126,2.6052
2026-08-05 19:28:00,87.5440,49.0636,2.7297
2026-08-05 19:29:00,87.7641,46.7355,2.7593
2026-08-05 19:30:00,87.8914,47.4204,2.5904
2026-08-05 19:31:00,88.1020,47.6705,2.7726
2026-08-05 19:32:00,87.4098,46.9659,2.5255
2026-08-05 19:33:00,87.4678,48.2913,2.4285
2026-08-05 19:34:00,88.1059,47.6082,2.6013
2026-08-05 19:35:00,87.3841,46.9953,2.8199
2026-08-05 19:36:00,87.8440,48.2438,2.8286
2026-08-05 19:37:00,88.0354,46.3225,2.5104
2026-08-05 19:38:00,88.1195,46.6712,2.5115
2026-08-05 19:39:00,87.9598,47.5627,2.7328
2026-08-05 19:40:00,87.8996,47.7434,2.6059
2026-08-05 19:41:00,88.2691,47.3504,2.7798
2026-08-05 19:42:00,88.1071,46.9811,2.7107
2026-08-05 19:43:00,87.8327,46.8728,2.7208
2026-08-05 19:44:00,88.0428,47.9707,2.5398
2026-08-05 19:45:00,88.1505,47.2500,2.6592
2026-08-05 19:46:00,88.5546,46.3524,2.8091
2026-08-05 19:47:00,88.2781,46.2994,2.6144
2026-08-05 19:48:00,88.4090,48.2477,2.5882
2026-08-05 19:49:00,87.8633,46.4560,2.5416
2026-08-05 19:50:00,87.8906,47.2439,2.4175
2026-08-05 19:51:00,87.9780,48.1015,2.4601
2026-08-05 19:52:00,88.0058,47.4501,2.4732
2026-08-05 19:53:00,87.7461,46.4065,2.3902
2026-08-05 19:54:00,88.4274,46.1967,2.3926
2026-08-05 19:55:00,88.3113,48.5023,2.2943
2026-08-05 19:56:00,87.9526,46.1712,2.4531
2026-08-05 19:57:00,88.2343,46.5597,2.5911
2026-08-05 19:58:00,88.1056,47.2990,2.4840
2026-08-05 19:59:00,88.2511,46.8252,2.4767
2026-08-05 20:00:00,87.6278,47.4590,2.5767
2026-08-05 20:01:00,87.9828,45.8260,2.6610
2026-08-05 20:02:00,88.0039,46.8327,2.7116
2026-08-05 20:03:00,88.2027,47.5445,2.4909
2026-08-05 20:04:00,87.8209,47.5490,2.4405
2026-08-05 20:05:00,87.2528,46.5485,2.4195
2026-08-05 20:06:00,87.6710,46.1919,2.5122
2026-08-05 20:07:00,87.9695,47.1836,2.4297
2026-08-05 20:08:00,87.9988,45.9665,2.4224
2026-08-05 20:09:00,88.4760,48.0482,2.4213
2026-08-05 20:10:00,88.1365,47.1516,2.3281
2026-08-05 20:11:00,87.9764,46.4736,2.1816
2026-08-05 20:12:00,87.9321,46.1933,2.3404
2026-08-05 20:13:00,88.2624,46.5369,2.5456
2026-08-05 20:14:00,87.7430,45.8007,2.5335
2026-08-05 20:15:00,87.8663,47.4535,2.4792
2026-08-05 20:16:00,87.5696,46.4233,2.3286
2026-08-05 20:17:00,88.3095,47.3937,2.2918
2026-08-05 20:18:00,87.9886,47.5129,2.5263
2026-08-05 20:19:00,87.6452,47.8651,2.2485
2026-08-05 20:20:00,87.8092,47.3037,2.3539
2026-08-05 20:21:00,87.9822,48.0128,2.5122
2026-08-05 20:22:00,87.7393,48.2324,2.3490
2026-08-05 20:23:00,87.6390,47.3415,2.3007
2026-08-05 20:24:00,87.5875,47.4017,2.4396
2026-08-05 20:25:00,87.8695,46.7132,2.3246
2026-08-05 20:26:00,87.6440,46.3820,2.3308
2026-08-05 20:27:00,87.5985,48.2111,2.4566
2026-08-05 20:28:00,87.3166,47.6839,2.0448
2026-08-05 20:29:00,87.7231,47.7630,2.3294
2026-08-05 20:30:00,87.6275,46.7558,2.2112
2026-08-05 20:31:00,87.5670,48.5428,2.2617
2026-08-05 20:32:00,87.7044,47.0765,2.2884
2026-08-05 20:33:00,87.8501,46.6341,2.2043
2026-08-05 20:34:00,87.8168,46.8333,2.2897
2026-08-05 20:35:00,87.7523,48.5663,2.3005
2026-08-05 20:36:00,87.4942,46.4381,2.2776
2026-08-05 20:37:00,87.3758,46.7441,2.2639
2026-08-05 20:38:00,87.2120,49.6824,2.2366
2026-08-05 20:39:00,87.3261,48.1353,2.2344
2026-08-05 20:40:00,87.4885,46.8155,2.2481
2026-08-05 20:41:00,87.2250,46.5566,2.1421
2026-08-05 20:42:00,87.4677,46.1039,2.3597
2026-08-05 20:43:00,87.1270,47.5405,2.2201
2026-08-05 20:44:00,86.8957,48.0664,2.1856
2026-08-05 20:45:00,87.6169,48.7206,2.2624
2026-08-05 20:46:00,87.2057,46.0124,2.2085
2026-08-05 20:47:00,87.0735,46.4898,2.3415
2026-08-05 20:48:00,86.9728,47.4773,2.3042
2026-08-05 20:49:00,87.4039,49.8264,2.2216
2026-08-05 20:50:00,87.6653,48.3287,2.3041
2026-08-05 20:51:00,87.1076,47.9423,2.2318
2026-08-05 20:52:00,87.1392,46.6886,2.0911
2026-08-05 20:53:00,87.5006,45.9975,2.2940
2026-08-05 20:54:00,86.6109,47.7499,2.0136
2026-08-05 20:55:00,87.7189,47.6650,1.8509
2026-08-05 20:56:00,87.8366,47.5563,2.2714
2026-08-05 20:57:00,86.2659,47.4927,2.2453
2026-08-05 20:58:00,87.0228,47.2252,2.2381
2026-08-05 20:59:00,86.8104,47.0690,2.3391
2026-08-05 21:00:00,86.9206,48.9903,2.1975
2026-08-05 21:01:00,86.8482,47.1974,2.1623
2026-08-05 21:02:00,87.1909,47.7140,2.2801
2026-08-05 21:03:00,86.8870,47.9323,2.1295
2026-08-05 21:04:00,86.6209,48.5576,2.1778
2026-08-05 21:05:00,86.8157,47.3405,2.2278
2026-08-05 21:06:00,86.9949,48.8341,2.2369
2026-08-05 21:07:00,86.4583,47.6179,2.1717
2026-08-05 21:08:00,86.2925,47.9825,2.1575
2026-08-05 21:09:00,87.3570,49.4572,2.0963
2026-08-05 21:10:00,86.5392,47.3983,2.1315
2026-08-05 21:11:00,86.6634,48.7817,2.3943
2026-08-05 21:12:00,86.5578,49.0403,2.1881
2026-08-05 21:13:00,86.8141,48.5165,2.2361
2026-08-05 21:14:00,87.1540,48.2068,2.0708
2026-08-05 21:15:00,86.7686,50.0339,2.4792
2026-08-05 21:16:00,86.1116,48.3550,2.1398
2026-08-05 21:17:00,86.1242,48.5624,2.1117
2026-08-05 21:18:00,86.3922,48.1633,2.2266
2026-08-05 21:19:00,86.4037,48.5870,2.1471
2026-08-05 21:20:00,85.9400,49.2713,2.2767
2026-08-05 21:21:00,86.6748,48.3139,2.0930
2026-08-05 21:22:00,86.0754,46.8817,2.3621
2026-08-05 21:23:00,86.8217,49.0140,2.3467
2026-08-05 21:24:00,86.8924,47.7754,2.2454
2026-08-05 21:25:00,86.2442,49.2666,2.0964
2026-08-05 21:26:00,86.4229,48.7074,2.1856
2026-08-05 21:27:00,85.8942,49.4985,2.2781
2026-08-05 21:28:00,86.4235,48.0211,2.1560
2026-08-05 21:29:00,86.0596,48.3876,2.1776
2026-08-05 21:30:00,85.8557,48.5799,2.3928
2026-08-05 21:31:00,86.0679,47.7025,2.3090
2026-08-05 21:32:00,85.9879,49.8140,2.3116
2026-08-05 21:33:00,86.0031,47.6613,2.3579
2026-08-05 21:34:00,86.3587,49.8764,2.2948
2026-08-05 21:35:00,85.8115,49.3752,2.3114
2026-08-05 21:36:00,86.5409,48.9139,2.3693
2026-08-05 21:37:00,85.5964,49.3865,2.4110
2026-08-05 21:38:00,86.4522,49.4021,2.3864
2026-08-05 21:39:00,85.6363,48.8653,2.4893
2026-08-05 21:40:00,85.9149,49.4621,2.3525
2026-08-05 21:41:00,85.7422,49.8465,2.2221
2026-08-05 21:42:00,85.7603,48.5439,2.4726
2026-08-05 21:43:00,86.0782,49.6149,2.3463
2026-08-05 21:44:00,86.2623,47.2752,2.3011
2026-08-05 21:45:00,86.1443,47.8710,2.4564
2026-08-05 21:46:00,85.6405,49.9049,2.4296
2026-08-05 21:47:00,85.7924,49.1577,2.2720
2026-08-05 21:48:00,85.4778,48.8479,2.4744
2026-08-05 21:49:00,85.3904,49.5271,2.6022
2026-08-05 21:50:00,85.3197,49.2917,2.4547
2026-08-05 21:51:00,85.5082,48.8565,2.4043
2026-08-05 21:52:00,85.6905,48.3752,2.2707
2026-08-05 21:53:00,85.0184,48.1510,2.6505
2026-08-05 21:54:00,85.5546,50.3557,2.4014
2026-08-05 21:55:00,86.0001,49.4658,2.3200
2026-08-05 21:56:00,85.8589,50.6186,2.4797
2026-08-05 21:57:00,85.3241,49.5361,2.5773
2026-08-05 21:58:00,85.0581,50.2054,2.6079
2026-08-05 21:59:00,85.5929,49.8604,2.4249
2026-08-05 22:00:00,84.7378,50.0356,2.4901
2026-08-05 22:01:00,85.7444,50.1137,2.5079
2026-08-05 22:02:00,85.3258,49.7220,2.6134
2026-08-05 22:03:00,85.9182,49.1341,2.5828
2026-08-05 22:04:00,84.8298,50.7699,2.5584
2026-08-05 22:05:00,85.6028,51.4710,2.6306
2026-08-05 22:06:00,85.2769,51.5627,2.4107
2026-08-05 22:07:00,85.1877,49.8319,2.5968
2026-08-05 22:08:00,84.8563,49.7270,2.5845
2026-08-05 22:09:00,85.4266,49.9092,2.5650
2026-08-05 22:10:00,85.4316,50.2509,2.5527
2026-08-05 22:11:00,85.7455,50.3885,2.5986
2026-08-05 22:12:00,85.4939,49.6710,2.5357
2026-08-05 22:13:00,84.9951,49.3243,2.8729
2026-08-05 22:14:00,84.8542,50.5867,2.7434
2026-08-05 22:15:00,84.7273,47.7609,2.7241
2026-08-05 22:16:00,85.5625,50.5432,2.5691
2026-08-05 22:17:00,84.8702,49.9063,2.5334
2026-08-05 22:18:00,85.5311,51.3245,2.6150
2026-08-05 22:19:00,85.2283,51.5766,2.6546
2026-08-05 22:20:00,85.1538,51.6335,2.5052
2026-08-05 22:21:00,84.9472,50.5372,2.7047
2026-08-05 22:22:00,85.2222,49.9439,2.7716
2026-08-05 22:23:00,85.0045,50.2380,2.4464
2026-08-05 22:24:00,84.8837,51.1571,2.5863
2026-08-05 22:25:00,85.1891,49.6476,2.8054
2026-08-05 22:26:00,84.9232,52.1163,2.7262
2026-08-05 22:27:00,84.7133,50.7738,2.6082
2026-08-05 22:28:00,85.1195,51.4752,2.7743
2026-08-05 22:29:00,84.9075,49.6865,2.6471
2026-08-05 22:30:00,85.0609,50.4073,2.6885
2026-08-05 22:31:00,84.7659,49.6597,2.6037
2026-08-05 22:32:00,84.5275,52.0372,2.7246
2026-08-05 22:33:00,85.3993,51.1278,2.8299
2026-08-05 22:34:00,85.3316,51.7486,2.6854
2026-08-05 22:35:00,85.1220,51.3776,2.8026
2026-08-05 22:36:00,84.7301,51.7368,2.7377
2026-08-05 22:37:00,84.7463,51.1269,2.8551
2026-08-05 22:38:00,85.2414,51.2686,2.7053
2026-08-05 22:39:00,84.7112,51.3925,2.9113
2026-08-05 22:40:00,84.6186,51.8245,2.8280
2026-08-05 22:41:00,85.3614,51.8796,2.7880
2026-08-05 22:42:00,84.7771,53.8166,2.7954
2026-08-05 22:43:00,85.3140,52.9461,2.7243
2026-08-05 22:44:00,84.3564,50.2109,2.7211
2026-08-05 22:45:00,84.9241,51.5522,2.8034
2026-08-05 22:46:00,85.3831,51.3745,2.6602
2026-08-05 22:47:00,84.7641,52.7555,2.7226
2026-08-05 22:48:00,84.6698,51.5108,2.6916
2026-08-05 22:49:00,84.3928,52.1664,2.8448
2026-08-05 22:50:00,85.0623,49.9566,2.8485
2026-08-05 22:51:00,84.5014,50.6464,2.9185
2026-08-05 22:52:00,84.6992,53.5618,2.7600
2026-08-05 22:53:00,84.3528,51.9585,2.7142
2026-08-05 22:54:00,85.1860,51.1496,2.6494
2026-08-05 22:55:00,85.0616,52.1723,2.8245
2026-08-05 22:56:00,84.7022,51.1649,2.9380
2026-08-05 22:57:00,84.3622,51.8097,2.7916
2026-08-05 22:58:00,85.1664,50.9030,2.8023
2026-08-05 22:59:00,84.5934,51.4624,2.7993
2026-08-05 23:00:00,84.3694,51.7883,2.8254
2026-08-05 23:01:00,84.1705,53.0455,2.8996
2026-08-05 23:02:00,84.5038,52.5474,2.9915
2026-08-05 23:03:00,84.2599,52.7138,2.8489
2026-08-05 23:04:00,84.5085,52.2088,2.8548
2026-08-05 23:05:00,84.9181,52.9138,2.7735
2026-08-05 23:06:00,84.5818,51.5824,2.7855
2026-08-05 23:07:00,84.8012,51.7204,2.7828
2026-08-05 23:08:00,84.4777,52.6575,2.7568
2026-08-05 23:09:00,84.7149,52.1326,2.8045
2026-08-05 23:10:00,85.2724,52.3690,2.8523
2026-08-05 23:11:00,84.5928,52.2725,2.7940
2026-08-05 23:12:00,84.8141,53.4298,2.7573
2026-08-05 23:13:00,84.2308,53.4944,2.7954
2026-08-05 23:14:00,85.1585,51.9714,2.6841
2026-08-05 23:15:00,84.5615,51.0865,2.8575
2026-08-05 23:16:00,85.0224,51.9468,2.7327
2026-08-05 23:17:00,84.6731,51.8196,2.6553
2026-08-05 23:18:00,84.8965,53.2233,2.8135
2026-08-05 23:19:00,84.9176,53.3146,2.8148
2026-08-05 23:20:00,84.5841,51.7732,2.6738
2026-08-05 23:21:00,85.0512,52.0139,2.8181
2026-08-05 23:22:00,84.4999,51.4532,2.8150
2026-08-05 23:23:00,84.9653,52.7625,2.9447
2026-08-05 23:24:00,84.6193,52.6371,2.7192
2026-08-05 23:25:00,84.8459,53.3219,2.7326
2026-08-05 23:26:00,84.6074,53.1055,2.6725
2026-08-05 23:27:00,84.7661,53.2126,2.7775
2026-08-05 23:28:00,84.4340,51.5070,2.7225
2026-08-05 23:29:00,84.8362,52.2553,2.8164
2026-08-05 23:30:00,84.7809,53.5308,2.6687
2026-08-05 23:31:00,84.6115,52.3556,2.7537
2026-08-05 23:32:00,84.7631,51.4987,2.6770
2026-08-05 23:33:00,84.8261,53.4610,2.5106
2026-08-05 23:34:00,84.6074,52.3661,2.7516
2026-08-05 23:35:00,84.7603,53.6909,2.5078
2026-08-05 23:36:00,84.5041,52.8384,2.6604
2026-08-05 23:37:00,85.5164,52.6433,2.6555
2026-08-05 23:38:00,85.1374,53.9670,2.6626
2026-08-05 23:39:00,84.9088,51.8452,2.6615
2026-08-05 23:40:00,85.1859,54.0452,2.6537
2026-08-05 23:41:00,84.2480,52.3962,2.6795
2026-08-05 23:42:00,84.0820,53.0470,2.6253
2026-08-05 23:43:00,84.7373,53.0635,2.8907
2026-08-05 23:44:00,84.4513,52.5927,2.5878
2026-08-05 23:45:00,84.8018,52.3327,2.4925
2026-08-05 23:46:00,84.9426,52.6539,2.4665
2026-08-05 23:47:00,85.1651,52.1450,2.6660
2026-08-05 23:48:00,84.5557,54.5326,2.4335
2026-08-05 23:49:00,85.0254,52.5840,2.4642
2026-08-05 23:50:00,84.9182,53.9015,2.4423
2026-08-05 23:51:00,85.0265,53.8009,2.6157
2026-08-05 23:52:00,84.7748,53.2739,2.6954
2026-08-05 23:53:00,85.3542,52.8789,2.4603
2026-08-05 23:54:00,84.9168,53.1458,2.5891
2026-08-05 23:55:00,85.4888,53.4513,2.2755
2026-08-05 23:56:00,84.7280,53.0763,2.4569
2026-08-05 23:57:00,85.1967,51.7443,2.5838
2026-08-05 23:58:00,84.9647,51.5443,2.4845
2026-08-05 23:59:00,84.8930,54.2069,2.6073
2026-08-06 00:00:00,85.1897,50.8922,2.2767
2026-08-06 00:01:00,84.9190,53.1563,2.4186
2026-08-06 00:02:00,84.2189,52.8110,2.5296
2026-08-06 00:03:00,84.1073,53.1263,2.5205
2026-08-06 00:04:00,85.4166,52.0839,2.5203
2026-08-06 00:05:00,85.4126,53.2741,2.4816
2026-08-06 00:06:00,85.6183,53.1556,2.3387
2026-08-06 00:07:00,85.0554,55.1962,2.3674
2026-08-06 00:08:00,84.6815,53.0875,2.6693
2026-08-06 00:09:00,84.9519,54.0578,2.3040
2026-08-06 00:10:00,85.0896,51.7754,2.2808
2026-08-06 00:11:00,84.7924,53.7850,2.4828
2026-08-06 00:12:00,85.5974,53.1441,2.3014
2026-08-06 00:13:00,85.7829,53.1725,2.5791
2026-08-06 00:14:00,85.2626,53.1766,2.6659
2026-08-06 00:15:00,85.1239,54.3074,2.3611
2026-08-06 00:16:00,84.7466,53.1385,2.4089
2026-08-06 00:17:00,85.6069,52.2987,2.1884
2026-08-06 00:18:00,85.1735,52.4244,2.4670
2026-08-06 00:19:00,85.0715,53.5614,2.1330
2026-08-06 00:20:00,85.3101,53.2557,2.2160
2026-08-06 00:21:00,84.9974,51.6630,2.3551
2026-08-06 00:22:00,85.2244,53.2882,2.3914
2026-08-06 00:23:00,84.7546,51.9992,2.1817
2026-08-06 00:24:00,85.5204,53.2038,2.2694
2026-08-06 00:25:00,85.1697,52.1963,2.1512
2026-08-06 00:26:00,85.5553,52.6027,2.2795
2026-08-06 00:27:00,85.1538,52.3787,2.2251
2026-08-06 00:28:00,85.1795,54.0159,2.2357
2026-08-06 00:29:00,84.8628,53.1079,2.3586
2026-08-06 00:30:00,85.4603,53.7805,2.3160
2026-08-06 00:31:00,84.9753,55.0725,2.3385
2026-08-06 00:32:00,85.0977,52.7781,2.2641
2026-08-06 00:33:00,85.2492,53.9260,2.3436
2026-08-06 00:34:00,85.2904,52.1482,2.2633
2026-08-06 00:35:00,84.7471,53.6945,2.2129
2026-08-06 00:36:00,85.1944,52.0270,2.3144
2026-08-06 00:37:00,85.5067,52.6402,2.2104
2026-08-06 00:38:00,85.1589,53.0660,2.2154
2026-08-06 00:39:00,85.2089,53.1729,2.3510
2026-08-06 00:40:00,85.3289,51.5800,2.3376
2026-08-06 00:41:00,85.2459,51.8846,2.2066
2026-08-06 00:42:00,84.9778,53.0471,2.3200
2026-08-06 00:43:00,85.2791,52.2430,2.1014
2026-08-06 00:44:00,85.5910,51.3981,2.1968
2026-08-06 00:45:00,84.9799,52.4376,2.1477
2026-08-06 00:46:00,85.1852,52.3772,2.2198
2026-08-06 00:47:00,84.8850,52.5915,2.2907
2026-08-06 00:48:00,85.5837,52.8504,2.2703
2026-08-06 00:49:00,85.2750,52.7763,2.2543
2026-08-06 00:50:00,85.0488,51.7655,2.2240
2026-08-06 00:51:00,85.3324,52.0273,2.1924
2026-08-06 00:52:00,84.9442,53.0737,2.3267
2026-08-06 00:53:00,84.9955,51.8720,2.0504
2026-08-06 00:54:00,84.8675,51.9651,2.1370
2026-08-06 00:55:00,84.9852,51.0521,2.2437
2026-08-06 00:56:00,85.7118,52.2065,2.3544
2026-08-06 00:57:00,85.0838,52.4792,2.1663
2026-08-06 00:58:00,85.4423,50.5957,2.1743
2026-08-06 00:59:00,85.0500,51.2927,2.0711
2026-08-06 01:00:00,85.5269,50.9839,2.1458
2026-08-06 01:01:00,84.9890,52.7241,2.2709
2026-08-06 01:02:00,85.3061,50.5352,2.3583
2026-08-06 01:03:00,85.3074,51.9735,2.1716
2026-08-06 01:04:00,85.9867,52.5817,2.1217
2026-08-06 01:05:00,85.4740,52.1283,2.2095
2026-08-06 01:06:00,85.1032,51.5964,2.0422
2026-08-06 01:07:00,85.4824,52.1955,2.3286
2026-08-06 01:08:00,85.9138,52.7175,2.0835
2026-08-06 01:09:00,84.7787,51.7712,2.2397
2026-08-06 01:10:00,85.0096,50.0351,2.2401
2026-08-06 01:11:00,85.1858,52.7132,2.2751
2026-08-06 01:12:00,85.1259,52.0836,2.2402
2026-08-06 01:13:00,85.1450,51.7050,2.2175
2026-08-06 01:14:00,84.8470,50.1149,2.2628
2026-08-06 01:15:00,85.6526,51.4281,2.3063
2026-08-06 01:16:00,84.7973,50.9335,2.4056
2026-08-06 01:17:00,85.1565,50.6278,2.1190
2026-08-06 01:18:00,85.5223,51.4583,2.0488
2026-08-06 01:19:00,85.1912,51.1051,2.0817
2026-08-06 01:20:00,84.8978,51.1239,2.0589
2026-08-06 01:21:00,84.7780,52.0576,2.1242
2026-08-06 01:22:00,85.1043,51.6359,2.1157
2026-08-06 01:23:00,84.9365,51.0004,2.2111
2026-08-06 01:24:00,85.2151,50.8641,2.3428
2026-08-06 01:25:00,84.7227,50.9630,2.3246
2026-08-06 01:26:00,85.3763,51.0936,2.2046
2026-08-06 01:27:00,85.1559,51.7232,2.2183
2026-08-06 01:28:00,85.1667,50.3862,2.4781
2026-08-06 01:29:00,85.5303,52.3510,2.3419
2026-08-06 01:30:00,84.9544,51.6159,2.3051
2026-08-06 01:31:00,84.8555,48.9213,2.3056
2026-08-06 01:32:00,84.8961,51.1434,2.2703
2026-08-06 01:33:00,84.9894,51.8709,2.5055
2026-08-06 01:34:00,85.0063,51.3124,2.2922
2026-08-06 01:35:00,84.7705,50.6344,2.3323
2026-08-06 01:36:00,84.3986,50.8782,2.1588
2026-08-06 01:37:00,84.8226,51.0323,2.2664
2026-08-06 01:38:00,85.0839,51.4677,2.2815
2026-08-06 01:39:00,85.0016,49.6822,2.3919
2026-08-06 01:40:00,85.3050,50.2924,2.2725
2026-08-06 01:41:00,85.5158,52.0493,2.3617
2026-08-06 01:42:00,85.1407,50.7267,2.3032
2026-08-06 01:43:00,85.3111,51.8844,2.2608
2026-08-06 01:44:00,85.1095,53.0122,2.2638
2026-08-06 01:45:00,85.3752,50.1916,2.3679
2026-08-06 01:46:00,85.3999,49.5889,2.4028
2026-08-06 01:47:00,85.1121,50.2956,2.3805
2026-08-06 01:48:00,85.0205,51.3485,2.3240
2026-08-06 01:49:00,84.7285,51.4216,2.4010
2026-08-06 01:50:00,84.7588,52.2092,2.3901
2026-08-06 01:51:00,84.6508,50.3232,2.3258
2026-08-06 01:52:00,84.9191,50.7040,2.4459
2026-08-06 01:53:00,84.4969,49.7051,2.6264
2026-08-06 01:54:00,84.6356,48.2298,2.4381
2026-08-06 01:55:00,83.9661,50.1645,2.3147
2026-08-06 01:56:00,85.1690,49.2340,2.6155
2026-08-06 01:57:00,84.5651,50.6325,2.6022
2026-08-06 01:58:00,84.7468,48.5734,2.6276
2026-08-06 01:59:00,85.0260,49.4478,2.4879
2026-08-06 02:00:00,84.6571,50.2141,2.4216
2026-08-06 02:01:00,84.9783,50.2586,2.4186
2026-08-06 02:02:00,84.1503,49.8835,2.6298
2026-08-06 02:03:00,85.2196,51.3761,2.6841
2026-08-06 02:04:00,84.8038,51.0986,2.4393
2026-08-06 02:05:00,84.5175,49.2563,2.2871
2026-08-06 02:06:00,84.8590,51.0522,2.5452
2026-08-06 02:07:00,84.0575,51.1353,2.4642
2026-08-06 02:08:00,84.2978,49.5873,2.4916
2026-08-06 02:09:00,84.7938,49.6837,2.5462
2026-08-06 02:10:00,83.7763,49.5678,2.6186
2026-08-06 02:11:00,84.4803,49.0535,2.5071
2026-08-06 02:12:00,84.4473,49.0942,2.6063
2026-08-06 02:13:00,84.8537,50.5474,2.5875
2026-08-06 02:14:00,83.7631,49.8032,2.3770
2026-08-06 02:15:00,84.6958,48.9714,2.6693
2026-08-06 02:16:00,84.0198,48.6355,2.5769
2026-08-06 02:17:00,84.0281,48.7314,2.5028
2026-08-06 02:18:00,83.7699,49.1686,2.5636
2026-08-06 02:19:00,83.7844,49.9921,2.6634
2026-08-06 02:20:00,84.2059,48.5355,2.6546
2026-08-06 02:21:00,83.7250,49.9070,2.7212
2026-08-06 02:22:00,84.2545,49.3055,2.7071
2026-08-06 02:23:00,83.8072,49.2246,2.5528
2026-08-06 02:24:00,83.6157,49.8936,2.3809
2026-08-06 02:25:00,83.7946,49.7104,2.6947
2026-08-06 02:26:00,84.0272,47.8750,2.7519
2026-08-06 02:27:00,83.8161,48.0944,2.6746
2026-08-06 02:28:00,83.8826,48.7413,2.7668
2026-08-06 02:29:00,84.0542,49.1731,2.6063
2026-08-06 02:30:00,84.1429,49.9436,2.6775
2026-08-06 02:31:00,83.6979,48.8678,2.6256
2026-08-06 02:32:00,83.4503,50.1427,2.7927
2026-08-06 02:33:00,83.7591,48.1787,2.6371
2026-08-06 02:34:00,83.8500,48.2784,2.9391
2026-08-06 02:35:00,83.2431,48.4286,2.6878
2026-08-06 02:36:00,83.3866,47.9842,2.8225
2026-08-06 02:37:00,83.4105,49.5307,2.6983
2026-08-06 02:38:00,83.5363,46.3527,2.8854
2026-08-06 02:39:00,83.3427,48.1313,2.8857
2026-08-06 02:40:00,83.7555,49.4186,2.7274
2026-08-06 02:41:00,83.0342,48.2163,2.7911
2026-08-06 02:42:00,83.0142,49.2908,2.8947
2026-08-06 02:43:00,83.3604,50.1573,2.8012
2026-08-06 02:44:00,83.3802,48.4304,2.6820
2026-08-06 02:45:00,82.9689,49.2684,2.7842
2026-08-06 02:46:00,83.1958,50.2361,2.7053
2026-08-06 02:47:00,83.2300,48.5902,2.7979
2026-08-06 02:48:00,83.2048,48.1982,2.7066
2026-08-06 02:49:00,83.3410,48.9270,2.8249
2026-08-06 02:50:00,83.0696,49.1211,2.6109
2026-08-06 02:51:00,83.6842,48.1117,2.6795
2026-08-06 02:52:00,83.3601,47.7250,2.7141
2026-08-06 02:53:00,82.9444,49.4556,2.7790
2026-08-06 02:54:00,83.1879,47.8352,2.6451
2026-08-06 02:55:00,83.1698,48.9769,2.7091
2026-08-06 02:56:00,83.4703,48.2029,2.8762
2026-08-06 02:57:00,82.8991,49.4252,2.8888
2026-08-06 02:58:00,83.2829,47.2557,2.5462
2026-08-06 02:59:00,83.0388,47.2258,2.7412
2026-08-06 03:00:00,83.4475,48.5623,2.9275
2026-08-06 03:01:00,83.3612,46.9468,2.8385
2026-08-06 03:02:00,83.0070,47.9172,2.8403
2026-08-06 03:03:00,82.8435,49.0358,2.8555
2026-08-06 03:04:00,83.0486,46.3427,2.7025
2026-08-06 03:05:00,82.8170,48.0662,2.8188
2026-08-06 03:06:00,83.3500,48.6882,2.8435
2026-08-06 03:07:00,82.8445,47.6727,2.8057
2026-08-06 03:08:00,82.6744,46.9269,2.7541
2026-08-06 03:09:00,82.6336,47.4340,2.7869
2026-08-06 03:10:00,82.3832,46.9491,2.6758
2026-08-06 03:11:00,82.8900,47.6516,2.8491
2026-08-06 03:12:00,82.4531,47.3516,2.6418
2026-08-06 03:13:00,83.0049,47.1395,2.7012
2026-08-06 03:14:00,82.2641,47.9005,2.8483
2026-08-06 03:15:00,82.6671,48.7689,2.8062
2026-08-06 03:16:00,82.9511,47.7462,2.7256
2026-08-06 03:17:00,81.9377,48.5377,2.5995
2026-08-06 03:18:00,83.1666,48.7051,2.7627
2026-08-06 03:19:00,82.4115,46.9525,2.7006
2026-08-06 03:20:00,82.5597,47.6218,2.8078
2026-08-06 03:21:00,82.6674,47.0426,2.7041
2026-08-06 03:22:00,82.6927,46.1778,2.5765
2026-08-06 03:23:00,82.5362,47.6296,2.6089
2026-08-06 03:24:00,82.7328,46.4853,2.7000
2026-08-06 03:25:00,82.5692,47.6968,2.7489
2026-08-06 03:26:00,82.9220,46.0475,2.6168
2026-08-06 03:27:00,82.5310,47.4124,2.6523
2026-08-06 03:28:00,82.9446,46.0028,2.8022
2026-08-06 03:29:00,82.6068,47.7827,2.8286
2026-08-06 03:30:00,81.7764,46.9137,2.7398
2026-08-06 03:31:00,83.0835,46.8217,2.6780
2026-08-06 03:32:00,82.1103,48.1005,2.6386
2026-08-06 03:33:00,82.7141,46.9282,2.7488
2026-08-06 03:34:00,82.2566,47.2608,2.6572
2026-08-06 03:35:00,82.5505,47.0003,2.7746
2026-08-06 03:36:00,82.0097,47.5527,2.7736
2026-08-06 03:37:00,82.3884,47.9693,2.7109
2026-08-06 03:38:00,82.1095,47.7920,2.6136
2026-08-06 03:39:00,82.6444,46.7393,2.6147
2026-08-06 03:40:00,82.2880,48.0695,2.4856
2026-08-06 03:41:00,82.4233,46.3592,2.6379
2026-08-06 03:42:00,81.4799,46.4889,2.6278
2026-08-06 03:43:00,82.0905,46.9717,2.4914
2026-08-06 03:44:00,82.2268,47.9030,2.8584
2026-08-06 03:45:00,82.1587,46.1215,2.6704
2026-08-06 03:46:00,82.3683,47.7634,2.5235
2026-08-06 03:47:00,81.9591,46.9995,2.8056
2026-08-06 03:48:00,82.0728,46.6899,2.5431
2026-08-06 03:49:00,82.4024,47.9093,2.6682
2026-08-06 03:50:00,81.3547,46.3835,2.5864
2026-08-06 03:51:00,82.2059,48.8493,2.5239
2026-08-06 03:52:00,81.9202,46.8751,2.5287
2026-08-06 03:53:00,81.7385,47.1325,2.6983
2026-08-06 03:54:00,82.1054,48.2436,2.6346
2026-08-06 03:55:00,82.3655,47.1472,2.5269
2026-08-06 03:56:00,82.3023,47.9552,2.3263
2026-08-06 03:57:00,81.9438,45.4398,2.5540
2026-08-06 03:58:00,82.2414,46.6470,2.3911
2026-08-06 03:59:00,82.2340,47.3176,2.5617
2026-08-06 04:00:00,81.9427,47.8651,2.4286
2026-08-06 04:01:00,81.7569,47.6160,2.4312
2026-08-06 04:02:00,81.7707,47.5419,2.4205
2026-08-06 04:03:00,82.2096,47.8512,2.5785
2026-08-06 04:04:00,81.9431,47.3841,2.2920
2026-08-06 04:05:00,81.6399,45.2919,2.5346
2026-08-06 04:06:00,81.4469,48.1630,2.4873
2026-08-06 04:07:00,82.2010,46.3425,2.4381
2026-08-06 04:08:00,81.7871,47.2673,2.3928
2026-08-06 04:09:00,82.0505,47.1656,2.4786
2026-08-06 04:10:00,82.3241,47.0635,2.3784
2026-08-06 04:11:00,81.5608,46.1462,2.3699
2026-08-06 04:12:00,81.9418,45.4860,2.4137
2026-08-06 04:13:00,81.9066,46.2414,2.5718
2026-08-06 04:14:00,82.0748,47.7112,2.2412
2026-08-06 04:15:00,82.3362,45.9003,2.4353
2026-08-06 04:16:00,81.5697,46.3613,2.3637
2026-08-06 04:17:00,82.1442,47.4084,2.3488
2026-08-06 04:18:00,82.2879,46.2610,2.2111
2026-08-06 04:19:00,81.9284,46.6579,2.1813
2026-08-06 04:20:00,81.9495,47.1677,2.3840
2026-08-06 04:21:00,82.1232,47.3387,2.2163
2026-08-06 04:22:00,82.1086,46.2858,2.4382
2026-08-06 04:23:00,82.1880,47.2477,2.2285
2026-08-06 04:24:00,82.1903,47.4659,2.3788
2026-08-06 04:25:00,81.7366,46.1406,2.2598
2026-08-06 04:26:00,82.3380,47.3439,2.2488
2026-08-06 04:27:00,82.4013,46.6122,2.2138
2026-08-06 04:28:00,82.1181,47.2984,2.3429
2026-08-06 04:29:00,81.6255,47.7920,2.3651
2026-08-06 04:30:00,82.0514,47.0874,2.2563
2026-08-06 04:31:00,82.1567,47.9744,2.3415
2026-08-06 04:32:00,81.7682,47.8920,2.2783
2026-08-06 04:33:00,82.0173,48.0018,2.1385
2026-08-06 04:34:00,81.7168,47.6147,2.3047
2026-08-06 04:35:00,82.3367,48.1900,2.2319
2026-08-06 04:36:00,82.2197,47.6351,1.9959
2026-08-06 04:37:00,81.6922,46.0112,2.2137
2026-08-06 04:38:00,82.3079,46.7299,2.0790
2026-08-06 04:39:00,82.2026,47.2135,2.1211
2026-08-06 04:40:00,82.3921,47.3321,2.2153
2026-08-06 04:41:00,82.1379,47.7080,2.2288
2026-08-06 04:42:00,82.0337,46.7965,2.1492
2026-08-06 04:43:00,82.0622,49.0698,2.2820
2026-08-06 04:44:00,82.1518,47.4020,2.2145
2026-08-06 04:45:00,82.3392,47.4994,2.1804
2026-08-06 04:46:00,82.3989,46.9910,2.2243
2026-08-06 04:47:00,82.3187,46.7474,2.3377
2026-08-06 04:48:00,82.2708,47.4719,1.9997
2026-08-06 04:49:00,82.3149,47.6183,2.3423
2026-08-06 04:50:00,83.1956,47.5504,2.1486
2026-08-06 04:51:00,82.2356,48.9682,2.1304
2026-08-06 04:52:00,82.3234,47.5675,2.1663
2026-08-06 04:53:00,83.5035,47.6247,2.1164
2026-08-06 04:54:00,82.6667,48.3710,2.0997
2026-08-06 04:55:00,82.1519,47.6076,2.2872
2026-08-06 04:56:00,82.8448,48.2020,2.2176
2026-08-06 04:57:00,82.3455,46.7738,2.0092
2026-08-06 04:58:00,82.9182,46.8070,2.2678
2026-08-06 04:59:00,82.6097,47.9487,2.2529
2026-08-06 05:00:00,82.5690,47.6934,2.0515
2026-08-06 05:01:00,83.2122,47.2594,2.2181
2026-08-06 05:02:00,82.9282,48.0324,2.2625
2026-08-06 05:03:00,83.0796,48.1309,2.0405
2026-08-06 05:04:00,82.9480,47.4247,2.2302
2026-08-06 05:05:00,82.7144,47.6069,2.1351
2026-08-06 05:06:00,83.0619,48.2249,2.2579
2026-08-06 05:07:00,83.2724,47.2648,2.1117
2026-08-06 05:08:00,82.9817,47.6288,2.3108
2026-08-06 05:09:00,83.5138,48.5699,2.1839
2026-08-06 05:10:00,83.2608,48.1546,2.1487
2026-08-06 05:11:00,83.1021,47.8233,2.1401
2026-08-06 05:12:00,83.1473,47.5142,2.3021
2026-08-06 05:13:00,83.1466,47.4580,2.1449
2026-08-06 05:14:00,82.7642,48.1954,2.3260
2026-08-06 05:15:00,83.1470,49.9539,2.2442
2026-08-06 05:16:00,83.2752,48.8187,2.0874
2026-08-06 05:17:00,83.1192,47.3329,2.2318
2026-08-06 05:18:00,83.3809,48.9983,2.2374
2026-08-06 05:19:00,83.3219,47.8590,2.0945
2026-08-06 05:20:00,83.5839,48.4961,2.2410
2026-08-06 05:21:00,83.5873,48.0630,2.2984
2026-08-06 05:22:00,83.4755,50.1867,2.3612
2026-08-06 05:23:00,83.0525,47.6959,2.3612
2026-08-06 05:24:00,84.0375,48.8889,2.4962
2026-08-06 05:25:00,83.4957,48.1249,2.2621
2026-08-06 05:26:00,83.5522,49.2995,2.3222
2026-08-06 05:27:00,83.5123,48.9788,2.2113
2026-08-06 05:28:00,83.5073,49.7834,2.4655
2026-08-06 05:29:00,84.1562,49.3903,2.1933
2026-08-06 05:30:00,84.1482,48.2971,2.4718
2026-08-06 05:31:00,83.9053,51.2213,2.4646
2026-08-06 05:32:00,83.7797,49.3692,2.2208
2026-08-06 05:33:00,84.0379,48.5211,2.4088
2026-08-06 05:34:00,83.9147,49.1630,2.3569
2026-08-06 05:35:00,83.8761,49.5403,2.2762
2026-08-06 05:36:00,84.0755,49.5472,2.3101
2026-08-06 05:37:00,83.8828,49.5072,2.3566
2026-08-06 05:38:00,84.1322,49.9211,2.3727
2026-08-06 05:39:00,84.1592,49.8802,2.4927
2026-08-06 05:40:00,84.3206,48.5455,2.4071
2026-08-06 05:41:00,83.9958,50.9480,2.2799
2026-08-06 05:42:00,84.4366,50.8748,2.4382
2026-08-06 05:43:00,83.9939,49.9787,2.1961
2026-08-06 05:44:00,84.1364,49.4072,2.3393
2026-08-06 05:45:00,84.1920,49.4594,2.3562
2026-08-06 05:46:00,84.0718,49.1943,2.4583
2026-08-06 05:47:00,84.7409,49.3364,2.5769
2026-08-06 05:48:00,84.1884,47.7813,2.4291
2026-08-06 05:49:00,84.3124,50.7937,2.3787
2026-08-06 05:50:00,84.9418,50.5504,2.3525
2026-08-06 05:51:00,84.4373,48.3060,2.5135
2026-08-06 05:52:00,84.5953,50.3984,2.4181
2026-08-06 05:53:00,84.3915,49.7193,2.3950
2026-08-06 05:54:00,84.9884,49.6054,2.5482
2026-08-06 05:55:00,85.0360,50.1981,2.5778
2026-08-06 05:56:00,85.0473,48.4488,2.3727
2026-08-06 05:57:00,85.0304,49.8732,2.3268
2026-08-06 05:58:00,84.9348,49.9851,2.4745
2026-08-06 05:59:00,84.7991,50.0251,2.3781
2026-08-06 06:00:00,84.7555,48.9060,2.3723
2026-08-06 06:01:00,85.4306,50.3968,2.4038
2026-08-06 06:02:00,85.3167,50.9264,2.6204
2026-08-06 06:03:00,84.9229,50.4436,2.5886
2026-08-06 06:04:00,85.1864,49.9737,2.7771
2026-08-06 06:05:00,85.1279,52.3474,2.4750
2026-08-06 06:06:00,84.9230,49.4957,2.6799
2026-08-06 06:07:00,85.3582,50.8933,2.6040
2026-08-06 06:08:00,85.2236,50.5082,2.5067
2026-08-06 06:09:00,85.1058,51.9625,2.5554
2026-08-06 06:10:00,84.9910,50.7010,2.5215
2026-08-06 06:11:00,85.0088,50.9114,2.6111
2026-08-06 06:12:00,85.4095,50.8739,2.6914
2026-08-06 06:13:00,85.5383,49.6614,2.5633
2026-08-06 06:14:00,85.3440,49.8516,2.6923
2026-08-06 06:15:00,85.8445,50.3647,2.7419
2026-08-06 06:16:00,85.6721,51.3896,2.7714
2026-08-06 06:17:00,85.9072,50.8486,2.5119
2026-08-06 06:18:00,85.7215,50.5349,2.6313
2026-08-06 06:19:00,85.5823,51.8362,2.7141
2026-08-06 06:20:00,85.8946,49.1905,2.5413
2026-08-06 06:21:00,85.5232,49.7777,2.5258
2026-08-06 06:22:00,86.1054,48.8548,2.6608
2026-08-06 06:23:00,85.7037,51.8563,2.6286
2026-08-06 06:24:00,86.3014,50.8497,2.6591
2026-08-06 06:25:00,85.9653,51.7374,2.6355
2026-08-06 06:26:00,86.4262,50.9140,2.9048
2026-08-06 06:27:00,85.8111,51.8569,2.6487
2026-08-06 06:28:00,85.9847,50.9737,2.7593
2026-08-06 06:29:00,86.3423,51.4396,2.7584
2026-08-06 06:30:00,86.6188,51.3589,2.5433
2026-08-06 06:31:00,86.8070,51.4544,2.8642
2026-08-06 06:32:00,86.3586,52.5680,2.7855
2026-08-06 06:33:00,86.9363,49.9564,2.7438
2026-08-06 06:34:00,86.3366,51.2368,2.8389
2026-08-06 06:35:00,86.7914,51.4853,2.7332
2026-08-06 06:36:00,86.2171,51.4006,2.8309
2026-08-06 06:37:00,86.6634,51.0785,2.5596
2026-08-06 06:38:00,85.8721,51.0037,2.8334
2026-08-06 06:39:00,86.2751,52.6899,2.7742
2026-08-06 06:40:00,86.7882,51.4434,2.7797
2026-08-06 06:41:00,86.2908,53.4842,2.6794
2026-08-06 06:42:00,86.8485,51.9901,2.7454
2026-08-06 06:43:00,87.0279,51.3691,2.7460
2026-08-06 06:44:00,86.6408,52.0761,2.6602
2026-08-06 06:45:00,86.5353,51.7539,2.8130
2026-08-06 06:46:00,86.7182,52.7728,2.9374
2026-08-06 06:47:00,86.6048,50.7973,2.6407
2026-08-06 06:48:00,86.8978,50.3224,2.8343
2026-08-06 06:49:00,86.9921,52.0838,2.7456
2026-08-06 06:50:00,86.9025,52.4948,2.7362
2026-08-06 06:51:00,87.5290,52.0860,2.7992
2026-08-06 06:52:00,86.8429,52.4259,2.8024
2026-08-06 06:53:00,87.5078,52.3387,2.8134
2026-08-06 06:54:00,86.8091,50.7640,2.6832
2026-08-06 06:55:00,87.1741,52.2030,2.9064
2026-08-06 06:56:00,87.5374,53.0608,2.8065
2026-08-06 06:57:00,87.5517,52.1738,2.8585
2026-08-06 06:58:00,87.1156,51.0171,2.9210
2026-08-06 06:59:00,87.4371,51.8263,2.6078
2026-08-06 07:00:00,87.4254,52.5667,2.8630
2026-08-06 07:01:00,87.1650,53.5854,2.7835
2026-08-06 07:02:00,87.5393,50.6110,2.9015
2026-08-06 07:03:00,87.9403,52.4920,2.7189
2026-08-06 07:04:00,87.5495,51.4837,2.8919
2026-08-06 07:05:00,87.6040,52.6617,2.6919
2026-08-06 07:06:00,87.6612,52.7515,2.8365
2026-08-06 07:07:00,87.0463,52.1200,2.8234
2026-08-06 07:08:00,87.6472,52.8367,2.7779
2026-08-06 07:09:00,87.2282,53.2679,2.6885
2026-08-06 07:10:00,87.3797,52.2484,2.7529
2026-08-06 07:11:00,88.2283,51.3340,2.8799
2026-08-06 07:12:00,87.5262,53.5675,2.9341
2026-08-06 07:13:00,87.4021,53.1129,2.9782
2026-08-06 07:14:00,87.9913,52.9234,2.8328
2026-08-06 07:15:00,87.3821,51.9416,2.8023
2026-08-06 07:16:00,87.5525,53.3044,2.8190
2026-08-06 07:17:00,88.0813,54.1711,2.9636
2026-08-06 07:18:00,87.7387,52.4609,2.8194
2026-08-06 07:19:00,87.2761,52.6538,2.7724
2026-08-06 07:20:00,87.9260,51.7459,2.7323
2026-08-06 07:21:00,87.6615,52.0419,2.7398
2026-08-06 07:22:00,88.2595,51.7768,2.7902
2026-08-06 07:23:00,87.6322,52.7596,2.6721
2026-08-06 07:24:00,88.1454,52.4004,2.6801
2026-08-06 07:25:00,88.3782,52.9889,2.7316
2026-08-06 07:26:00,87.6051,51.9942,2.6880
2026-08-06 07:27:00,87.8167,52.5904,2.7878
2026-08-06 07:28:00,88.0050,51.9778,2.7903
2026-08-06 07:29:00,87.6444,52.9064,2.7439
2026-08-06 07:30:00,87.9953,51.4658,2.7611
2026-08-06 07:31:00,87.8588,52.9077,2.7183
2026-08-06 07:32:00,87.8642,52.5778,2.3215
2026-08-06 07:33:00,87.9634,52.9593,2.6072
2026-08-06 07:34:00,87.9804,51.5061,2.7595
2026-08-06 07:35:00,88.0180,53.3646,2.5987
2026-08-06 07:36:00,87.7984,52.6142,2.7619
2026-08-06 07:37:00,87.8202,53.0388,2.7611
2026-08-06 07:38:00,87.9592,51.3804,2.6368
2026-08-06 07:39:00,87.9889,51.8932,2.5977
2026-08-06 07:40:00,87.8776,52.5857,2.6510
2026-08-06 07:41:00,88.1129,54.0081,2.6387
2026-08-06 07:42:00,87.4771,53.3389,2.6989
2026-08-06 07:43:00,87.8076,53.0299,2.3950
2026-08-06 07:44:00,87.9475,52.1950,2.5486
2026-08-06 07:45:00,87.7788,52.0573,2.5136
2026-08-06 07:46:00,88.5279,53.1711,2.3557
2026-08-06 07:47:00,88.0478,53.5172,2.5507
2026-08-06 07:48:00,88.0976,53.1302,2.4427
2026-08-06 07:49:00,87.9015,54.3366,2.5465
2026-08-06 07:50:00,88.0431,52.4284,2.5288
2026-08-06 07:51:00,87.6840,53.1227,2.6154
2026-08-06 07:52:00,87.9979,51.6290,2.5374
2026-08-06 07:53:00,87.7674,53.1563,2.3855
2026-08-06 07:54:00,87.9644,54.1663,2.5816
2026-08-06 07:55:00,87.2783,52.1604,2.7811
2026-08-06 07:56:00,87.7059,53.6696,2.6389
2026-08-06 07:57:00,88.4810,54.1505,2.5915
2026-08-06 07:58:00,88.2879,52.4472,2.4962
2026-08-06 07:59:00,88.4309,53.3733,2.4588
2026-08-06 08:00:00,88.4474,54.2637,2.4440
2026-08-06 08:01:00,88.2284,53.1841,2.5162
2026-08-06 08:02:00,87.8855,53.6283,2.3707
2026-08-06 08:03:00,87.7045,51.5785,2.4985
2026-08-06 08:04:00,88.3535,53.4736,2.4023
2026-08-06 08:05:00,88.0221,53.4074,2.2894
2026-08-06 08:06:00,88.7437,51.9298,2.3853
2026-08-06 08:07:00,87.8783,52.2160,2.5704
2026-08-06 08:08:00,88.5715,53.4668,2.4515
2026-08-06 08:09:00,87.9239,52.7370,2.0747
2026-08-06 08:10:00,88.3625,53.8639,2.3550
2026-08-06 08:11:00,88.4610,53.2175,2.5051
2026-08-06 08:12:00,87.6349,53.0082,2.3775
2026-08-06 08:13:00,87.7857,52.8203,2.4522
2026-08-06 08:14:00,87.6101,53.1839,2.3530
2026-08-06 08:15:00,87.5394,53.5847,2.4036
2026-08-06 08:16:00,88.0965,53.3615,2.3815
2026-08-06 08:17:00,87.8248,52.5876,2.3063
2026-08-06 08:18:00,87.8866,53.9087,2.4210
2026-08-06 08:19:00,88.0243,53.4338,2.5100
2026-08-06 08:20:00,87.2864,53.2060,2.3885
2026-08-06 08:21:00,88.2153,52.9607,2.3536
2026-08-06 08:22:00,87.7098,53.2765,2.2523
2026-08-06 08:23:00,87.9591,51.3997,2.4239
2026-08-06 08:24:00,87.9700,53.0462,2.2726
2026-08-06 08:25:00,88.1790,54.1529,2.3734
2026-08-06 08:26:00,87.7199,53.0039,2.3874
2026-08-06 08:27:00,87.0975,52.8814,2.4039
2026-08-06 08:28:00,87.7345,52.3240,2.3999
2026-08-06 08:29:00,87.7600,53.1806,2.3905
2026-08-06 08:30:00,87.3716,52.6156,2.1622
2026-08-06 08:31:00,87.7078,53.8038,2.1965
2026-08-06 08:32:00,87.5365,52.0497,2.1398
2026-08-06 08:33:00,87.2229,52.3626,2.1279
2026-08-06 08:34:00,87.8077,52.2271,2.4194
2026-08-06 08:35:00,87.4174,54.1583,2.1634
2026-08-06 08:36:00,87.4445,52.5212,2.1446
2026-08-06 08:37:00,87.4072,52.2165,2.2472
2026-08-06 08:38:00,87.8958,50.9640,2.1738
2026-08-06 08:39:00,87.4918,51.8884,2.4704
2026-08-06 08:40:00,87.5064,53.0204,2.2128
2026-08-06 08:41:00,87.3287,52.9973,2.2809
2026-08-06 08:42:00,87.5778,52.0370,2.1547
2026-08-06 08:43:00,87.8214,52.0607,2.0630
2026-08-06 08:44:00,87.5884,54.0039,2.1531
2026-08-06 08:45:00,87.5772,54.6515,2.1510
2026-08-06 08:46:00,87.5298,53.3922,2.1474
2026-08-06 08:47:00,86.9105,53.6973,2.0572
2026-08-06 08:48:00,87.0381,53.8442,2.2283
2026-08-06 08:49:00,87.2155,54.1754,2.1787
2026-08-06 08:50:00,87.0351,52.1385,2.0560
2026-08-06 08:51:00,86.9091,51.6533,2.2189
2026-08-06 08:52:00,86.6422,53.7982,2.2828
2026-08-06 08:53:00,86.7751,51.5351,2.3248
2026-08-06 08:54:00,87.0771,51.4583,1.9617
2026-08-06 08:55:00,87.1080,51.4510,2.1295
2026-08-06 08:56:00,86.8655,52.1243,2.0646
2026-08-06 08:57:00,87.1015,50.6155,2.1357
2026-08-06 08:58:00,86.9219,51.0296,2.3393
2026-08-06 08:59:00,87.3533,51.6510,2.1274
2026-08-06 09:00:00,86.9515,51.1646,2.1525
2026-08-06 09:01:00,87.1826,52.9433,2.1172
2026-08-06 09:02:00,87.0083,52.0704,2.3630
2026-08-06 09:03:00,86.5002,52.4980,1.9709
2026-08-06 09:04:00,86.8669,52.3814,2.1460
2026-08-06 09:05:00,86.4967,51.8126,2.1160
2026-08-06 09:06:00,86.8080,52.7388,2.0316
2026-08-06 09:07:00,86.5899,52.2800,2.3152
2026-08-06 09:08:00,86.9010,51.6332,2.0262
2026-08-06 09:09:00,86.3565,50.5102,2.1623
2026-08-06 09:10:00,86.7363,52.2428,2.2023
2026-08-06 09:11:00,86.8763,50.7859,2.1373
2026-08-06 09:12:00,86.9495,52.0676,2.0413
2026-08-06 09:13:00,86.4205,51.7945,2.2004
2026-08-06 09:14:00,86.6275,50.6109,2.1437
2026-08-06 09:15:00,86.6499,51.8734,2.3037
2026-08-06 09:16:00,87.0312,51.7870,2.2775
2026-08-06 09:17:00,86.0951,51.7568,2.4237
2026-08-06 09:18:00,86.2385,51.6851,2.2437
2026-08-06 09:19:00,87.3256,51.0120,2.2953
2026-08-06 09:20:00,86.3747,51.9733,2.2043
2026-08-06 09:21:00,85.8617,50.9157,2.4154
2026-08-06 09:22:00,86.2266,50.5718,2.2494
2026-08-06 09:23:00,85.5431,51.9366,2.2425
2026-08-06 09:24:00,86.4185,52.1111,2.3114
2026-08-06 09:25:00,86.5616,51.8118,2.1975
2026-08-06 09:26:00,86.0177,51.1258,2.2169
2026-08-06 09:27:00,86.1225,49.7044,2.3259
2026-08-06 09:28:00,86.5135,52.4056,2.3503
2026-08-06 09:29:00,85.6840,49.6202,2.3421
2026-08-06 09:30:00,85.7854,51.6169,2.2798
2026-08-06 09:31:00,86.0863,52.7999,2.3205
2026-08-06 09:32:00,85.9019,51.1947,2.3953
2026-08-06 09:33:00,86.0125,51.2713,2.1958
2026-08-06 09:34:00,85.6947,51.3049,2.3113
2026-08-06 09:35:00,86.1114,51.1229,2.0262
2026-08-06 09:36:00,85.9757,52.8075,2.3977
2026-08-06 09:37:00,86.1587,50.2151,2.2518
2026-08-06 09:38:00,86.0277,50.0771,2.2610
2026-08-06 09:39:00,86.0033,50.5523,2.3311
2026-08-06 09:40:00,85.4813,52.1691,2.4119
2026-08-06 09:41:00,86.0370,50.2770,2.5960
2026-08-06 09:42:00,85.7642,51.0446,2.2085
2026-08-06 09:43:00,85.7879,51.5189,2.2859
2026-08-06 09:44:00,86.1269,51.2469,2.4008
2026-08-06 09:45:00,85.5713,51.3997,2.3125
2026-08-06 09:46:00,86.1674,51.6811,2.4761
2026-08-06 09:47:00,86.1704,50.7546,2.3831
2026-08-06 09:48:00,85.9382,50.1037,2.4958
2026-08-06 09:49:00,85.3937,50.5483,2.3899
2026-08-06 09:50:00,85.0077,50.1203,2.4768
2026-08-06 09:51:00,85.9631,52.3699,2.3343
2026-08-06 09:52:00,85.6490,49.8875,2.6314
2026-08-06 09:53:00,85.3684,50.6610,2.2754
2026-08-06 09:54:00,85.9206,49.0347,2.3823
2026-08-06 09:55:00,85.2868,50.3025,2.3188
2026-08-06 09:56:00,85.3951,49.9273,2.5487
2026-08-06 09:57:00,85.6571,50.6583,2.5304
2026-08-06 09:58:00,85.1431,50.6399,2.3625
2026-08-06 09:59:00,85.4221,51.1729,2.5919
2026-08-06 10:00:00,85.7598,51.0701,2.4301
2026-08-06 10:01:00,85.4747,49.9077,2.5466
2026-08-06 10:02:00,85.7641,49.1660,2.5779
2026-08-06 10:03:00,85.7089,49.2205,2.4991
2026-08-06 10:04:00,85.3502,50.0852,2.6223
2026-08-06 10:05:00,84.6263,49.9300,2.5247
2026-08-06 10:06:00,84.9753,49.9710,2.5808
2026-08-06 10:07:00,85.5160,49.2974,2.5273
2026-08-06 10:08:00,84.8022,50.8362,2.3756
2026-08-06 10:09:00,85.1499,48.4692,2.5577
2026-08-06 10:10:00,85.3303,49.1360,2.4903
2026-08-06 10:11:00,85.6508,48.7078,2.7244
2026-08-06 10:12:00,85.0189,49.3635,2.4563
2026-08-06 10:13:00,84.9802,50.4892,2.7226
2026-08-06 10:14:00,85.1396,49.2231,2.5896
2026-08-06 10:15:00,85.2431,49.4959,2.6554
2026-08-06 10:16:00,85.0743,49.9077,2.4840
2026-08-06 10:17:00,85.4184,49.0697,2.5983
2026-08-06 10:18:00,84.8473,49.6058,2.5697
2026-08-06 10:19:00,85.1069,49.4621,2.8535
2026-08-06 10:20:00,85.1884,48.3189,2.5811
2026-08-06 10:21:00,84.9192,48.8142,2.7721
2026-08-06 10:22:00,85.2759,49.4316,2.7801
2026-08-06 10:23:00,85.0538,50.1361,2.7838
2026-08-06 10:24:00,85.2312,50.0980,2.6169
2026-08-06 10:25:00,85.0385,50.7121,2.8631
2026-08-06 10:26:00,85.0793,49.3869,2.8900
2026-08-06 10:27:00,84.7631,48.6310,2.7315
2026-08-06 10:28:00,84.7504,48.8737,2.6542
2026-08-06 10:29:00,85.2940,48.7973,2.6204
2026-08-06 10:30:00,85.1049,48.5256,2.7593
2026-08-06 10:31:00,84.5952,49.1221,2.7241
2026-08-06 10:32:00,84.9445,49.1234,2.7412
2026-08-06 10:33:00,84.1666,47.8050,2.5933
2026-08-06 10:34:00,84.6955,49.5790,2.7364
2026-08-06 10:35:00,85.1452,47.2037,2.8524
2026-08-06 10:36:00,84.8089,48.4600,2.8242
2026-08-06 10:37:00,84.8718,49.5226,2.7058
2026-08-06 10:38:00,83.9218,49.0544,2.7407
2026-08-06 10:39:00,84.6997,48.2486,2.6090
2026-08-06 10:40:00,84.9098,50.0751,2.6933
2026-08-06 10:41:00,84.9393,48.1141,2.7296
2026-08-06 10:42:00,85.0801,46.8309,2.8306
2026-08-06 10:43:00,84.7204,48.7613,2.7001
2026-08-06 10:44:00,84.7262,46.9433,2.6705
2026-08-06 10:45:00,84.3690,47.6681,2.8529
2026-08-06 10:46:00,84.7004,48.7990,2.7378
2026-08-06 10:47:00,84.3767,47.8999,2.6989
2026-08-06 10:48:00,84.1946,48.7011,2.8666
2026-08-06 10:49:00,84.4176,47.2785,2.8335
2026-08-06 10:50:00,85.1902,48.8605,2.7690
2026-08-06 10:51:00,84.6513,46.7900,2.7566
2026-08-06 10:52:00,84.7936,49.1669,2.8314
2026-08-06 10:53:00,84.5691,47.7014,2.8489
2026-08-06 10:54:00,84.1818,49.2766,2.8172
2026-08-06 10:55:00,84.9960,47.3496,2.8095
2026-08-06 10:56:00,84.0600,49.5324,2.7377
2026-08-06 10:57:00,84.5420,47.1975,2.7444
2026-08-06 10:58:00,84.6893,46.4998,2.7824
2026-08-06 10:59:00,84.7723,47.9411,2.7038
2026-08-06 11:00:00,84.4830,48.8659,2.6922
2026-08-06 11:01:00,84.1477,48.4837,2.7909
2026-08-06 11:02:00,84.4572,48.7543,2.8985
2026-08-06 11:03:00,84.4717,48.4454,2.5918
2026-08-06 11:04:00,84.4635,47.1144,2.7592
2026-08-06 11:05:00,84.9858,48.3576,2.8247
2026-08-06 11:06:00,84.3304,47.7930,2.9035
2026-08-06 11:07:00,84.7847,47.1257,2.9750
2026-08-06 11:08:00,84.7422,47.8120,2.7677
2026-08-06 11:09:00,84.9834,47.5990,2.9890
2026-08-06 11:10:00,84.6562,48.7527,2.8353
2026-08-06 11:11:00,84.9347,47.1843,2.8691
2026-08-06 11:12:00,84.6471,47.1237,2.6788
2026-08-06 11:13:00,84.8308,46.9912,2.8281
2026-08-06 11:14:00,84.2516,49.0451,2.8701
2026-08-06 11:15:00,83.9132,46.9914,2.7082
2026-08-06 11:16:00,84.8205,48.5215,2.5135
2026-08-06 11:17:00,84.8394,46.6377,2.7857
2026-08-06 11:18:00,84.8557,47.8474,2.7458
2026-08-06 11:19:00,84.5588,47.6318,2.8981
2026-08-06 11:20:00,85.1668,48.3886,2.7060
2026-08-06 11:21:00,84.5857,48.2532,2.6853
2026-08-06 11:22:00,84.8539,47.4291,2.6345
2026-08-06 11:23:00,84.9103,46.9154,2.6842
2026-08-06 11:24:00,85.2520,48.6269,3.0094
2026-08-06 11:25:00,84.6459,46.7998,2.5793
2026-08-06 11:26:00,84.5500,45.4781,2.5996
2026-08-06 11:27:00,84.3016,45.7887,2.7227
2026-08-06 11:28:00,85.2221,45.9673,2.9204
2026-08-06 11:29:00,84.8883,47.7202,2.7918
2026-08-06 11:30:00,84.9036,48.9999,2.8674
2026-08-06 11:31:00,85.7086,45.5816,2.6680
2026-08-06 11:32:00,84.8771,46.5732,2.5617
2026-08-06 11:33:00,84.3952,47.2566,2.6499
2026-08-06 11:34:00,84.7336,48.4085,2.6763
2026-08-06 11:35:00,84.5065,46.5289,2.6837
2026-08-06 11:36:00,84.6870,47.6195,2.6549
2026-08-06 11:37:00,84.6919,46.9349,2.7290
2026-08-06 11:38:00,84.6436,49.2093,2.5922
2026-08-06 11:39:00,84.4089,47.2283,2.5640
2026-08-06 11:40:00,85.3120,47.3868,2.5295
2026-08-06 11:41:00,84.9314,47.1597,2.6637
2026-08-06 11:42:00,84.7817,46.7511,2.6468
2026-08-06 11:43:00,85.0844,47.8339,2.7383
2026-08-06 11:44:00,85.0062,46.1383,2.7767
2026-08-06 11:45:00,84.9555,45.4561,2.4941
2026-08-06 11:46:00,85.0864,46.9301,2.6099
2026-08-06 11:47:00,84.9292,47.6958,2.5796
2026-08-06 11:48:00,85.0983,46.5723,2.4390
2026-08-06 11:49:00,85.1314,47.1802,2.5324
2026-08-06 11:50:00,84.9627,46.0491,2.7343
2026-08-06 11:51:00,84.8561,47.8709,2.5068
2026-08-06 11:52:00,85.3899,47.5380,2.4825
2026-08-06 11:53:00,84.7959,47.0284,2.5495
2026-08-06 11:54:00,85.0653,47.1442,2.6381
2026-08-06 11:55:00,85.0807,45.8916,2.5087
2026-08-06 11:56:00,84.7823,45.9250,2.5441
2026-08-06 11:57:00,84.7315,46.9047,2.2951
2026-08-06 11:58:00,84.8764,47.4120,2.5729
2026-08-06 11:59:00,84.8436,47.4518,2.5300
2026-08-06 12:00:00,84.5626,46.7097,2.5885
2026-08-06 12:01:00,84.8133,47.5966,2.3054
2026-08-06 12:02:00,85.0973,48.1377,2.4541
2026-08-06 12:03:00,85.4059,46.9314,2.5729
2026-08-06 12:04:00,85.2012,47.2518,2.4129
2026-08-06 12:05:00,84.2636,46.8401,2.4659
2026-08-06 12:06:00,85.2445,46.9082,2.4121
2026-08-06 12:07:00,84.8933,47.1482,2.4068
2026-08-06 12:08:00,85.2052,48.3790,2.5543
2026-08-06 12:09:00,85.0735,47.7530,2.2876
2026-08-06 12:10:00,85.0284,47.6858,2.4173
2026-08-06 12:11:00,85.0639,46.6681,2.4400
2026-08-06 12:12:00,85.0961,46.3184,2.5011
2026-08-06 12:13:00,85.5143,47.3550,2.3877
2026-08-06 12:14:00,85.1132,48.0452,2.4894
2026-08-06 12:15:00,85.4528,48.4364,2.3797
2026-08-06 12:16:00,85.4171,45.1034,2.3899
2026-08-06 12:17:00,85.3431,49.0311,2.3790
2026-08-06 12:18:00,84.6147,47.4165,2.4293
2026-08-06 12:19:00,85.4932,47.8195,2.4110
2026-08-06 12:20:00,85.0284,45.7103,2.2387
2026-08-06 12:21:00,85.3878,46.9231,2.3650
2026-08-06 12:22:00,84.8885,47.7818,2.3907
2026-08-06 12:23:00,84.8318,46.1951,2.4763
2026-08-06 12:24:00,85.7872,44.8362,2.2228
2026-08-06 12:25:00,84.9140,47.4276,2.3712
2026-08-06 12:26:00,85.5515,47.1322,2.2764
2026-08-06 12:27:00,85.2496,48.3385,2.3244
2026-08-06 12:28:00,85.0943,47.0713,2.1919
2026-08-06 12:29:00,85.2130,47.1442,2.2922
2026-08-06 12:30:00,84.8420,47.7865,2.3198
2026-08-06 12:31:00,85.2340,48.0704,2.1854
2026-08-06 12:32:00,84.9188,46.6924,2.4219
2026-08-06 12:33:00,85.1303,48.0312,2.1175
2026-08-06 12:34:00,85.5316,46.8749,2.3206
2026-08-06 12:35:00,85.3352,47.3226,2.0192
2026-08-06 12:36:00,84.8190,47.8636,2.2318
2026-08-06 12:37:00,85.5236,48.0211,2.3007
2026-08-06 12:38:00,85.2702,47.6182,2.3197
2026-08-06 12:39:00,85.1137,46.5181,2.2337
2026-08-06 12:40:00,85.5041,45.9057,2.2160
2026-08-06 12:41:00,85.2335,47.2714,2.2931
2026-08-06 12:42:00,84.9373,48.2191,2.3278
2026-08-06 12:43:00,85.8443,47.8226,2.3672
2026-08-06 12:44:00,85.2876,47.6776,2.0969
2026-08-06 12:45:00,85.2709,47.5000,2.2028
2026-08-06 12:46:00,85.1760,47.7749,2.0006
2026-08-06 12:47:00,85.6535,46.7548,2.0805
2026-08-06 12:48:00,85.1438,48.1971,2.1443
2026-08-06 12:49:00,84.8392,48.2733,2.2989
2026-08-06 12:50:00,85.1002,47.3357,2.1621
2026-08-06 12:51:00,85.7027,47.9937,2.1794
2026-08-06 12:52:00,85.5549,46.2953,2.2366
2026-08-06 12:53:00,85.2291,47.8375,2.1380
2026-08-06 12:54:00,85.7175,47.6123,2.0042
2026-08-06 12:55:00,85.5296,48.7519,2.1280
2026-08-06 12:56:00,85.2246,47.6117,2.1896
2026-08-06 12:57:00,85.2539,48.4920,2.2478
2026-08-06 12:58:00,85.4012,47.5109,2.1798
2026-08-06 12:59:00,85.0513,46.0222,2.2453
2026-08-06 13:00:00,85.3004,47.6983,2.2925
2026-08-06 13:01:00,85.3894,48.0640,2.3122
2026-08-06 13:02:00,84.7883,48.0556,2.2176
2026-08-06 13:03:00,85.2347,48.0964,2.0872
2026-08-06 13:04:00,85.1974,47.5874,2.0771
2026-08-06 13:05:00,85.5933,47.7630,2.0874
2026-08-06 13:06:00,84.7277,47.1506,2.0962
2026-08-06 13:07:00,85.1624,46.4844,2.2150
2026-08-06 13:08:00,85.1279,48.0269,2.3953
2026-08-06 13:09:00,85.5556,47.5466,2.2295
2026-08-06 13:10:00,85.2493,49.0376,2.2018
2026-08-06 13:11:00,85.7957,46.4594,2.3085
2026-08-06 13:12:00,85.4497,48.4695,2.1318
2026-08-06 13:13:00,85.1217,49.9658,2.3214
2026-08-06 13:14:00,85.3102,48.1545,2.3167
2026-08-06 13:15:00,85.1251,48.3311,2.2287
2026-08-06 13:16:00,85.4819,48.7072,2.4353
2026-08-06 13:17:00,84.8169,48.8028,2.3407
2026-08-06 13:18:00,84.9615,48.1057,2.2372
2026-08-06 13:19:00,85.3370,47.6595,2.2220
2026-08-06 13:20:00,85.5594,49.0222,2.1970
2026-08-06 13:21:00,84.5220,47.0077,2.2311
2026-08-06 13:22:00,85.5856,49.2343,2.2382
2026-08-06 13:23:00,85.1215,48.2897,2.2208
2026-08-06 13:24:00,84.5884,48.6405,2.2359
2026-08-06 13:25:00,84.2426,48.2526,2.1427
2026-08-06 13:26:00,84.6735,49.8532,2.2100
2026-08-06 13:27:00,85.1153,48.9432,2.1122
2026-08-06 13:28:00,85.0900,48.5224,2.3185
2026-08-06 13:29:00,85.2879,48.5358,2.2904
2026-08-06 13:30:00,84.9209,48.7334,2.2756
2026-08-06 13:31:00,84.7409,50.8059,2.3821
2026-08-06 13:32:00,84.9365,47.8712,2.2129
2026-08-06 13:33:00,85.0573,49.8280,2.2341
2026-08-06 13:34:00,85.1029,49.4531,2.1631
2026-08-06 13:35:00,84.7830,50.2675,2.4197
2026-08-06 13:36:00,85.2759,49.5762,2.3842
2026-08-06 13:37:00,84.8045,49.1131,2.4630
2026-08-06 13:38:00,84.7151,49.9640,2.4949
2026-08-06 13:39:00,84.7980,49.3695,2.3008
2026-08-06 13:40:00,85.2676,49.8275,2.2789
2026-08-06 13:41:00,84.8894,50.4041,2.1773
2026-08-06 13:42:00,84.7046,49.3737,2.2540
2026-08-06 13:43:00,85.1742,48.9984,2.3384
2026-08-06 13:44:00,85.5222,48.8612,2.1719
2026-08-06 13:45:00,84.9251,49.7752,2.2775
2026-08-06 13:46:00,85.2148,48.7508,2.3842
2026-08-06 13:47:00,85.1376,49.2121,2.4892
2026-08-06 13:48:00,84.6269,48.7566,2.3356
2026-08-06 13:49:00,84.7980,49.9762,2.4276
2026-08-06 13:50:00,84.3865,49.0067,2.6087
2026-08-06 13:51:00,84.6906,48.6180,2.2494
2026-08-06 13:52:00,84.5448,48.7978,2.5462
2026-08-06 13:53:00,84.5921,49.2686,2.4834
2026-08-06 13:54:00,84.4680,49.3804,2.5797
2026-08-06 13:55:00,84.5865,50.0050,2.5575
2026-08-06 13:56:00,84.8118,49.7137,2.4023
2026-08-06 13:57:00,84.5954,50.1785,2.4766
2026-08-06 13:58:00,84.0508,50.2820,2.3382
2026-08-06 13:59:00,84.3648,50.5531,2.4399
2026-08-06 14:00:00,84.1112,48.4737,2.5029
2026-08-06 14:01:00,84.6183,49.1375,2.5382
2026-08-06 14:02:00,84.6738,50.5224,2.5946
2026-08-06 14:03:00,84.5773,50.2869,2.6818
2026-08-06 14:04:00,84.2414,50.9386,2.4878
2026-08-06 14:05:00,84.5288,48.9610,2.6536
2026-08-06 14:06:00,84.2905,49.8553,2.5737
2026-08-06 14:07:00,84.0666,50.0374,2.4239
2026-08-06 14:08:00,84.6070,50.4468,2.5473
2026-08-06 14:09:00,84.6060,50.3813,2.5816
2026-08-06 14:10:00,84.6211,50.7668,2.4940
2026-08-06 14:11:00,84.1296,50.3388,2.4811
2026-08-06 14:12:00,84.6414,51.5672,2.4853
2026-08-06 14:13:00,84.1148,51.8610,2.5458
2026-08-06 14:14:00,84.4341,49.6524,2.5210
2026-08-06 14:15:00,84.0596,50.6214,2.7378
2026-08-06 14:16:00,84.1204,51.2621,2.3769
2026-08-06 14:17:00,83.4358,51.1304,2.6403
2026-08-06 14:18:00,84.0460,50.3741,2.6890
2026-08-06 14:19:00,84.1381,50.9424,2.5469
2026-08-06 14:20:00,83.9618,49.5097,2.6268
2026-08-06 14:21:00,84.5856,50.7990,2.6225
2026-08-06 14:22:00,83.6837,49.6838,2.6557
2026-08-06 14:23:00,83.8370,51.2960,2.7362
2026-08-06 14:24:00,83.7081,50.0343,2.7337
2026-08-06 14:25:00,83.7838,51.0947,2.6226
2026-08-06 14:26:00,84.2356,51.2568,2.5384
2026-08-06 14:27:00,84.3427,51.0990,2.7113
2026-08-06 14:28:00,83.6621,50.5695,2.6351
2026-08-06 14:29:00,83.6284,50.9434,2.6537
2026-08-06 14:30:00,83.4710,52.0929,2.7345
2026-08-06 14:31:00,84.1828,50.8445,2.6741
2026-08-06 14:32:00,84.0999,51.2374,2.7536
2026-08-06 14:33:00,83.7045,50.8105,2.9794
2026-08-06 14:34:00,83.2900,52.1079,2.8017
2026-08-06 14:35:00,83.2893,51.3891,2.8725
2026-08-06 14:36:00,83.7050,50.7508,2.7938
2026-08-06 14:37:00,83.7910,51.4025,2.7549
2026-08-06 14:38:00,82.9788,51.2387,2.8042
2026-08-06 14:39:00,83.4746,52.5799,2.8035
2026-08-06 14:40:00,84.0289,51.4642,2.8461
2026-08-06 14:41:00,83.4505,50.4277,2.7696
2026-08-06 14:42:00,83.9350,51.9664,2.6365
2026-08-06 14:43:00,83.6552,53.0297,2.6240
2026-08-06 14:44:00,83.1076,52.5915,2.8202
2026-08-06 14:45:00,83.3175,50.7844,2.6645
2026-08-06 14:46:00,83.3392,51.4842,2.8487
2026-08-06 14:47:00,83.0645,51.7069,2.9167
2026-08-06 14:48:00,83.0319,51.7485,2.7633
2026-08-06 14:49:00,83.7475,52.0997,2.9088
2026-08-06 14:50:00,82.9749,51.5510,2.8157
2026-08-06 14:51:00,83.5643,51.1248,2.7943
2026-08-06 14:52:00,83.0827,52.6494,2.8007
2026-08-06 14:53:00,83.1788,51.0195,2.7119
2026-08-06 14:54:00,83.3281,51.3067,2.7004
2026-08-06 14:55:00,82.9531,51.0742,2.6330
2026-08-06 14:56:00,83.2762,52.4972,2.7250
2026-08-06 14:57:00,82.4653,52.1216,3.0130
2026-08-06 14:58:00,83.1846,52.7719,2.6503
2026-08-06 14:59:00,82.2857,51.4652,2.6822
2026-08-06 15:00:00,82.9319,51.1189,2.7194
2026-08-06 15:01:00,83.2302,51.7938,2.7240
2026-08-06 15:02:00,83.1346,52.0301,2.8265
2026-08-06 15:03:00,82.5327,52.3702,2.7379
2026-08-06 15:04:00,82.5457,50.8835,2.7785
2026-08-06 15:05:00,82.6646,52.6385,2.7125
2026-08-06 15:06:00,82.9018,51.5658,2.7488
2026-08-06 15:07:00,82.2113,51.7886,2.7890
2026-08-06 15:08:00,82.7921,53.2704,2.7800
2026-08-06 15:09:00,82.8649,50.6094,2.9898
2026-08-06 15:10:00,82.6622,52.6381,2.7870
2026-08-06 15:11:00,82.8806,52.6587,2.7667
2026-08-06 15:12:00,82.7662,51.7720,2.5356
2026-08-06 15:13:00,82.5129,52.0923,2.8068
2026-08-06 15:14:00,82.0712,53.4492,2.5826
2026-08-06 15:15:00,82.6689,54.0647,2.8323
2026-08-06 15:16:00,82.3201,53.3678,2.7883
2026-08-06 15:17:00,82.4099,54.0459,2.8506
2026-08-06 15:18:00,82.7048,52.0049,2.7039
2026-08-06 15:19:00,82.9643,51.3142,2.7663
2026-08-06 15:20:00,82.5059,52.5560,2.8274
2026-08-06 15:21:00,82.6622,53.2614,2.6628
2026-08-06 15:22:00,82.0415,51.1527,2.8126
2026-08-06 15:23:00,82.5277,51.9138,2.8037
2026-08-06 15:24:00,82.4156,52.0207,2.7292
2026-08-06 15:25:00,82.7822,52.9759,2.8959
2026-08-06 15:26:00,82.2316,52.8899,2.7847
2026-08-06 15:27:00,82.3018,52.1043,2.5607
2026-08-06 15:28:00,82.6728,52.8845,2.8218
2026-08-06 15:29:00,82.3089,51.8405,2.6518
2026-08-06 15:30:00,81.9855,52.4305,2.7919
2026-08-06 15:31:00,83.0657,51.7746,2.7361
2026-08-06 15:32:00,81.9590,52.6806,2.4366
2026-08-06 15:33:00,82.2460,52.1742,2.7553
2026-08-06 15:34:00,82.3526,53.3802,2.6666
2026-08-06 15:35:00,82.3125,52.8198,2.6367
2026-08-06 15:36:00,82.1593,52.6718,2.6341
2026-08-06 15:37:00,82.1452,54.2796,2.7488
2026-08-06 15:38:00,82.1150,53.1831,2.5713
2026-08-06 15:39:00,81.8360,52.5928,2.7681
2026-08-06 15:40:00,82.8015,52.4308,2.4980
2026-08-06 15:41:00,82.0766,51.9628,2.6727
2026-08-06 15:42:00,82.3082,52.8644,2.7134
2026-08-06 15:43:00,82.0158,53.1721,2.7039
2026-08-06 15:44:00,81.9972,51.4029,2.6404
2026-08-06 15:45:00,81.9549,51.8512,2.5941
2026-08-06 15:46:00,81.6150,52.5369,2.5525
2026-08-06 15:47:00,82.0207,52.0781,2.4779
2026-08-06 15:48:00,81.9361,52.9977,2.5241
2026-08-06 15:49:00,82.3995,53.1147,2.4891
2026-08-06 15:50:00,81.6793,52.8765,2.4651
2026-08-06 15:51:00,81.8560,53.4193,2.7504
2026-08-06 15:52:00,81.7509,52.5156,2.3904
2026-08-06 15:53:00,82.4449,52.9507,2.6672
2026-08-06 15:54:00,81.7436,52.1881,2.4233
2026-08-06 15:55:00,82.1659,53.2213,2.4369
2026-08-06 15:56:00,82.2816,53.0566,2.4275
2026-08-06 15:57:00,81.9405,52.0389,2.4125
2026-08-06 15:58:00,81.5656,52.8749,2.6080
2026-08-06 15:59:00,81.5643,52.9695,2.5667
2026-08-06 16:00:00,82.2268,53.2248,2.4767
2026-08-06 16:01:00,81.5866,53.2542,2.7629
2026-08-06 16:02:00,82.0789,52.4220,2.4826
2026-08-06 16:03:00,81.9925,53.6086,2.4824
2026-08-06 16:04:00,82.0689,53.4143,2.4001
2026-08-06 16:05:00,82.0952,52.4139,2.3804
2026-08-06 16:06:00,81.6722,52.0766,2.3998
2026-08-06 16:07:00,81.6588,52.4689,2.5305
2026-08-06 16:08:00,82.1656,51.8062,2.4947
2026-08-06 16:09:00,81.7626,53.1456,2.5590
2026-08-06 16:10:00,81.1271,53.9212,2.3506
2026-08-06 16:11:00,82.1481,54.1062,2.4737
2026-08-06 16:12:00,81.6445,52.0916,2.4378
2026-08-06 16:13:00,82.0980,53.5861,2.4433
2026-08-06 16:14:00,82.3787,53.0174,2.3061
2026-08-06 16:15:00,81.9694,51.0256,2.2813
2026-08-06 16:16:00,82.2673,52.6685,2.4319
2026-08-06 16:17:00,82.0194,52.5711,2.4581
2026-08-06 16:18:00,82.4547,53.8858,2.3020
2026-08-06 16:19:00,81.6657,52.2109,2.4178
2026-08-06 16:20:00,81.9882,53.3482,2.4699
2026-08-06 16:21:00,82.1996,52.8017,2.3071
2026-08-06 16:22:00,81.9481,51.7198,2.1927
2026-08-06 16:23:00,82.3589,52.4233,2.1987
2026-08-06 16:24:00,81.8923,54.0785,2.2560
2026-08-06 16:25:00,82.6520,52.7021,2.2728
2026-08-06 16:26:00,82.6776,53.5526,2.3076
2026-08-06 16:27:00,82.1359,53.4954,2.3036
2026-08-06 16:28:00,82.2280,52.4421,2.2720
2026-08-06 16:29:00,82.4312,51.7597,2.3614
2026-08-06 16:30:00,81.7296,51.8502,2.2118
2026-08-06 16:31:00,81.7048,53.9177,2.4089
2026-08-06 16:32:00,82.4885,52.8620,2.3711
2026-08-06 16:33:00,82.2075,51.3374,2.3586
2026-08-06 16:34:00,82.0717,53.3749,2.2009
2026-08-06 16:35:00,82.1579,51.2611,2.2504
2026-08-06 16:36:00,81.4541,52.0121,2.3296
2026-08-06 16:37:00,82.1288,52.7200,2.2328
2026-08-06 16:38:00,81.9766,54.6528,2.1785
2026-08-06 16:39:00,82.4950,53.2703,2.1703
2026-08-06 16:40:00,82.5357,52.2122,2.1711
2026-08-06 16:41:00,82.4284,52.6009,2.1203
2026-08-06 16:42:00,82.3928,53.2937,2.5197
2026-08-06 16:43:00,81.8442,53.6747,2.0340
2026-08-06 16:44:00,82.4904,52.3179,2.1279
2026-08-06 16:45:00,82.5224,52.3195,2.2824
2026-08-06 16:46:00,82.7280,51.8083,2.1518
2026-08-06 16:47:00,83.0114,52.9821,2.1820
2026-08-06 16:48:00,81.8901,53.2478,2.2542
2026-08-06 16:49:00,82.3038,50.8528,2.3156
2026-08-06 16:50:00,82.2206,52.0626,2.1829
2026-08-06 16:51:00,82.5186,51.3852,2.3005
2026-08-06 16:52:00,82.4949,52.4522,2.0368
2026-08-06 16:53:00,82.4451,51.3162,2.1444
2026-08-06 16:54:00,82.8487,51.2251,2.2532
2026-08-06 16:55:00,82.2355,53.1543,2.3999
2026-08-06 16:56:00,82.2796,52.0970,2.1051
2026-08-06 16:57:00,82.3112,52.1550,2.0868
2026-08-06 16:58:00,82.5374,52.5215,2.2346
2026-08-06 16:59:00,82.3044,52.9256,2.2054
2026-08-06 17:00:00,82.6864,51.7864,2.1282
2026-08-06 17:01:00,82.6798,51.7763,2.0784
2026-08-06 17:02:00,82.5224,51.7514,2.1490
2026-08-06 17:03:00,83.0498,52.9016,2.2530
2026-08-06 17:04:00,82.7997,51.9529,2.1683
2026-08-06 17:05:00,83.1666,51.7452,2.3197
2026-08-06 17:06:00,82.8200,52.2611,2.1901
2026-08-06 17:07:00,82.9024,53.3833,2.2652
2026-08-06 17:08:00,82.7724,51.9474,2.2344
2026-08-06 17:09:00,82.9711,51.6417,2.1679
2026-08-06 17:10:00,83.2194,53.3807,2.2935
2026-08-06 17:11:00,82.9151,52.8588,2.0906
2026-08-06 17:12:00,83.2273,52.7112,2.1593
2026-08-06 17:13:00,82.8616,51.3309,2.1758
2026-08-06 17:14:00,83.3672,51.2194,2.2581
2026-08-06 17:15:00,83.0000,50.1994,2.2859
2026-08-06 17:16:00,83.4643,52.4059,2.1444
2026-08-06 17:17:00,83.2623,51.6624,2.1336
2026-08-06 17:18:00,83.7359,50.1268,2.2406
2026-08-06 17:19:00,82.9693,52.4954,2.0826
2026-08-06 17:20:00,82.9089,51.2301,2.3410
2026-08-06 17:21:00,83.2035,51.2946,2.2218
2026-08-06 17:22:00,83.0100,50.2211,2.1314
2026-08-06 17:23:00,83.0478,51.7906,2.1338
2026-08-06 17:24:00,83.6868,51.7634,2.2886
2026-08-06 17:25:00,83.5370,51.2885,2.2906
2026-08-06 17:26:00,83.4326,50.9569,2.1900
2026-08-06 17:27:00,83.4989,53.3572,2.2605
2026-08-06 17:28:00,83.4747,50.2575,2.1641
2026-08-06 17:29:00,84.1881,50.6071,2.2565
2026-08-06 17:30:00,83.5117,51.7147,2.4354
2026-08-06 17:31:00,83.3754,50.3001,2.5065
2026-08-06 17:32:00,84.0508,50.2045,2.2781
2026-08-06 17:33:00,83.7874,51.9436,2.3483
2026-08-06 17:34:00,84.5042,51.4856,2.3504
2026-08-06 17:35:00,83.7753,51.3516,2.1453
2026-08-06 17:36:00,84.2279,51.0725,2.2087
2026-08-06 17:37:00,84.3398,50.3359,2.0985
2026-08-06 17:38:00,83.9001,50.6499,2.3815
2026-08-06 17:39:00,83.8751,50.7511,2.5378
2026-08-06 17:40:00,84.3621,51.4534,2.4566
2026-08-06 17:41:00,84.3540,51.0791,2.3613
2026-08-06 17:42:00,83.8004,49.9581,2.3542
2026-08-06 17:43:00,83.9273,51.2937,2.3356
2026-08-06 17:44:00,83.5473,49.2809,2.4839
2026-08-06 17:45:00,84.5293,50.3289,2.4068
2026-08-06 17:46:00,84.3148,49.6331,2.3987
2026-08-06 17:47:00,84.3875,49.8224,2.2895
2026-08-06 17:48:00,83.9716,52.0106,2.4674
2026-08-06 17:49:00,84.1927,49.2539,2.3998
2026-08-06 17:50:00,84.4218,49.7362,2.4621
2026-08-06 17:51:00,84.4067,50.7609,2.5299
2026-08-06 17:52:00,84.6871,49.9376,2.2741
2026-08-06 17:53:00,84.8701,50.3990,2.4158
2026-08-06 17:54:00,85.4194,51.3790,2.4090
2026-08-06 17:55:00,84.7760,50.7199,2.4080
2026-08-06 17:56:00,85.1602,49.7821,2.3570
2026-08-06 17:57:00,84.6202,50.0108,2.4037
2026-08-06 17:58:00,84.4103,50.5030,2.3745
2026-08-06 17:59:00,84.8507,50.5473,2.5746
2026-08-06 18:00:00,84.5207,50.0166,2.5377
2026-08-06 18:01:00,85.0480,50.2492,2.5387
2026-08-06 18:02:00,84.8531,50.2107,2.3230
2026-08-06 18:03:00,84.5446,49.8084,2.7184
2026-08-06 18:04:00,85.6952,49.3588,2.4905
2026-08-06 18:05:00,85.0567,50.3979,2.7136
2026-08-06 18:06:00,84.7702,49.9981,2.6218
2026-08-06 18:07:00,85.5744,48.0607,2.5315
2026-08-06 18:08:00,85.1297,49.0257,2.7667
2026-08-06 18:09:00,85.7186,49.2629,2.6268
2026-08-06 18:10:00,85.2148,49.4475,2.5548
2026-08-06 18:11:00,85.3156,50.5327,2.5461
2026-08-06 18:12:00,85.6244,52.0926,2.6959
2026-08-06 18:13:00,85.7418,47.5249,2.5465
2026-08-06 18:14:00,85.8372,49.6968,2.5697
2026-08-06 18:15:00,85.6224,49.4704,2.5551
2026-08-06 18:16:00,85.8504,49.2319,2.5465
2026-08-06 18:17:00,85.9579,49.7723,2.5597
2026-08-06 18:18:00,85.8366,49.4195,2.8134
2026-08-06 18:19:00,85.7757,48.9724,2.7439
2026-08-06 18:20:00,85.4267,49.2469,2.6735
2026-08-06 18:21:00,86.0818,49.6309,2.6020
2026-08-06 18:22:00,85.9562,49.5171,2.6083
2026-08-06 18:23:00,85.8607,49.2613,2.6333
2026-08-06 18:24:00,86.4093,48.6062,2.8552
2026-08-06 18:25:00,85.6385,51.2910,2.7117
2026-08-06 18:26:00,86.6007,49.2862,2.7635
2026-08-06 18:27:00,86.1412,49.5716,2.7148
2026-08-06 18:28:00,86.2833,48.5187,2.6122
2026-08-06 18:29:00,86.1095,49.0400,2.7168
2026-08-06 18:30:00,85.7675,48.9972,2.6045
2026-08-06 18:31:00,86.2652,47.2862,2.8371
2026-08-06 18:32:00,86.4466,48.2065,2.6481
2026-08-06 18:33:00,86.5879,48.1559,2.6709
2026-08-06 18:34:00,86.3641,48.2281,2.8145
2026-08-06 18:35:00,85.8040,47.8173,2.6682
2026-08-06 18:36:00,86.0372,48.6731,2.7208
2026-08-06 18:37:00,87.1529,49.7210,2.4835
2026-08-06 18:38:00,86.2469,48.6729,2.7193
2026-08-06 18:39:00,87.0397,47.5891,2.8152
2026-08-06 18:40:00,86.3680,47.6753,2.6972
2026-08-06 18:41:00,86.6298,48.1645,2.8196
2026-08-06 18:42:00,86.9080,47.3000,2.7657
2026-08-06 18:43:00,86.5099,48.6427,2.8796
2026-08-06 18:44:00,87.2689,49.4486,2.7006
2026-08-06 18:45:00,86.8487,47.8726,2.7530
2026-08-06 18:46:00,86.9987,48.3617,2.6331
2026-08-06 18:47:00,86.8142,47.9254,2.7736
2026-08-06 18:48:00,87.1258,47.7329,2.7432
2026-08-06 18:49:00,87.4351,48.3567,2.8837
2026-08-06 18:50:00,86.9549,47.6431,2.7273
2026-08-06 18:51:00,87.5457,47.4960,2.7493
2026-08-06 18:52:00,86.8753,46.8166,2.7259
2026-08-06 18:53:00,87.3196,48.1334,2.7977
2026-08-06 18:54:00,87.2682,48.9053,2.9952
2026-08-06 18:55:00,86.8317,48.5878,2.4477
2026-08-06 18:56:00,87.2466,49.1862,2.7936
2026-08-06 18:57:00,87.2145,47.4240,2.9165
2026-08-06 18:58:00,86.9857,48.6156,2.7481
2026-08-06 18:59:00,87.3780,47.0245,2.8526
2026-08-06 19:00:00,87.3429,48.4461,2.9177
2026-08-06 19:01:00,87.3052,49.1664,2.7723
2026-08-06 19:02:00,87.3339,48.2226,2.7343
2026-08-06 19:03:00,87.3545,49.1265,2.8926
2026-08-06 19:04:00,87.2977,47.2916,2.8479
2026-08-06 19:05:00,87.4760,47.6371,2.7912
2026-08-06 19:06:00,87.2664,46.9862,2.8574
2026-08-06 19:07:00,88.2817,47.7213,2.8910
2026-08-06 19:08:00,87.0864,47.8843,2.7881
2026-08-06 19:09:00,87.3578,47.6649,2.8223
2026-08-06 19:10:00,87.4050,47.2406,2.8420
2026-08-06 19:11:00,88.1918,47.2037,2.7415
2026-08-06 19:12:00,87.2061,47.8491,2.9041
2026-08-06 19:13:00,87.7519,47.4226,2.6797
2026-08-06 19:14:00,87.7200,46.6062,2.7669
2026-08-06 19:15:00,87.7665,45.9878,2.8539
2026-08-06 19:16:00,88.0577,47.0076,2.6684
2026-08-06 19:17:00,88.0713,46.3570,2.8579
2026-08-06 19:18:00,87.5906,46.7736,2.7863
2026-08-06 19:19:00,87.8028,47.0831,2.8962
2026-08-06 19:20:00,87.2036,47.2850,2.8211
2026-08-06 19:21:00,87.8102,46.8497,2.7395
2026-08-06 19:22:00,87.5593,49.1165,2.7748
2026-08-06 19:23:00,87.7581,46.3362,2.7740
2026-08-06 19:24:00,87.3244,48.2944,2.9450
2026-08-06 19:25:00,87.9669,47.1793,2.7465
2026-08-06 19:26:00,87.3514,46.7662,2.7193
2026-08-06 19:27:00,87.9191,47.7456,2.7086
2026-08-06 19:28:00,87.5205,46.8971,2.7418
2026-08-06 19:29:00,87.6467,46.5981,2.6042
2026-08-06 19:30:00,88.2606,48.6602,2.6739
2026-08-06 19:31:00,88.1026,45.4580,2.6053
2026-08-06 19:32:00,88.2825,47.0034,2.6126
2026-08-06 19:33:00,88.4166,47.3375,2.7752
2026-08-06 19:34:00,87.7272,48.2985,2.6914
2026-08-06 19:35:00,88.4185,46.8405,2.6084
2026-08-06 19:36:00,87.5384,49.2756,2.6613
2026-08-06 19:37:00,88.2106,47.7422,2.6453
2026-08-06 19:38:00,87.8468,45.2297,2.6687
2026-08-06 19:39:00,87.7233,45.9497,2.5060
2026-08-06 19:40:00,88.1936,47.2918,2.5409
2026-08-06 19:41:00,88.2992,46.1772,2.4990
2026-08-06 19:42:00,88.2961,47.5212,2.5462
2026-08-06 19:43:00,88.0912,46.7110,2.5569
2026-08-06 19:44:00,88.0711,46.1087,2.5186
2026-08-06 19:45:00,88.1937,46.2860,2.6912
2026-08-06 19:46:00,88.1303,47.7318,2.7915
2026-08-06 19:47:00,88.2046,45.4250,2.6827
2026-08-06 19:48:00,88.1058,47.8732,2.5362
2026-08-06 19:49:00,88.2993,47.8907,2.6062
2026-08-06 19:50:00,87.5597,46.7605,2.5710
2026-08-06 19:51:00,88.0092,45.8972,2.5092
2026-08-06 19:52:00,87.6337,47.4611,2.6948
2026-08-06 19:53:00,88.1315,46.6235,2.7554
2026-08-06 19:54:00,88.5402,45.7972,2.3999
2026-08-06 19:55:00,87.9040,48.5337,2.6832
2026-08-06 19:56:00,88.0825,46.2966,2.4723
2026-08-06 19:57:00,88.2687,45.8246,2.4973
2026-08-06 19:58:00,87.4184,47.2291,2.5440
2026-08-06 19:59:00,87.8786,46.9460,2.6626
2026-08-06 20:00:00,88.1404,48.1890,2.5281
2026-08-06 20:01:00,87.1574,46.6958,2.5334
2026-08-06 20:02:00,87.7283,46.7051,2.5696
2026-08-06 20:03:00,88.3459,47.2705,2.5776
2026-08-06 20:04:00,88.3104,47.1637,2.5198
2026-08-06 20:05:00,88.1150,47.1905,2.5626
2026-08-06 20:06:00,88.2602,47.2268,2.3933
2026-08-06 20:07:00,88.0524,47.1443,2.2719
2026-08-06 20:08:00,88.1462,46.6832,2.6201
2026-08-06 20:09:00,87.8762,47.6869,2.3262
2026-08-06 20:10:00,87.9964,46.7377,2.3690
2026-08-06 20:11:00,87.7623,47.6745,2.3816
2026-08-06 20:12:00,88.3209,48.1471,2.3569
2026-08-06 20:13:00,88.3876,46.5013,2.3272
2026-08-06 20:14:00,88.3340,48.9738,2.4388
2026-08-06 20:15:00,87.7860,46.4876,2.4326
2026-08-06 20:16:00,87.6102,46.5012,2.4400
2026-08-06 20:17:00,88.2669,47.5060,2.4266
2026-08-06 20:18:00,88.0340,47.4361,2.3221
2026-08-06 20:19:00,87.9560,47.1498,2.3150
2026-08-06 20:20:00,87.6535,47.7568,2.4619
2026-08-06 20:21:00,87.9570,47.3147,2.2911
2026-08-06 20:22:00,87.4889,48.7761,2.2825
2026-08-06 20:23:00,87.9896,47.0924,2.4230
2026-08-06 20:24:00,88.1975,46.4632,2.3218
2026-08-06 20:25:00,88.2571,46.7178,2.2669
2026-08-06 20:26:00,87.9640,47.5491,2.2616
2026-08-06 20:27:00,87.3200,47.5742,2.4176
2026-08-06 20:28:00,87.7766,47.3644,2.3579
2026-08-06 20:29:00,88.3417,46.5340,2.3171
2026-08-06 20:30:00,87.4213,48.1153,2.1712
2026-08-06 20:31:00,87.6458,48.7932,2.3065
2026-08-06 20:32:00,88.0689,47.2827,2.2558
2026-08-06 20:33:00,87.8109,48.7241,2.1806
2026-08-06 20:34:00,88.3503,47.9852,2.2067
2026-08-06 20:35:00,87.3667,49.0843,2.3316
2026-08-06 20:36:00,87.2695,47.7051,2.3815
2026-08-06 20:37:00,87.9132,47.4543,2.1470
2026-08-06 20:38:00,87.1664,48.0375,2.1553
2026-08-06 20:39:00,87.4450,47.0356,2.3136
2026-08-06 20:40:00,87.4630,47.7276,2.1993
2026-08-06 20:41:00,87.7717,48.4864,2.2916
2026-08-06 20:42:00,87.6232,48.0977,2.1904
2026-08-06 20:43:00,87.5537,47.4381,2.2869
2026-08-06 20:44:00,87.2733,47.6443,2.0886
2026-08-06 20:45:00,87.7356,48.1117,2.2778
2026-08-06 20:46:00,88.5557,48.1072,2.0100
2026-08-06 20:47:00,87.5320,48.1501,2.3097
2026-08-06 20:48:00,87.3308,47.8445,2.2113
2026-08-06 20:49:00,86.8876,46.9366,2.2565
2026-08-06 20:50:00,87.0616,47.0878,2.2339
2026-08-06 20:51:00,87.1644,48.0130,2.0377
2026-08-06 20:52:00,87.0435,48.3337,2.3432
2026-08-06 20:53:00,87.1743,48.2550,2.2385
2026-08-06 20:54:00,87.6875,47.1786,2.2793
2026-08-06 20:55:00,87.5030,47.6235,2.1226
2026-08-06 20:56:00,87.0558,46.8311,2.2257
2026-08-06 20:57:00,86.7153,46.6839,2.0699
2026-08-06 20:58:00,87.4533,47.8891,2.2153
2026-08-06 20:59:00,87.0114,48.9376,2.1061
2026-08-06 21:00:00,86.4820,47.9585,2.7007
2026-08-06 21:01:00,87.1875,49.4331,2.2606
2026-08-06 21:02:00,87.2551,47.8037,2.3335
2026-08-06 21:03:00,86.1930,47.9886,2.1760
2026-08-06 21:04:00,86.6468,47.1998,2.2415
2026-08-06 21:05:00,86.8342,47.7442,2.2931
2026-08-06 21:06:00,87.0608,47.0997,2.0964
2026-08-06 21:07:00,86.6587,46.8454,2.1378
2026-08-06 21:08:00,86.5367,47.1737,2.3038
2026-08-06 21:09:00,86.9773,48.2109,2.1865
2026-08-06 21:10:00,86.5914,47.5844,2.1355
2026-08-06 21:11:00,86.8672,47.8051,2.1493
2026-08-06 21:12:00,86.3437,48.5645,2.0924
2026-08-06 21:13:00,86.2440,47.0295,2.0213
2026-08-06 21:14:00,86.8488,48.3656,2.0503
2026-08-06 21:15:00,86.6704,49.0117,2.2274
2026-08-06 21:16:00,86.8438,49.1137,2.2931
2026-08-06 21:17:00,86.3797,48.8124,2.4811
2026-08-06 21:18:00,86.2733,48.3908,2.2286
2026-08-06 21:19:00,86.8924,47.9671,2.1084
2026-08-06 21:20:00,85.9997,48.4341,2.2373
2026-08-06 21:21:00,86.8044,49.8569,2.3145
2026-08-06 21:22:00,86.7975,48.7870,2.3514
2026-08-06 21:23:00,86.6318,48.5177,2.3461
2026-08-06 21:24:00,86.1398,49.0890,2.3146
2026-08-06 21:25:00,86.0737,48.7129,2.2715
2026-08-06 21:26:00,86.2282,48.8891,2.3405
2026-08-06 21:27:00,85.8752,48.5466,2.1534
2026-08-06 21:28:00,85.9479,48.4478,2.0762
2026-08-06 21:29:00,86.4025,49.6126,2.4917
2026-08-06 21:30:00,86.3767,47.2917,2.2832
2026-08-06 21:31:00,85.8398,49.2712,2.3469
2026-08-06 21:32:00,86.3305,48.5435,2.0191
2026-08-06 21:33:00,86.2370,47.4375,2.4597
2026-08-06 21:34:00,86.5268,48.2189,2.4268
2026-08-06 21:35:00,86.2178,49.0068,2.1608
2026-08-06 21:36:00,86.3380,49.1541,2.2919
2026-08-06 21:37:00,86.1370,49.7024,2.3567
2026-08-06 21:38:00,86.2615,49.7944,2.2102
2026-08-06 21:39:00,85.5552,47.9483,2.3921
2026-08-06 21:40:00,85.8787,49.5255,2.4546
2026-08-06 21:41:00,85.8776,49.8444,2.3893
2026-08-06 21:42:00,85.7903,49.4748,2.2072
2026-08-06 21:43:00,85.9710,49.7399,2.2672
2026-08-06 21:44:00,86.0027,47.8302,2.3656
2026-08-06 21:45:00,85.9048,48.6226,2.3602
2026-08-06 21:46:00,85.7089,50.5461,2.3696
2026-08-06 21:47:00,85.5164,49.2682,2.3734
2026-08-06 21:48:00,86.0415,51.3092,2.2269
2026-08-06 21:49:00,85.7928,48.5468,2.4954
2026-08-06 21:50:00,85.3580,50.8594,2.4851
2026-08-06 21:51:00,85.5813,49.1588,2.4822
2026-08-06 21:52:00,85.0926,50.3764,2.4806
2026-08-06 21:53:00,85.6025,49.4892,2.4169
2026-08-06 21:54:00,85.5090,49.8572,2.3924
2026-08-06 21:55:00,85.3730,50.2802,2.3591
2026-08-06 21:56:00,85.9977,49.3523,2.6229
2026-08-06 21:57:00,85.1528,50.5231,2.4744
2026-08-06 21:58:00,85.6891,49.7088,2.3182
2026-08-06 21:59:00,86.1110,50.1032,2.4892
2026-08-06 22:00:00,85.7562,47.8839,2.2916
2026-08-06 22:01:00,85.4019,49.7694,2.5327
2026-08-06 22:02:00,85.0497,51.0894,2.5300
2026-08-06 22:03:00,84.9602,50.6735,2.4693
2026-08-06 22:04:00,85.2244,50.8662,2.4374
2026-08-06 22:05:00,85.1212,50.2389,2.5954
2026-08-06 22:06:00,85.0912,51.5764,2.5386
2026-08-06 22:07:00,85.1891,50.5053,2.3605
2026-08-06 22:08:00,85.2366,49.7855,2.6828
2026-08-06 22:09:00,85.3934,51.0367,2.4761
2026-08-06 22:10:00,84.8574,51.1297,2.4458
2026-08-06 22:11:00,85.0053,50.9342,2.7211
2026-08-06 22:12:00,85.1435,50.1470,2.6987
2026-08-06 22:13:00,85.1146,50.7332,2.5581
2026-08-06 22:14:00,85.7063,51.6614,2.4823
2026-08-06 22:15:00,85.2075,50.9673,2.5238
2026-08-06 22:16:00,84.6365,49.4415,2.5783
2026-08-06 22:17:00,85.2291,50.1591,2.7508
2026-08-06 22:18:00,85.2508,50.1601,2.7657
2026-08-06 22:19:00,85.0333,50.1350,2.6597
2026-08-06 22:20:00,84.6909,49.0874,2.7150
2026-08-06 22:21:00,85.5667,52.3268,2.6358
2026-08-06 22:22:00,84.7031,50.1510,2.5761
2026-08-06 22:23:00,85.2073,50.2465,2.5199
2026-08-06 22:24:00,85.0545,49.3737,2.7086
2026-08-06 22:25:00,85.1605,51.6575,2.7727
2026-08-06 22:26:00,85.4784,50.9287,2.6377
2026-08-06 22:27:00,85.1213,50.7576,2.8136
2026-08-06 22:28:00,84.7720,50.8367,2.6622
2026-08-06 22:29:00,85.2585,51.5819,2.7149
2026-08-06 22:30:00,84.7249,50.7640,2.6900
2026-08-06 22:31:00,84.9511,49.5931,2.8413
2026-08-06 22:32:00,84.5023,50.1870,2.7722
2026-08-06 22:33:00,84.5688,50.1812,2.7223
2026-08-06 22:34:00,84.8831,51.5118,2.7408
2026-08-06 22:35:00,84.9673,52.0709,2.6191
2026-08-06 22:36:00,84.3358,52.5346,2.5194
2026-08-06 22:37:00,84.9856,50.0889,2.6941
2026-08-06 22:38:00,84.5809,51.9277,2.7322
2026-08-06 22:39:00,85.2013,50.9738,2.8089
2026-08-06 22:40:00,84.7028,53.8388,2.7435
2026-08-06 22:41:00,84.4626,52.6407,2.7167
2026-08-06 22:42:00,84.8142,52.9290,2.4725
2026-08-06 22:43:00,84.5086,52.2428,2.8235
2026-08-06 22:44:00,85.1566,51.9394,2.7952
2026-08-06 22:45:00,84.7688,51.3446,2.8585
2026-08-06 22:46:00,84.7162,51.2198,2.7828
2026-08-06 22:47:00,84.9327,51.0914,2.8975
2026-08-06 22:48:00,84.4475,52.2574,2.7303
2026-08-06 22:49:00,84.3564,53.0433,2.7836
2026-08-06 22:50:00,84.8601,51.5408,2.8138
2026-08-06 22:51:00,84.4025,51.2794,2.8577
2026-08-06 22:52:00,84.3976,50.7012,2.8351
2026-08-06 22:53:00,84.9741,52.1141,2.8427
2026-08-06 22:54:00,84.8765,52.9318,2.8232
2026-08-06 22:55:00,84.3390,53.0015,2.7782
2026-08-06 22:56:00,84.5259,53.1101,2.8885
2026-08-06 22:57:00,84.4374,52.3687,2.6316
2026-08-06 22:58:00,85.2386,52.1372,2.7367
2026-08-06 22:59:00,84.9750,53.1192,2.9591
2026-08-06 23:00:00,84.5747,51.2333,2.7327
2026-08-06 23:01:00,84.8720,51.7962,2.7921
2026-08-06 23:02:00,84.2907,53.5448,2.9384
2026-08-06 23:03:00,84.4945,51.3433,2.7865
2026-08-06 23:04:00,84.7268,52.2019,2.7150
2026-08-06 23:05:00,84.8304,52.7606,2.9173
2026-08-06 23:06:00,84.6652,52.3474,2.7674
2026-08-06 23:07:00,84.7688,53.2261,2.7729
2026-08-06 23:08:00,84.7182,53.5520,2.5954
2026-08-06 23:09:00,84.6462,52.7397,2.7790
2026-08-06 23:10:00,84.6073,53.4921,2.8581
2026-08-06 23:11:00,84.5694,51.6608,2.7446
2026-08-06 23:12:00,84.7683,52.3010,2.6572
2026-08-06 23:13:00,84.8237,54.3741,2.7347
2026-08-06 23:14:00,84.7620,54.0267,2.7186
2026-08-06 23:15:00,84.3511,51.4729,2.7518
2026-08-06 23:16:00,84.4075,52.5058,2.7223
2026-08-06 23:17:00,84.8297,52.6460,2.9372
2026-08-06 23:18:00,85.1545,52.8911,2.7975
2026-08-06 23:19:00,84.7621,53.5975,2.5896
2026-08-06 23:20:00,84.5964,54.0694,2.7670
2026-08-06 23:21:00,84.7909,52.6474,2.7518
2026-08-06 23:22:00,84.3866,53.5340,2.8710
2026-08-06 23:23:00,85.1246,53.1735,2.7316
2026-08-06 23:24:00,84.7923,52.6561,2.7242
2026-08-06 23:25:00,84.5402,51.3321,2.9243
2026-08-06 23:26:00,84.6959,53.5225,2.6263
2026-08-06 23:27:00,84.5930,53.2086,2.8079
2026-08-06 23:28:00,85.1499,53.0523,2.7293
2026-08-06 23:29:00,84.7012,51.9714,2.6675
2026-08-06 23:30:00,84.8142,54.3389,2.6473
2026-08-06 23:31:00,84.9457,52.9084,2.8423
2026-08-06 23:32:00,84.5574,51.8876,2.7473
2026-08-06 23:33:00,84.8440,51.7727,2.7549
2026-08-06 23:34:00,84.8747,53.3699,2.7778
2026-08-06 23:35:00,84.3327,53.4066,2.7168
2026-08-06 23:36:00,84.8815,52.4828,2.5702
2026-08-06 23:37:00,84.7989,53.2352,2.5128
2026-08-06 23:38:00,84.8587,53.4105,2.8174
2026-08-06 23:39:00,84.8376,52.9993,2.6776
2026-08-06 23:40:00,84.9120,52.3367,2.6579
2026-08-06 23:41:00,85.2429,53.6768,2.8236
2026-08-06 23:42:00,84.4955,53.5872,2.5298
2026-08-06 23:43:00,84.7544,53.3802,2.3768
2026-08-06 23:44:00,85.0649,52.2675,2.4409
2026-08-06 23:45:00,85.0171,51.8775,2.5617
2026-08-06 23:46:00,85.0187,53.0110,2.6192
2026-08-06 23:47:00,85.7151,53.7003,2.7393
2026-08-06 23:48:00,85.0814,53.7954,2.6770
2026-08-06 23:49:00,85.2448,53.4365,2.3290
2026-08-06 23:50:00,84.8217,52.6140,2.8577
2026-08-06 23:51:00,84.6244,52.3358,2.5290
2026-08-06 23:52:00,84.8365,52.9701,2.6852
2026-08-06 23:53:00,85.1529,52.9815,2.6093
2026-08-06 23:54:00,85.0699,53.8766,2.5475
2026-08-06 23:55:00,85.0775,52.6098,2.5155
2026-08-06 23:56:00,84.9009,52.6786,2.4201
2026-08-06 23:57:00,84.8617,54.6417,2.3948
2026-08-06 23:58:00,84.9286,54.2399,2.4991
2026-08-06 23:59:00,85.2086,52.2935,2.3690
2026-08-07 00:00:00,85.2522,54.1750,2.6648
2026-08-07 00:01:00,84.7069,52.1022,2.5018
2026-08-07 00:02:00,85.2461,52.6517,2.6936
2026-08-07 00:03:00,84.8309,52.7415,2.4329
2026-08-07 00:04:00,85.1755,52.9338,2.4096
2026-08-07 00:05:00,84.9859,53.4894,2.5199
2026-08-07 00:06:00,85.5219,53.0759,2.4271
2026-08-07 00:07:00,84.9353,53.4792,2.5426
2026-08-07 00:08:00,85.1228,52.6621,2.5814
2026-08-07 00:09:00,85.2597,53.2786,2.5399
2026-08-07 00:10:00,84.8240,53.0375,2.5588
2026-08-07 00:11:00,85.0727,51.8583,2.4966
2026-08-07 00:12:00,85.0228,53.3495,2.3524
2026-08-07 00:13:00,84.9569,53.0335,2.5138
2026-08-07 00:14:00,84.9872,52.3786,2.4622
2026-08-07 00:15:00,85.4608,52.6025,2.3234
2026-08-07 00:16:00,84.9555,52.6142,2.3289
2026-08-07 00:17:00,85.3129,52.7301,2.3617
2026-08-07 00:18:00,85.2450,54.3243,2.4750
2026-08-07 00:19:00,84.7392,54.5799,2.3685
2026-08-07 00:20:00,85.3215,50.7169,2.3494
2026-08-07 00:21:00,84.7490,53.2779,2.3273
2026-08-07 00:22:00,85.3687,53.6404,2.3013
2026-08-07 00:23:00,85.0352,52.6922,2.2137
2026-08-07 00:24:00,85.1968,53.5956,2.4032
2026-08-07 00:25:00,84.8128,54.1641,2.2156
2026-08-07 00:26:00,85.2444,51.7305,2.3180
2026-08-07 00:27:00,85.4922,52.9216,2.2643
2026-08-07 00:28:00,84.9783,54.3661,2.3759
2026-08-07 00:29:00,85.0443,51.7962,2.2593
2026-08-07 00:30:00,85.3687,52.6795,2.1872
2026-08-07 00:31:00,85.3820,52.3977,2.3813
2026-08-07 00:32:00,84.5134,53.5822,2.1945
2026-08-07 00:33:00,85.8535,53.6774,2.2873
2026-08-07 00:34:00,85.4126,52.8376,2.3942
2026-08-07 00:35:00,85.4680,52.7164,2.1890
2026-08-07 00:36:00,85.2206,51.2977,2.2469
2026-08-07 00:37:00,84.7115,53.7934,2.2096
2026-08-07 00:38:00,85.4748,52.3539,2.2615
2026-08-07 00:39:00,85.1068,52.5036,2.2374
2026-08-07 00:40:00,85.4433,53.3754,2.3322
2026-08-07 00:41:00,85.2180,52.7363,2.1743
2026-08-07 00:42:00,85.3584,53.3610,2.3601
2026-08-07 00:43:00,85.0575,53.0199,2.3897
2026-08-07 00:44:00,85.5521,52.6790,2.2516
2026-08-07 00:45:00,84.9388,52.7428,2.1438
2026-08-07 00:46:00,85.9712,51.5742,2.2158
2026-08-07 00:47:00,85.9709,52.3307,2.2047
2026-08-07 00:48:00,85.7911,53.2943,2.3919
2026-08-07 00:49:00,85.6853,51.6848,2.2020
2026-08-07 00:50:00,85.2785,51.8078,2.3485
2026-08-07 00:51:00,85.6547,51.6523,2.2194
2026-08-07 00:52:00,85.2764,52.4541,2.2111
2026-08-07 00:53:00,84.8395,53.4285,2.1696
2026-08-07 00:54:00,85.7565,52.7189,2.1776
2026-08-07 00:55:00,85.6439,50.5139,2.2915
2026-08-07 00:56:00,85.2952,52.7483,2.1286
2026-08-07 00:57:00,84.9361,51.8493,2.2969
2026-08-07 00:58:00,85.1266,52.5836,2.3445
2026-08-07 00:59:00,84.7546,52.0293,2.1409
2026-08-07 01:00:00,85.5826,51.4330,2.3208
2026-08-07 01:01:00,84.8159,52.0362,2.3049
2026-08-07 01:02:00,85.3804,51.7119,2.2873
2026-08-07 01:03:00,85.0384,52.2826,2.1373
2026-08-07 01:04:00,84.8603,51.2986,2.1897
2026-08-07 01:05:00,85.3564,51.0782,2.1905
2026-08-07 01:06:00,85.1809,52.5340,2.4128
2026-08-07 01:07:00,85.5283,52.8054,2.2040
2026-08-07 01:08:00,84.8921,52.3520,2.1882
2026-08-07 01:09:00,85.0404,51.3383,2.0935
2026-08-07 01:10:00,84.5461,51.2342,2.1130
2026-08-07 01:11:00,84.6016,51.2490,2.1439
2026-08-07 01:12:00,85.7905,52.4757,2.2508
2026-08-07 01:13:00,85.8699,51.0714,2.0748
2026-08-07 01:14:00,85.2661,52.4065,2.1533
2026-08-07 01:15:00,84.9842,52.1762,2.0367
2026-08-07 01:16:00,85.1346,52.6241,2.3661
2026-08-07 01:17:00,85.4786,52.4514,2.2399
2026-08-07 01:18:00,85.0543,52.0016,2.2637
2026-08-07 01:19:00,85.2716,50.3589,2.1274
2026-08-07 01:20:00,85.1878,51.9881,2.3563
2026-08-07 01:21:00,85.0120,51.5582,2.3945
2026-08-07 01:22:00,85.0154,51.1329,2.2551
2026-08-07 01:23:00,85.2516,52.4866,2.2049
2026-08-07 01:24:00,84.8605,51.2409,2.3125
2026-08-07 01:25:00,85.2786,50.9033,2.3355
2026-08-07 01:26:00,84.9909,52.1908,2.3539
2026-08-07 01:27:00,85.1594,50.9319,2.3383
2026-08-07 01:28:00,85.5250,50.7566,2.3735
2026-08-07 01:29:00,85.0475,50.2825,2.2131
2026-08-07 01:30:00,85.3617,50.4919,2.3791
2026-08-07 01:31:00,84.5357,50.5242,2.2481
2026-08-07 01:32:00,84.9193,51.5719,2.0483
2026-08-07 01:33:00,85.0555,50.2231,2.2589
2026-08-07 01:34:00,85.6106,49.5151,2.2558
2026-08-07 01:35:00,84.4318,51.2069,2.3415
2026-08-07 01:36:00,84.9766,50.4199,2.4075
2026-08-07 01:37:00,85.4279,50.8766,2.3494
2026-08-07 01:38:00,84.7405,51.8780,2.5375
2026-08-07 01:39:00,84.8969,50.8716,2.2907
2026-08-07 01:40:00,85.0446,51.9842,2.1512
2026-08-07 01:41:00,84.9845,50.6839,2.3847
2026-08-07 01:42:00,85.3827,51.5059,2.3093
2026-08-07 01:43:00,85.0309,50.2242,2.2623
2026-08-07 01:44:00,85.2778,50.7099,2.3482
2026-08-07 01:45:00,84.7542,49.8389,2.3069
2026-08-07 01:46:00,84.6225,49.8953,2.3240
2026-08-07 01:47:00,84.7590,50.3283,2.5521
2026-08-07 01:48:00,84.4608,49.4065,2.4197
2026-08-07 01:49:00,84.9351,50.5580,2.3883
2026-08-07 01:50:00,84.6555,50.1494,2.5821
2026-08-07 01:51:00,84.5506,50.5403,2.4004
2026-08-07 01:52:00,84.8823,49.2630,2.3146
2026-08-07 01:53:00,84.3699,50.8359,2.3127
2026-08-07 01:54:00,84.9241,51.5935,2.4451
2026-08-07 01:55:00,84.5292,51.3854,2.2966
2026-08-07 01:56:00,84.9998,51.6801,2.3514
2026-08-07 01:57:00,84.5134,50.1517,2.4383
2026-08-07 01:58:00,84.7997,49.7967,2.5975
2026-08-07 01:59:00,84.6425,50.4293,2.6213
2026-08-07 02:00:00,84.7902,49.8094,2.5660
2026-08-07 02:01:00,84.5780,48.5684,2.5075
2026-08-07 02:02:00,84.0238,50.5769,2.4587
2026-08-07 02:03:00,84.8030,49.6947,2.5624
2026-08-07 02:04:00,84.4514,48.6691,2.7096
2026-08-07 02:05:00,84.6916,49.3972,2.5533
2026-08-07 02:06:00,84.6386,49.5953,2.5007
2026-08-07 02:07:00,84.1761,49.7350,2.5389
2026-08-07 02:08:00,84.1100,49.7055,2.5357
2026-08-07 02:09:00,84.5572,50.7426,2.6249
2026-08-07 02:10:00,84.2455,48.5776,2.5013
2026-08-07 02:11:00,84.5931,49.4478,2.6258
2026-08-07 02:12:00,84.2342,48.8275,2.6495
2026-08-07 02:13:00,84.5699,50.4969,2.6345
2026-08-07 02:14:00,84.3650,49.0041,2.4989
2026-08-07 02:15:00,84.2993,49.1397,2.5999
2026-08-07 02:16:00,84.0754,50.2160,2.5693
2026-08-07 02:17:00,84.2319,50.3977,2.6218
2026-08-07 02:18:00,84.4944,50.4778,2.5695
2026-08-07 02:19:00,84.0945,47.9470,2.7675
2026-08-07 02:20:00,84.2441,49.6099,2.6687
2026-08-07 02:21:00,84.0726,49.4018,2.4949
2026-08-07 02:22:00,84.0698,49.1070,2.5304
2026-08-07 02:23:00,84.5231,49.1636,2.7904
2026-08-07 02:24:00,84.3401,50.1016,2.6583
2026-08-07 02:25:00,83.9768,49.8666,2.6436
2026-08-07 02:26:00,83.9905,49.7161,2.8017
2026-08-07 02:27:00,83.6888,49.1272,2.6797
2026-08-07 02:28:00,83.8205,50.7414,2.5812
2026-08-07 02:29:00,83.9381,48.5678,2.5937
2026-08-07 02:30:00,84.0733,47.5592,2.7749
2026-08-07 02:31:00,84.0157,48.6036,2.9206
2026-08-07 02:32:00,83.4308,48.8260,2.8069
2026-08-07 02:33:00,84.0293,49.7866,2.6899
2026-08-07 02:34:00,83.6822,48.2997,2.7105
2026-08-07 02:35:00,83.3852,49.0661,2.7429
2026-08-07 02:36:00,84.0547,47.4562,2.5407
2026-08-07 02:37:00,84.0652,49.4683,2.7496
2026-08-07 02:38:00,83.6778,48.6232,2.8100
2026-08-07 02:39:00,83.7837,48.3097,2.9331
2026-08-07 02:40:00,83.7736,50.2053,2.8689
2026-08-07 02:41:00,83.9345,49.3220,2.9566
2026-08-07 02:42:00,83.7066,47.6006,2.9354
2026-08-07 02:43:00,83.0622,48.3116,2.9102
2026-08-07 02:44:00,84.0359,50.5551,2.7767
2026-08-07 02:45:00,83.7250,49.9163,2.8116
2026-08-07 02:46:00,83.2249,49.0392,2.6131
2026-08-07 02:47:00,83.0414,46.7909,2.7958
2026-08-07 02:48:00,83.4743,49.3024,2.8419
2026-08-07 02:49:00,83.2119,47.6969,2.7593
2026-08-07 02:50:00,83.3671,49.2325,2.6356
2026-08-07 02:51:00,83.4638,47.5646,2.9500
2026-08-07 02:52:00,83.0437,48.5031,2.8341
2026-08-07 02:53:00,82.8517,47.5695,2.9670
2026-08-07 02:54:00,83.2753,47.7610,2.8705
2026-08-07 02:55:00,82.9726,48.5197,2.9343
2026-08-07 02:56:00,83.1497,46.9375,2.9147
2026-08-07 02:57:00,82.6762,49.8615,2.7311
2026-08-07 02:58:00,82.9770,47.1132,2.7487
2026-08-07 02:59:00,83.2407,47.0401,2.7571
2026-08-07 03:00:00,83.1818,48.3788,2.7034
2026-08-07 03:01:00,82.7374,48.8846,2.9764
2026-08-07 03:02:00,82.5975,47.5649,2.8038
2026-08-07 03:03:00,82.9269,46.9399,2.8450
2026-08-07 03:04:00,83.0649,47.0327,2.6653
2026-08-07 03:05:00,82.9927,46.9205,2.8793
2026-08-07 03:06:00,82.6923,47.9653,2.7554
2026-08-07 03:07:00,82.9103,47.6375,2.9211
2026-08-07 03:08:00,83.2468,48.0092,2.7249
2026-08-07 03:09:00,82.8331,47.9359,2.9249
2026-08-07 03:10:00,82.2572,48.2794,2.8839
2026-08-07 03:11:00,82.7840,47.2683,2.7411
2026-08-07 03:12:00,83.3123,46.9824,2.9271
2026-08-07 03:13:00,82.2892,47.6751,2.8977
2026-08-07 03:14:00,82.6609,47.4836,2.8290
2026-08-07 03:15:00,82.5610,47.7080,2.6778
2026-08-07 03:16:00,82.6348,46.9146,2.8541
2026-08-07 03:17:00,82.6417,47.9766,2.7774
2026-08-07 03:18:00,82.9031,46.4994,2.7722
2026-08-07 03:19:00,82.5645,47.0695,2.7710
2026-08-07 03:20:00,82.9005,48.3052,2.7568
2026-08-07 03:21:00,82.4606,46.4775,2.6692
2026-08-07 03:22:00,82.3698,48.2037,2.6001
2026-08-07 03:23:00,82.2533,46.2178,2.5751
2026-08-07 03:24:00,81.8885,46.0588,2.7726
2026-08-07 03:25:00,82.4962,46.1143,2.4956
2026-08-07 03:26:00,83.0099,47.3857,2.8058
2026-08-07 03:27:00,82.5117,47.8592,2.7787
2026-08-07 03:28:00,82.5612,48.2934,2.6927
2026-08-07 03:29:00,82.2126,48.2139,2.8203
2026-08-07 03:30:00,82.2448,47.9185,2.6861
2026-08-07 03:31:00,82.5956,46.5481,2.7484
2026-08-07 03:32:00,82.8852,46.5269,2.5049
2026-08-07 03:33:00,82.7118,47.8157,2.4707
2026-08-07 03:34:00,82.4902,48.3091,2.6653
2026-08-07 03:35:00,82.2427,46.3343,2.7249
2026-08-07 03:36:00,82.2791,48.1820,2.7714
2026-08-07 03:37:00,81.9746,45.5987,2.6522
2026-08-07 03:38:00,81.7510,47.4355,2.6880
2026-08-07 03:39:00,81.8327,47.0296,2.7354
2026-08-07 03:40:00,82.1714,46.9389,2.6372
2026-08-07 03:41:00,82.0550,47.1173,2.7019
2026-08-07 03:42:00,81.6883,46.3999,2.5233
2026-08-07 03:43:00,82.1050,47.4308,2.4635
2026-08-07 03:44:00,82.0081,47.1141,2.5686
2026-08-07 03:45:00,81.7397,47.8059,2.6923
2026-08-07 03:46:00,81.9689,48.3225,2.5364
2026-08-07 03:47:00,81.9726,47.1449,2.6652
2026-08-07 03:48:00,81.8732,46.3820,2.4900
2026-08-07 03:49:00,82.3260,46.1207,2.5270
2026-08-07 03:50:00,81.4674,48.3843,2.6018
2026-08-07 03:51:00,81.4334,48.2771,2.5033
2026-08-07 03:52:00,82.0214,47.7263,2.5126
2026-08-07 03:53:00,82.0410,47.0605,2.2938
2026-08-07 03:54:00,82.1257,47.6614,2.6309
2026-08-07 03:55:00,81.8356,48.0500,2.5273
2026-08-07 03:56:00,81.7152,46.5097,2.4368
2026-08-07 03:57:00,81.9822,47.0261,2.7068
2026-08-07 03:58:00,81.8462,46.1160,2.4368
2026-08-07 03:59:00,82.4389,46.8970,2.4563
2026-08-07 04:00:00,81.8716,48.2354,2.4038
2026-08-07 04:01:00,81.9489,47.8631,2.6025
2026-08-07 04:02:00,82.7039,47.1090,2.6277
2026-08-07 04:03:00,81.8998,44.8477,2.6099
2026-08-07 04:04:00,82.1226,46.4795,2.6011
2026-08-07 04:05:00,82.1476,47.0883,2.4011
2026-08-07 04:06:00,82.1718,46.8365,2.6203
2026-08-07 04:07:00,82.0383,47.0388,2.4258
2026-08-07 04:08:00,82.0093,47.2105,2.2834
2026-08-07 04:09:00,81.9815,46.5939,2.3873
2026-08-07 04:10:00,81.7794,47.0196,2.4549
2026-08-07 04:11:00,82.0511,46.9115,2.3503
2026-08-07 04:12:00,82.5640,46.4744,2.4220
2026-08-07 04:13:00,82.3210,48.5204,2.4535
2026-08-07 04:14:00,82.0520,46.6691,2.4336
2026-08-07 04:15:00,82.2212,45.2543,2.4507
2026-08-07 04:16:00,81.7078,48.4922,2.3600
2026-08-07 04:17:00,81.8951,46.3970,2.2981
2026-08-07 04:18:00,82.2628,47.8028,2.2168
2026-08-07 04:19:00,82.4305,46.5476,2.3481
2026-08-07 04:20:00,81.7594,47.5576,2.2963
2026-08-07 04:21:00,81.8526,47.0741,2.3314
2026-08-07 04:22:00,82.6596,47.9238,2.1295
2026-08-07 04:23:00,82.0421,46.9640,2.1782
2026-08-07 04:24:00,82.5689,46.6226,2.3747
2026-08-07 04:25:00,82.0932,47.3648,2.1538
2026-08-07 04:26:00,82.1148,46.8661,2.2922
2026-08-07 04:27:00,81.9597,45.6421,2.2221
2026-08-07 04:28:00,82.3450,46.7181,2.2098
2026-08-07 04:29:00,82.4811,49.5086,2.3020
2026-08-07 04:30:00,81.7753,45.7713,2.2907
2026-08-07 04:31:00,81.9927,47.4365,2.3370
2026-08-07 04:32:00,82.3861,47.0650,2.1669
2026-08-07 04:33:00,82.0865,48.7447,2.1834
2026-08-07 04:34:00,81.9916,46.4034,2.3792
2026-08-07 04:35:00,82.4574,47.3904,2.2395
2026-08-07 04:36:00,82.5010,47.8759,2.2939
2026-08-07 04:37:00,82.0510,47.2016,2.2031
2026-08-07 04:38:00,82.2662,46.7495,2.2939
2026-08-07 04:39:00,81.8570,47.3648,1.9953
2026-08-07 04:40:00,81.9686,47.1543,2.3553
2026-08-07 04:41:00,82.2927,47.1719,2.1908
2026-08-07 04:42:00,82.2836,48.1866,2.1078
2026-08-07 04:43:00,82.0034,47.7852,2.1230
2026-08-07 04:44:00,82.0984,47.9254,2.1996
2026-08-07 04:45:00,82.0141,47.7698,2.2118
2026-08-07 04:46:00,82.4910,48.2955,2.2340
2026-08-07 04:47:00,81.7856,48.5935,2.0979
2026-08-07 04:48:00,82.0944,47.3436,2.3018
2026-08-07 04:49:00,81.8614,48.2518,2.1599
2026-08-07 04:50:00,82.5690,46.5830,2.1528
2026-08-07 04:51:00,81.9260,45.8416,2.1857
2026-08-07 04:52:00,82.5004,49.1297,2.2728
2026-08-07 04:53:00,83.0072,47.4268,2.2016
2026-08-07 04:54:00,83.0424,47.9208,2.1495
2026-08-07 04:55:00,82.0242,46.7643,2.1702
2026-08-07 04:56:00,82.6815,46.7535,2.3236
2026-08-07 04:57:00,82.3218,47.2267,2.3065
2026-08-07 04:58:00,82.2876,48.3382,2.2370
2026-08-07 04:59:00,82.6390,47.4379,2.2150
2026-08-07 05:00:00,83.0694,47.6100,2.4314
2026-08-07 05:01:00,82.9093,47.3110,2.2465
2026-08-07 05:02:00,82.5438,48.8676,2.2185
2026-08-07 05:03:00,82.9992,48.6584,2.1807
2026-08-07 05:04:00,82.1444,47.6053,2.2373
2026-08-07 05:05:00,82.6219,48.5693,1.8980
2026-08-07 05:06:00,82.6313,47.8555,2.3065
2026-08-07 05:07:00,82.9331,47.8116,2.0778
2026-08-07 05:08:00,82.8804,48.0723,2.1347
2026-08-07 05:09:00,82.9308,48.6573,2.0683
2026-08-07 05:10:00,82.9533,47.4600,2.1366
2026-08-07 05:11:00,83.0453,48.6069,2.1783
2026-08-07 05:12:00,83.2338,50.2349,2.3036
2026-08-07 05:13:00,83.1503,48.4151,2.3461
2026-08-07 05:14:00,83.0542,48.3294,2.4140
2026-08-07 05:15:00,83.2945,48.2660,2.2331
2026-08-07 05:16:00,83.4566,48.7487,2.2040
2026-08-07 05:17:00,83.0772,47.1108,2.3072
2026-08-07 05:18:00,83.2617,49.7934,2.1473
2026-08-07 05:19:00,83.6641,49.2511,2.1398
2026-08-07 05:20:00,83.0210,47.9844,2.2035
2026-08-07 05:21:00,83.9298,48.5594,2.2408
2026-08-07 05:22:00,83.0236,48.1226,2.0417
2026-08-07 05:23:00,83.3591,48.8425,2.3595
2026-08-07 05:24:00,83.2152,48.6871,2.2813
2026-08-07 05:25:00,84.1946,48.8560,2.3418
2026-08-07 05:26:00,83.4255,47.8858,2.1098
2026-08-07 05:27:00,83.4648,48.3588,2.2054
2026-08-07 05:28:00,83.5426,49.6966,2.2055
2026-08-07 05:29:00,83.7216,48.3887,2.2621
2026-08-07 05:30:00,83.6338,46.7372,2.2845
2026-08-07 05:31:00,83.7322,48.7678,2.3805
2026-08-07 05:32:00,82.7532,50.8541,2.3091
2026-08-07 05:33:00,83.8693,49.6408,2.2310
2026-08-07 05:34:00,83.8979,48.5313,2.5300
2026-08-07 05:35:00,84.2448,48.9952,2.2908
2026-08-07 05:36:00,84.3668,49.6168,2.2330
2026-08-07 05:37:00,83.9589,47.7054,2.1416
2026-08-07 05:38:00,84.3013,48.4631,2.3456
2026-08-07 05:39:00,83.7675,49.5044,2.4123
2026-08-07 05:40:00,84.3699,50.4991,2.2360
2026-08-07 05:41:00,84.0098,48.9101,2.4194
2026-08-07 05:42:00,83.8682,50.5533,2.3722
2026-08-07 05:43:00,84.2101,48.7344,2.1935
2026-08-07 05:44:00,84.7283,46.6679,2.4405
2026-08-07 05:45:00,84.4050,50.0098,2.3587
2026-08-07 05:46:00,84.8423,49.8856,2.2799
2026-08-07 05:47:00,84.2115,50.0809,2.4955
2026-08-07 05:48:00,84.7934,50.0884,2.5011
2026-08-07 05:49:00,84.3264,49.7229,2.3000
2026-08-07 05:50:00,84.6328,49.4014,2.4517
2026-08-07 05:51:00,84.6734,49.4708,2.4503
2026-08-07 05:52:00,84.8502,49.3181,2.4308
2026-08-07 05:53:00,84.7703,49.4052,2.3938
2026-08-07 05:54:00,84.5168,48.3158,2.4382
2026-08-07 05:55:00,85.0461,48.8323,2.5547
2026-08-07 05:56:00,85.3451,49.7123,2.5096
2026-08-07 05:57:00,84.6940,48.0895,2.2837
2026-08-07 05:58:00,84.3622,48.3152,2.2700
2026-08-07 05:59:00,85.1062,49.6933,2.3064
2026-08-07 06:00:00,84.9006,49.8973,2.3642
2026-08-07 06:01:00,85.0043,49.7886,2.4323
2026-08-07 06:02:00,85.2541,48.1746,2.4704
2026-08-07 06:03:00,84.9939,51.3597,2.5170
2026-08-07 06:04:00,85.0938,49.0080,2.5280
2026-08-07 06:05:00,85.1879,49.5417,2.5343
2026-08-07 06:06:00,85.7024,49.2260,2.6613
2026-08-07 06:07:00,85.3139,51.3137,2.3870
2026-08-07 06:08:00,84.9776,50.6507,2.5958
2026-08-07 06:09:00,85.0328,49.9740,2.6029
2026-08-07 06:10:00,85.4766,49.9567,2.4514
2026-08-07 06:11:00,85.1391,50.5742,2.6386
2026-08-07 06:12:00,85.0522,49.4721,2.6300
2026-08-07 06:13:00,85.7545,50.8126,2.5958
2026-08-07 06:14:00,85.8120,50.1078,2.3657
2026-08-07 06:15:00,85.5388,51.0010,2.7112
2026-08-07 06:16:00,85.7799,51.0123,2.6447
2026-08-07 06:17:00,85.7906,50.1872,2.6695
2026-08-07 06:18:00,85.9571,49.0582,2.2971
2026-08-07 06:19:00,85.9999,50.5410,2.5900
2026-08-07 06:20:00,85.0786,49.6169,2.5066
2026-08-07 06:21:00,85.8299,50.8772,2.7861
2026-08-07 06:22:00,86.0989,50.6468,2.5529
2026-08-07 06:23:00,85.8617,50.4192,2.8178
2026-08-07 06:24:00,86.0368,49.8906,2.7716
2026-08-07 06:25:00,86.2920,51.9137,2.7048
2026-08-07 06:26:00,86.1317,50.6385,2.8023
2026-08-07 06:27:00,86.6003,52.9210,2.6004
2026-08-07 06:28:00,86.5261,51.1030,2.6242
2026-08-07 06:29:00,86.1924,51.3929,2.7987
2026-08-07 06:30:00,86.2082,51.1794,2.6182
2026-08-07 06:31:00,85.4519,51.4575,2.5850
2026-08-07 06:32:00,86.2482,52.0944,2.6908
2026-08-07 06:33:00,85.9790,52.1394,2.6399
2026-08-07 06:34:00,86.4899,49.8782,2.9197
2026-08-07 06:35:00,86.5076,52.0113,2.8155
2026-08-07 06:36:00,86.7085,51.7597,2.6851
2026-08-07 06:37:00,86.9563,51.4256,2.6471
2026-08-07 06:38:00,86.5667,52.8015,2.7855
2026-08-07 06:39:00,87.2957,52.8681,2.8745
2026-08-07 06:40:00,86.7180,52.2237,2.7889
2026-08-07 06:41:00,86.2914,51.0991,2.6685
2026-08-07 06:42:00,86.5518,50.6135,2.6236
2026-08-07 06:43:00,86.6442,52.2044,2.7330
2026-08-07 06:44:00,86.9688,52.7215,2.8056
2026-08-07 06:45:00,86.5419,50.0438,2.7301
2026-08-07 06:46:00,86.7711,52.5683,2.8808
2026-08-07 06:47:00,86.8462,51.5275,2.8355
2026-08-07 06:48:00,86.7938,50.3162,2.8091
2026-08-07 06:49:00,87.2049,52.1705,2.8384
2026-08-07 06:50:00,87.1867,52.5538,2.6509
2026-08-07 06:51:00,87.3767,51.5762,2.7419
2026-08-07 06:52:00,86.9595,51.0421,2.6894
2026-08-07 06:53:00,87.4511,53.2880,2.8334
2026-08-07 06:54:00,86.7123,51.4134,2.6938
2026-08-07 06:55:00,86.7357,52.9056,2.8056
2026-08-07 06:56:00,86.8184,50.7970,2.7819
2026-08-07 06:57:00,87.2151,52.3692,2.8591
2026-08-07 06:58:00,87.6024,52.3751,2.6799
2026-08-07 06:59:00,87.0900,52.7921,2.8451
2026-08-07 07:00:00,87.1560,53.3157,2.6931
2026-08-07 07:01:00,87.2622,51.4980,2.7035
2026-08-07 07:02:00,87.5263,52.5927,2.7853
2026-08-07 07:03:00,87.2382,51.1097,2.9185
2026-08-07 07:04:00,87.2480,51.1271,2.7142
2026-08-07 07:05:00,87.0304,51.7929,2.6197
2026-08-07 07:06:00,87.2881,52.6087,2.7018
2026-08-07 07:07:00,87.8379,53.6480,2.7565
2026-08-07 07:08:00,87.5364,53.8186,2.9803
2026-08-07 07:09:00,87.3112,52.0720,2.8305
2026-08-07 07:10:00,87.9275,52.6245,2.7145
2026-08-07 07:11:00,87.4041,53.1582,2.7735
2026-08-07 07:12:00,88.0281,53.0394,2.9424
2026-08-07 07:13:00,88.0452,52.3144,2.7588
2026-08-07 07:14:00,87.6623,52.5333,2.7572
2026-08-07 07:15:00,87.2168,52.4063,2.7366
2026-08-07 07:16:00,88.3736,52.3493,2.8437
2026-08-07 07:17:00,87.8228,52.2641,2.7182
2026-08-07 07:18:00,87.6287,52.4622,2.8545
2026-08-07 07:19:00,88.0314,52.2536,2.8699
2026-08-07 07:20:00,87.9735,51.6897,2.8212
2026-08-07 07:21:00,88.1737,53.3076,2.7334
2026-08-07 07:22:00,87.5988,53.0495,2.6118
2026-08-07 07:23:00,87.9096,54.1562,2.7248
2026-08-07 07:24:00,87.4743,52.9686,2.6758
2026-08-07 07:25:00,88.0454,52.3571,2.6601
2026-08-07 07:26:00,87.8535,52.2066,2.7092
2026-08-07 07:27:00,87.9590,52.7623,2.7760
2026-08-07 07:28:00,87.8445,53.1829,2.6607
2026-08-07 07:29:00,87.8263,52.5606,2.5801
2026-08-07 07:30:00,87.6537,51.5954,2.6163
2026-08-07 07:31:00,88.1634,52.1952,2.8755
2026-08-07 07:32:00,88.3847,52.8152,2.7556
2026-08-07 07:33:00,87.7817,53.4068,2.5991
2026-08-07 07:34:00,88.1251,51.6393,2.8177
2026-08-07 07:35:00,88.0985,53.0529,2.6586
2026-08-07 07:36:00,87.9805,53.0301,2.9041
2026-08-07 07:37:00,87.5288,52.5038,2.6961
2026-08-07 07:38:00,87.6043,52.4069,2.7199
2026-08-07 07:39:00,87.7680,52.2983,2.7405
2026-08-07 07:40:00,87.3676,53.0104,2.7986
2026-08-07 07:41:00,88.4381,53.8091,2.5992
2026-08-07 07:42:00,88.1318,53.8753,2.7762
2026-08-07 07:43:00,88.0178,52.0268,2.5668
2026-08-07 07:44:00,87.3744,52.7849,2.5859
2026-08-07 07:45:00,87.4884,51.1875,2.6157
2026-08-07 07:46:00,88.0385,53.0371,2.6996
2026-08-07 07:47:00,88.6333,53.4348,2.5671
2026-08-07 07:48:00,87.8350,54.2198,2.7578
2026-08-07 07:49:00,88.3056,51.5398,2.7178
2026-08-07 07:50:00,87.9039,52.1039,2.5816
2026-08-07 07:51:00,88.0652,53.0945,2.4734
2026-08-07 07:52:00,88.4133,51.6889,2.6625
2026-08-07 07:53:00,87.9447,53.1252,2.3451
2026-08-07 07:54:00,87.8406,53.4892,2.6211
2026-08-07 07:55:00,88.4717,51.9685,2.4568
2026-08-07 07:56:00,88.0580,53.1020,2.6570
2026-08-07 07:57:00,88.3692,52.0279,2.3850
2026-08-07 07:58:00,87.8332,54.0993,2.4495
2026-08-07 07:59:00,88.4572,53.1651,2.5517
2026-08-07 08:00:00,88.1132,52.4879,2.5602
2026-08-07 08:01:00,88.1569,52.0092,2.4295
2026-08-07 08:02:00,88.0608,53.3103,2.4511
2026-08-07 08:03:00,87.8640,54.0840,2.5717
2026-08-07 08:04:00,88.0089,52.3787,2.5693
2026-08-07 08:05:00,87.8700,52.6419,2.4257
2026-08-07 08:06:00,88.2834,52.3890,2.3924
2026-08-07 08:07:00,87.9269,54.2318,2.3084
2026-08-07 08:08:00,87.5307,51.4567,2.4630
2026-08-07 08:09:00,87.4671,54.0077,2.5112
2026-08-07 08:10:00,87.4437,52.6726,2.4375
2026-08-07 08:11:00,88.1374,52.9117,2.3223
2026-08-07 08:12:00,87.5964,52.6906,2.5859
2026-08-07 08:13:00,88.0212,53.1483,2.1895
2026-08-07 08:14:00,87.9610,52.3659,2.4803
2026-08-07 08:15:00,87.8890,53.7891,2.4069
2026-08-07 08:16:00,88.0279,53.8136,2.4248
2026-08-07 08:17:00,87.9313,52.1393,2.2922
2026-08-07 08:18:00,87.0579,53.4511,2.3486
2026-08-07 08:19:00,87.7603,52.6225,2.3862
2026-08-07 08:20:00,87.9711,52.9391,2.3414
2026-08-07 08:21:00,88.3213,54.1075,2.1639
2026-08-07 08:22:00,88.3205,52.3372,2.5079
2026-08-07 08:23:00,87.3904,53.6063,2.3951
2026-08-07 08:24:00,87.6789,53.2189,2.3271
2026-08-07 08:25:00,87.2980,52.6856,2.3273
2026-08-07 08:26:00,88.2074,53.1218,2.4796
2026-08-07 08:27:00,88.0385,53.0133,2.2309
2026-08-07 08:28:00,87.8226,51.8741,2.2024
2026-08-07 08:29:00,87.7496,52.3010,2.3785
2026-08-07 08:30:00,88.0960,51.9354,2.3341
2026-08-07 08:31:00,88.0269,52.5351,2.1814
2026-08-07 08:32:00,87.9922,53.8167,2.3859
2026-08-07 08:33:00,87.7627,53.1893,2.3014
2026-08-07 08:34:00,87.5015,51.5617,2.1771
2026-08-07 08:35:00,87.8167,52.4719,2.3110
2026-08-07 08:36:00,87.8112,52.8599,2.2914
2026-08-07 08:37:00,87.4888,53.2502,2.2440
2026-08-07 08:38:00,87.4198,52.1158,2.2868
2026-08-07 08:39:00,87.8441,51.6275,2.3068
2026-08-07 08:40:00,87.9819,52.5530,2.3316
2026-08-07 08:41:00,87.2361,53.0334,2.2471
2026-08-07 08:42:00,87.3599,52.7458,2.2056
2026-08-07 08:43:00,87.5219,51.8294,2.2531
2026-08-07 08:44:00,87.5400,53.9197,2.3450
2026-08-07 08:45:00,87.2144,52.4154,2.2858
2026-08-07 08:46:00,87.9130,52.6273,2.1873
2026-08-07 08:47:00,87.4512,51.9204,2.2228
2026-08-07 08:48:00,87.4603,53.3123,2.3812
2026-08-07 08:49:00,87.8047,52.8612,2.2873
2026-08-07 08:50:00,87.1181,52.6318,2.2254
2026-08-07 08:51:00,87.2020,51.4346,2.3223
2026-08-07 08:52:00,86.8279,53.2067,2.1522
2026-08-07 08:53:00,87.1274,52.9120,2.2379
2026-08-07 08:54:00,86.7074,53.0932,2.3913
2026-08-07 08:55:00,87.3532,52.2851,2.2679
2026-08-07 08:56:00,87.2294,52.1695,2.3637
2026-08-07 08:57:00,86.9947,52.0573,2.1925
2026-08-07 08:58:00,87.0219,53.9993,2.1528
2026-08-07 08:59:00,87.2545,51.7149,2.3161
2026-08-07 09:00:00,86.6593,51.1723,2.0172
2026-08-07 09:01:00,87.0350,51.7948,2.2181
2026-08-07 09:02:00,87.1572,51.6386,2.3035
2026-08-07 09:03:00,86.3861,53.0443,2.2572
2026-08-07 09:04:00,87.0996,50.9226,1.9914
2026-08-07 09:05:00,86.3651,51.5290,2.0680
2026-08-07 09:06:00,86.8052,52.1008,2.1923
2026-08-07 09:07:00,86.4644,52.9330,2.2525
2026-08-07 09:08:00,87.2157,52.4585,2.2580
2026-08-07 09:09:00,86.4120,53.1525,2.2077
2026-08-07 09:10:00,86.2369,52.1029,2.2832
2026-08-07 09:11:00,86.7446,51.6321,2.2560
2026-08-07 09:12:00,86.5531,52.4478,2.2018
2026-08-07 09:13:00,86.1983,50.6377,2.2710
2026-08-07 09:14:00,86.7800,50.3313,2.1552
2026-08-07 09:15:00,85.9972,52.4477,2.2865
2026-08-07 09:16:00,86.2562,51.8024,2.1412
2026-08-07 09:17:00,86.3669,52.3720,2.2780
2026-08-07 09:18:00,86.7525,50.8856,2.2790
2026-08-07 09:19:00,86.8729,52.5617,2.2065
2026-08-07 09:20:00,86.7874,52.0363,2.3037
2026-08-07 09:21:00,86.3830,51.4410,2.3985
2026-08-07 09:22:00,85.6732,51.5974,2.1464
2026-08-07 09:23:00,86.4910,51.6744,2.3482
2026-08-07 09:24:00,86.7874,50.6766,2.3659
2026-08-07 09:25:00,86.6888,51.0189,2.2413
2026-08-07 09:26:00,86.4301,51.5564,2.3469
2026-08-07 09:27:00,85.9069,50.9159,2.2464
2026-08-07 09:28:00,86.0788,50.0447,2.4027
2026-08-07 09:29:00,86.7892,51.4201,2.0085
2026-08-07 09:30:00,85.7568,51.8169,2.4324
2026-08-07 09:31:00,85.8104,51.9665,2.1823
2026-08-07 09:32:00,86.4104,51.5010,2.3083
2026-08-07 09:33:00,85.9713,51.6930,2.2238
2026-08-07 09:34:00,85.7193,51.7914,2.4609
2026-08-07 09:35:00,86.5055,51.0280,2.2945
2026-08-07 09:36:00,86.1588,49.2319,2.2695
2026-08-07 09:37:00,85.8794,51.8174,2.4421
2026-08-07 09:38:00,85.6238,50.1374,2.4098
2026-08-07 09:39:00,86.5555,49.9096,2.3099
2026-08-07 09:40:00,85.9079,49.8937,2.2509
2026-08-07 09:41:00,86.3085,52.7261,2.2442
2026-08-07 09:42:00,86.1316,51.0528,2.4913
2026-08-07 09:43:00,85.6816,49.8288,2.4127
2026-08-07 09:44:00,85.6585,50.0770,2.3953
2026-08-07 09:45:00,86.2210,50.5847,2.4344
2026-08-07 09:46:00,86.2008,50.9806,2.1976
2026-08-07 09:47:00,85.1740,50.7315,2.3674
2026-08-07 09:48:00,85.8773,49.7264,2.3775
2026-08-07 09:49:00,85.6515,50.6842,2.5129
2026-08-07 09:50:00,85.3536,49.9026,2.2754
2026-08-07 09:51:00,85.7180,51.1901,2.5353
2026-08-07 09:52:00,85.2107,50.3586,2.6171
2026-08-07 09:53:00,85.4520,49.6670,2.2734
2026-08-07 09:54:00,85.3289,50.7865,2.4547
2026-08-07 09:55:00,85.3954,50.5028,2.5108
2026-08-07 09:56:00,85.5009,49.7771,2.5559
2026-08-07 09:57:00,85.1950,50.7019,2.2600
2026-08-07 09:58:00,85.9491,50.5818,2.5181
2026-08-07 09:59:00,85.6029,51.0007,2.4703
2026-08-07 10:00:00,85.9714,50.5681,2.4717
2026-08-07 10:01:00,85.3633,49.7896,2.7148
2026-08-07 10:02:00,85.2253,48.5690,2.4941
2026-08-07 10:03:00,85.8963,50.0315,2.5685
2026-08-07 10:04:00,85.1745,50.1164,2.5193
2026-08-07 10:05:00,85.2738,49.8447,2.5633
2026-08-07 10:06:00,85.5230,47.3559,2.6022
2026-08-07 10:07:00,84.9157,50.2686,2.6440
2026-08-07 10:08:00,85.4807,48.9568,2.4847
2026-08-07 10:09:00,85.4229,50.1960,2.5853
2026-08-07 10:10:00,85.6096,50.9690,2.5964
2026-08-07 10:11:00,85.4770,49.3673,2.4204
2026-08-07 10:12:00,85.5814,49.8815,2.4973
2026-08-07 10:13:00,85.1401,49.5182,2.6892
2026-08-07 10:14:00,84.8966,49.8738,2.5613
2026-08-07 10:15:00,85.7708,49.4975,2.8760
2026-08-07 10:16:00,84.6626,48.9627,2.7183
2026-08-07 10:17:00,84.6757,48.6140,2.6743
2026-08-07 10:18:00,85.2566,50.5720,2.7872
2026-08-07 10:19:00,85.5583,49.6124,2.7204
2026-08-07 10:20:00,85.1117,49.8880,2.6684
2026-08-07 10:21:00,85.3391,49.5049,2.5153
2026-08-07 10:22:00,84.4253,49.9286,2.7299
2026-08-07 10:23:00,84.8592,48.3936,2.8096
2026-08-07 10:24:00,84.4323,49.1395,2.6170
2026-08-07 10:25:00,85.2144,49.4401,2.5000
2026-08-07 10:26:00,84.5022,50.0327,2.5819
2026-08-07 10:27:00,84.5695,51.1001,2.8707
2026-08-07 10:28:00,85.0938,49.2509,2.7088
2026-08-07 10:29:00,85.2453,48.3594,2.8525
2026-08-07 10:30:00,84.8665,47.8954,2.7140
2026-08-07 10:31:00,85.0731,48.0919,2.6680
2026-08-07 10:32:00,85.0516,48.1605,2.9364
2026-08-07 10:33:00,84.8141,46.4232,2.6910
2026-08-07 10:34:00,84.5392,48.1679,2.7082
2026-08-07 10:35:00,85.0264,49.2465,2.7841
2026-08-07 10:36:00,85.0304,48.6983,2.7137
2026-08-07 10:37:00,85.1046,48.3963,2.8251
2026-08-07 10:38:00,84.9203,47.2710,2.7962
2026-08-07 10:39:00,84.4668,49.3745,2.8043
2026-08-07 10:40:00,85.0155,48.9095,2.6981
2026-08-07 10:41:00,84.7993,48.4558,2.5974
2026-08-07 10:42:00,84.6466,46.6705,2.6841
2026-08-07 10:43:00,84.6951,48.0065,2.6964
2026-08-07 10:44:00,84.5688,48.7131,2.8033
2026-08-07 10:45:00,85.0353,48.3104,2.6957
2026-08-07 10:46:00,84.3363,48.4543,2.6335
2026-08-07 10:47:00,84.4571,48.8169,2.6681
2026-08-07 10:48:00,84.6504,48.3604,2.8241
2026-08-07 10:49:00,85.2273,48.7248,2.8564
2026-08-07 10:50:00,85.0539,47.4989,2.7391
2026-08-07 10:51:00,84.2402,47.1645,2.7517
2026-08-07 10:52:00,85.1330,48.4939,2.8548
2026-08-07 10:53:00,85.1279,48.6276,2.8115
2026-08-07 10:54:00,84.3668,48.4668,2.9149
2026-08-07 10:55:00,83.9587,48.1272,2.7817
2026-08-07 10:56:00,84.6900,47.7334,2.7152
2026-08-07 10:57:00,85.0452,48.1324,2.9077
2026-08-07 10:58:00,85.1830,48.2384,2.7685
2026-08-07 10:59:00,84.4419,48.2581,2.7210
2026-08-07 11:00:00,85.2266,49.9644,2.8893
2026-08-07 11:01:00,84.0307,47.1145,2.9448
2026-08-07 11:02:00,84.5871,50.4047,2.8179
2026-08-07 11:03:00,84.5711,46.7916,2.6986
2026-08-07 11:04:00,85.0411,48.0791,2.9518
2026-08-07 11:05:00,85.0843,46.7886,2.8351
2026-08-07 11:06:00,84.9807,47.9638,2.8183
2026-08-07 11:07:00,84.2893,48.4792,2.7546
2026-08-07 11:08:00,84.9535,47.6946,2.9064
2026-08-07 11:09:00,84.8480,48.4225,2.6809
2026-08-07 11:10:00,84.1948,47.2810,2.6694
2026-08-07 11:11:00,84.0772,45.9563,2.9771
2026-08-07 11:12:00,85.0102,48.0743,2.6991
2026-08-07 11:13:00,84.6464,47.5746,2.8788
2026-08-07 11:14:00,84.3169,47.1439,2.9179
2026-08-07 11:15:00,84.6423,47.1771,2.7982
2026-08-07 11:16:00,84.8164,47.8093,2.6860
2026-08-07 11:17:00,84.6851,46.8112,2.8338
2026-08-07 11:18:00,84.2474,47.7423,2.9065
2026-08-07 11:19:00,85.2820,48.3727,2.7979
2026-08-07 11:20:00,85.0211,49.0500,2.6852
2026-08-07 11:21:00,84.6230,48.5061,2.7864
2026-08-07 11:22:00,84.6391,47.4929,2.6131
2026-08-07 11:23:00,84.8397,47.5512,2.6499
2026-08-07 11:24:00,84.3975,47.0068,2.7168
2026-08-07 11:25:00,84.8378,46.9369,2.7442
2026-08-07 11:26:00,84.3467,47.9899,2.6129
2026-08-07 11:27:00,84.7299,47.0296,2.7531
2026-08-07 11:28:00,84.4058,47.5522,2.7751
2026-08-07 11:29:00,84.4265,46.4736,2.6961
2026-08-07 11:30:00,85.2614,48.3246,2.4963
2026-08-07 11:31:00,84.7913,46.9556,2.7170
2026-08-07 11:32:00,84.8419,48.0696,2.8822
2026-08-07 11:33:00,84.1825,46.6224,2.7406
2026-08-07 11:34:00,84.6132,46.5667,2.6904
2026-08-07 11:35:00,84.9373,48.2216,2.6454
2026-08-07 11:36:00,84.8640,46.6460,2.7340
2026-08-07 11:37:00,84.1664,45.8806,2.6908
2026-08-07 11:38:00,84.8818,46.2916,2.7341
2026-08-07 11:39:00,84.9369,47.7980,2.5471
2026-08-07 11:40:00,85.2194,47.7107,2.6621
2026-08-07 11:41:00,84.6452,46.4823,2.5970
2026-08-07 11:42:00,84.1767,46.5775,2.6734
2026-08-07 11:43:00,84.5580,47.6124,2.4346
2026-08-07 11:44:00,84.5358,48.1183,2.5827
2026-08-07 11:45:00,85.0938,47.0026,2.6691
2026-08-07 11:46:00,84.0658,47.4936,2.6779
2026-08-07 11:47:00,84.7545,47.7421,2.5971
2026-08-07 11:48:00,85.3249,48.7593,2.3767
2026-08-07 11:49:00,84.9076,46.1065,2.6493
2026-08-07 11:50:00,85.1827,46.4907,2.7361
2026-08-07 11:51:00,84.4297,46.6156,2.4862
2026-08-07 11:52:00,84.4502,47.6785,2.5198
2026-08-07 11:53:00,85.3705,46.8111,2.6353
2026-08-07 11:54:00,84.9782,47.2590,2.6303
2026-08-07 11:55:00,84.9875,47.1039,2.6489
2026-08-07 11:56:00,84.6297,47.0055,2.6328
2026-08-07 11:57:00,85.0041,47.0882,2.3703
2026-08-07 11:58:00,84.6388,47.8249,2.4678
2026-08-07 11:59:00,85.3473,46.2238,2.5705
2026-08-07 12:00:00,85.8183,46.8812,2.4914
2026-08-07 12:01:00,85.1539,46.0280,2.5287
2026-08-07 12:02:00,84.8270,47.1823,2.4713
2026-08-07 12:03:00,84.2661,46.8459,2.4329
2026-08-07 12:04:00,84.5295,47.8595,2.4445
2026-08-07 12:05:00,85.5100,47.0026,2.3487
2026-08-07 12:06:00,84.7434,46.6542,2.3807
2026-08-07 12:07:00,84.9495,46.8152,2.4386
2026-08-07 12:08:00,85.2658,48.3952,2.4328
2026-08-07 12:09:00,85.5224,45.7647,2.4867
2026-08-07 12:10:00,85.0263,46.5237,2.3938
2026-08-07 12:11:00,84.9731,47.0599,2.5824
2026-08-07 12:12:00,85.1243,46.5278,2.5303
2026-08-07 12:13:00,84.9227,47.4359,2.3496
2026-08-07 12:14:00,84.9470,47.0050,2.4123
2026-08-07 12:15:00,85.2507,47.2624,2.5065
2026-08-07 12:16:00,85.1907,47.1598,2.3139
2026-08-07 12:17:00,85.7824,46.9915,2.2961
2026-08-07 12:18:00,85.2823,46.0502,2.4937
2026-08-07 12:19:00,85.5036,47.2332,2.4260
2026-08-07 12:20:00,84.8443,45.6915,2.4574
2026-08-07 12:21:00,85.3306,46.5751,2.3748
2026-08-07 12:22:00,84.9634,47.5149,2.3111
2026-08-07 12:23:00,85.3060,48.0867,2.1959
2026-08-07 12:24:00,85.4008,49.0264,2.3373
2026-08-07 12:25:00,85.2160,46.8166,2.4406
2026-08-07 12:26:00,85.9299,46.4800,2.4356
2026-08-07 12:27:00,85.6425,47.6033,2.4122
2026-08-07 12:28:00,85.5735,48.6952,2.3780
2026-08-07 12:29:00,85.4557,48.4398,2.5146
2026-08-07 12:30:00,85.7614,46.4003,2.1327
2026-08-07 12:31:00,84.8070,47.1312,2.3055
2026-08-07 12:32:00,85.6547,47.9397,2.1834
2026-08-07 12:33:00,84.9516,48.0113,2.4271
2026-08-07 12:34:00,85.0847,47.7657,2.2116
2026-08-07 12:35:00,85.4274,46.9504,2.3628
2026-08-07 12:36:00,85.6336,47.7934,2.2124
2026-08-07 12:37:00,84.9220,48.0885,2.2948
2026-08-07 12:38:00,85.1186,46.6179,2.2375
2026-08-07 12:39:00,85.3056,48.4467,2.2428
2026-08-07 12:40:00,85.2242,48.1955,2.2736
2026-08-07 12:41:00,85.5399,46.8282,2.3283
2026-08-07 12:42:00,86.3177,48.1820,2.2218
2026-08-07 12:43:00,85.4158,48.1133,2.3184
2026-08-07 12:44:00,85.0722,48.1649,2.3297
2026-08-07 12:45:00,84.9063,48.7664,2.1811
2026-08-07 12:46:00,85.2000,47.5193,2.4084
2026-08-07 12:47:00,85.0175,47.8153,2.2917
2026-08-07 12:48:00,85.4415,45.4620,2.1715
2026-08-07 12:49:00,85.4383,48.4889,2.2738
2026-08-07 12:50:00,85.1649,48.4356,2.3141
2026-08-07 12:51:00,85.9002,48.7289,2.2673
2026-08-07 12:52:00,85.0846,46.9192,2.2267
2026-08-07 12:53:00,85.2697,48.4631,1.8599
2026-08-07 12:54:00,85.4973,48.5338,2.1070
2026-08-07 12:55:00,85.5728,47.2237,2.2704
2026-08-07 12:56:00,85.6879,48.6153,2.1029
2026-08-07 12:57:00,85.4322,48.1675,2.2523
2026-08-07 12:58:00,85.6177,46.4655,2.2889
2026-08-07 12:59:00,85.1014,48.3187,2.1888
2026-08-07 13:00:00,85.5745,47.2649,2.0235
2026-08-07 13:01:00,85.5683,46.5659,2.1264
2026-08-07 13:02:00,85.7482,48.2282,2.2689
2026-08-07 13:03:00,84.7910,47.9113,2.3266
2026-08-07 13:04:00,85.0162,49.1157,1.9935
2026-08-07 13:05:00,85.5318,48.1673,2.2106
2026-08-07 13:06:00,84.4856,48.6745,2.0569
2026-08-07 13:07:00,85.4245,48.4887,2.2141
2026-08-07 13:08:00,85.5903,48.9288,2.1909
2026-08-07 13:09:00,85.0946,47.4336,2.4443
2026-08-07 13:10:00,85.1333,48.3325,2.1563
2026-08-07 13:11:00,84.9346,48.0924,2.3172
2026-08-07 13:12:00,85.0946,48.7596,2.3156
2026-08-07 13:13:00,85.0970,48.4732,2.1977
2026-08-07 13:14:00,85.0334,47.8096,2.2318
2026-08-07 13:15:00,85.0101,48.0629,2.2229
2026-08-07 13:16:00,85.1428,49.6849,2.1516
2026-08-07 13:17:00,85.1316,47.0437,2.1462
2026-08-07 13:18:00,85.7708,49.0000,2.1917
2026-08-07 13:19:00,85.0820,49.4593,2.1225
2026-08-07 13:20:00,85.2949,48.9631,2.1902
2026-08-07 13:21:00,85.0096,50.1109,2.2247
2026-08-07 13:22:00,84.9964,49.3193,2.2646
2026-08-07 13:23:00,84.6523,48.9105,2.2971
2026-08-07 13:24:00,84.6821,48.2646,2.2377
2026-08-07 13:25:00,84.7810,48.9953,2.1851
2026-08-07 13:26:00,85.1875,49.2538,2.3094
2026-08-07 13:27:00,85.4441,48.7468,2.3510
2026-08-07 13:28:00,84.5738,48.1855,2.2285
2026-08-07 13:29:00,84.9332,47.8524,2.1841
2026-08-07 13:30:00,84.6757,49.0003,2.2432
2026-08-07 13:31:00,84.9940,47.7041,2.2753
2026-08-07 13:32:00,85.3831,48.5477,2.4138
2026-08-07 13:33:00,84.9131,47.0163,2.3745
2026-08-07 13:34:00,85.0194,49.6650,2.3109
2026-08-07 13:35:00,85.4563,49.9589,2.5074
2026-08-07 13:36:00,85.1429,49.1361,2.3202
2026-08-07 13:37:00,84.7629,50.5755,2.4715
2026-08-07 13:38:00,85.0237,50.2259,2.4587
2026-08-07 13:39:00,84.7125,49.5695,2.4583
2026-08-07 13:40:00,85.0713,49.1330,2.3821
2026-08-07 13:41:00,85.0838,48.9820,2.3685
2026-08-07 13:42:00,84.5028,49.7497,2.3643
2026-08-07 13:43:00,84.9489,49.2249,2.4559
2026-08-07 13:44:00,84.8442,49.8148,2.2990
2026-08-07 13:45:00,85.0256,49.9127,2.3589
2026-08-07 13:46:00,85.0940,49.2696,2.5592
2026-08-07 13:47:00,84.9700,50.3686,2.4622
2026-08-07 13:48:00,84.7176,49.3479,2.5027
2026-08-07 13:49:00,85.0700,49.5866,2.2927
2026-08-07 13:50:00,84.5093,48.8264,2.3791
2026-08-07 13:51:00,84.3560,49.4309,2.4633
2026-08-07 13:52:00,83.7741,51.4130,2.4335
2026-08-07 13:53:00,84.6919,49.0052,2.3228
2026-08-07 13:54:00,84.4465,50.1148,2.5290
2026-08-07 13:55:00,84.7920,49.4402,2.5686
2026-08-07 13:56:00,84.0607,48.0719,2.4401
2026-08-07 13:57:00,84.4371,50.3294,2.5560
2026-08-07 13:58:00,84.7512,49.4766,2.6872
2026-08-07 13:59:00,84.2797,50.2160,2.6447
2026-08-07 14:00:00,84.6898,50.7918,2.4759
2026-08-07 14:01:00,84.3779,50.2269,2.3975
2026-08-07 14:02:00,84.5130,50.3412,2.5387
2026-08-07 14:03:00,84.6789,49.4234,2.7582
2026-08-07 14:04:00,84.7635,50.7225,2.6652
2026-08-07 14:05:00,84.4825,50.0445,2.5385
2026-08-07 14:06:00,84.1873,48.6366,2.7032
2026-08-07 14:07:00,84.2707,50.9363,2.6715
2026-08-07 14:08:00,84.5755,51.2200,2.3724
2026-08-07 14:09:00,84.0542,51.5375,2.6762
2026-08-07 14:10:00,84.2830,52.1282,2.5895
2026-08-07 14:11:00,84.1964,51.0493,2.4985
2026-08-07 14:12:00,84.2566,50.8805,2.6018
2026-08-07 14:13:00,83.9601,51.3813,2.6416
2026-08-07 14:14:00,83.6824,49.8371,2.5281
2026-08-07 14:15:00,84.3691,49.2477,2.6028
2026-08-07 14:16:00,84.4769,50.2421,2.5889
2026-08-07 14:17:00,83.6245,51.6839,2.7087
2026-08-07 14:18:00,84.2472,50.1715,2.6061
2026-08-07 14:19:00,84.4357,51.1109,2.4732
2026-08-07 14:20:00,84.2636,51.2351,2.6053
2026-08-07 14:21:00,83.9337,51.0097,2.5621
2026-08-07 14:22:00,83.7494,49.8299,2.5340
2026-08-07 14:23:00,84.0304,51.1638,2.7880
2026-08-07 14:24:00,84.0539,50.5898,2.7567
2026-08-07 14:25:00,83.9817,52.3266,2.5859
2026-08-07 14:26:00,83.8721,51.9109,2.5619
2026-08-07 14:27:00,83.5745,50.7293,2.6846
2026-08-07 14:28:00,83.9992,52.4877,2.5684
2026-08-07 14:29:00,83.9866,51.3866,2.6823
2026-08-07 14:30:00,83.8784,49.8107,2.7192
2026-08-07 14:31:00,83.8242,51.1216,2.7481
2026-08-07 14:32:00,84.2674,52.5284,2.7570
2026-08-07 14:33:00,83.5489,50.6001,2.6500
2026-08-07 14:34:00,84.0932,51.2369,2.7402
2026-08-07 14:35:00,83.4611,50.2390,2.8661
2026-08-07 14:36:00,83.9865,50.4011,2.5330
2026-08-07 14:37:00,83.9963,50.7295,2.7798
2026-08-07 14:38:00,83.5107,50.4496,2.6338
2026-08-07 14:39:00,84.0693,50.9712,2.8962
2026-08-07 14:40:00,83.6841,52.8906,2.8415
2026-08-07 14:41:00,83.2526,51.5050,2.8422
2026-08-07 14:42:00,83.3759,52.1959,2.6820
2026-08-07 14:43:00,83.8004,52.4741,2.7972
2026-08-07 14:44:00,83.7098,50.7472,2.8116
2026-08-07 14:45:00,83.0879,51.0015,2.5400
2026-08-07 14:46:00,83.3360,52.3119,2.7947
2026-08-07 14:47:00,83.4113,51.2240,2.8441
2026-08-07 14:48:00,83.1705,52.3230,2.6439
2026-08-07 14:49:00,84.0028,53.1368,2.8478
2026-08-07 14:50:00,83.3382,50.6620,2.7997
2026-08-07 14:51:00,83.2223,51.5717,2.9298
2026-08-07 14:52:00,83.5709,51.7293,2.7521
2026-08-07 14:53:00,83.0770,51.4972,2.8127
2026-08-07 14:54:00,83.4618,51.4620,2.8304
2026-08-07 14:55:00,82.6323,51.5843,2.5167
2026-08-07 14:56:00,82.9698,51.9952,2.7629
2026-08-07 14:57:00,83.3939,52.1683,2.8077
2026-08-07 14:58:00,83.5237,52.8278,2.5639
2026-08-07 14:59:00,82.7943,52.0733,2.8673
2026-08-07 15:00:00,82.7331,53.0159,2.8086
2026-08-07 15:01:00,83.1441,51.6755,2.8079
2026-08-07 15:02:00,82.7610,51.2150,2.8717
2026-08-07 15:03:00,82.8416,51.9592,2.7580
2026-08-07 15:04:00,83.1595,52.5994,2.8027
2026-08-07 15:05:00,82.7079,52.9439,2.8839
2026-08-07 15:06:00,82.2563,53.4494,2.8019
2026-08-07 15:07:00,82.4306,52.5387,2.6106
2026-08-07 15:08:00,82.7991,52.9339,2.7986
2026-08-07 15:09:00,82.2125,53.4510,2.7981
2026-08-07 15:10:00,82.6580,51.7567,2.8798
2026-08-07 15:11:00,82.3054,52.2356,2.7533
2026-08-07 15:12:00,83.1911,54.6438,2.6875
2026-08-07 15:13:00,83.3250,53.1350,2.6853
2026-08-07 15:14:00,82.3346,52.8809,2.9243
2026-08-07 15:15:00,82.7059,53.2094,2.8061
2026-08-07 15:16:00,82.3179,51.4475,2.9132
2026-08-07 15:17:00,82.4906,52.0197,2.9244
2026-08-07 15:18:00,83.1021,51.7481,2.6929
2026-08-07 15:19:00,82.3991,52.9131,2.6816
2026-08-07 15:20:00,82.4315,52.3029,2.7470
2026-08-07 15:21:00,82.2132,52.6938,2.8172
2026-08-07 15:22:00,82.8187,52.3876,2.6114
2026-08-07 15:23:00,81.4751,51.3538,2.7927
2026-08-07 15:24:00,82.3008,53.3810,2.7831
2026-08-07 15:25:00,82.3997,51.2809,2.6255
2026-08-07 15:26:00,82.1954,52.1256,2.6241
2026-08-07 15:27:00,82.6333,51.6721,2.7726
2026-08-07 15:28:00,82.7158,52.0368,2.9302
2026-08-07 15:29:00,81.9129,52.9179,2.6881
2026-08-07 15:30:00,82.9462,53.7597,2.7451
2026-08-07 15:31:00,81.8732,51.5376,2.6460
2026-08-07 15:32:00,82.6692,52.3550,2.7244
2026-08-07 15:33:00,82.3104,51.4153,2.6323
2026-08-07 15:34:00,82.0975,52.3436,2.6629
2026-08-07 15:35:00,82.1094,52.8983,2.9275
2026-08-07 15:36:00,82.2062,53.4668,2.6870
2026-08-07 15:37:00,82.2632,51.1702,2.5135
2026-08-07 15:38:00,81.9094,53.3169,2.7277
2026-08-07 15:39:00,82.1006,52.1093,2.7697
2026-08-07 15:40:00,81.9252,51.9248,2.7176
2026-08-07 15:41:00,81.7781,52.9617,2.6255
2026-08-07 15:42:00,81.8839,53.4188,2.5445
2026-08-07 15:43:00,81.7712,52.8457,2.5399
2026-08-07 15:44:00,81.9776,52.0599,2.6030
2026-08-07 15:45:00,82.2213,52.8616,2.5781
2026-08-07 15:46:00,82.1162,52.3696,2.5517
2026-08-07 15:47:00,82.6612,53.4399,2.7217
2026-08-07 15:48:00,81.3951,53.8234,2.6848
2026-08-07 15:49:00,82.1888,53.7781,2.7119
2026-08-07 15:50:00,82.0402,52.9585,2.4988
2026-08-07 15:51:00,82.2738,53.8773,2.4780
2026-08-07 15:52:00,82.2353,52.1668,2.5701
2026-08-07 15:53:00,81.9627,54.4137,2.5962
2026-08-07 15:54:00,82.0563,52.1695,2.5541
2026-08-07 15:55:00,81.7740,51.3695,2.5738
2026-08-07 15:56:00,82.1747,54.0882,2.6899
2026-08-07 15:57:00,81.4207,52.4296,2.5017
2026-08-07 15:58:00,82.2117,53.0924,2.5964
2026-08-07 15:59:00,81.9666,52.1751,2.5596
2026-08-07 16:00:00,81.8228,54.8909,2.5095
2026-08-07 16:01:00,81.8951,54.4572,2.5683
2026-08-07 16:02:00,81.9135,54.2362,2.4075
2026-08-07 16:03:00,82.3474,53.0684,2.3796
2026-08-07 16:04:00,82.9258,53.7804,2.5119
2026-08-07 16:05:00,82.3197,52.9511,2.2970
2026-08-07 16:06:00,81.7827,53.8885,2.5042
2026-08-07 16:07:00,82.1404,52.6589,2.3325
2026-08-07 16:08:00,82.1531,54.2513,2.5894
2026-08-07 16:09:00,81.6738,52.6105,2.3903
2026-08-07 16:10:00,81.5739,52.6965,2.5677
2026-08-07 16:11:00,81.9345,52.5957,2.3937
2026-08-07 16:12:00,82.1977,53.1170,2.3819
2026-08-07 16:13:00,81.4743,52.6461,2.4864
2026-08-07 16:14:00,81.7446,53.3396,2.4218
2026-08-07 16:15:00,82.1362,52.5576,2.3785
2026-08-07 16:16:00,81.9811,53.5671,2.3376
2026-08-07 16:17:00,82.3981,54.1407,2.3314
2026-08-07 16:18:00,81.5551,52.9791,2.5996
2026-08-07 16:19:00,82.6900,54.6824,2.1893
2026-08-07 16:20:00,81.5293,53.7998,2.2297
2026-08-07 16:21:00,81.3889,54.5980,2.4609
2026-08-07 16:22:00,81.9875,52.8275,2.4468
2026-08-07 16:23:00,81.6729,51.5359,2.2378
2026-08-07 16:24:00,82.0103,52.2883,2.1484
2026-08-07 16:25:00,82.0090,52.3575,2.4446
2026-08-07 16:26:00,81.9822,52.0655,2.2065
2026-08-07 16:27:00,81.7986,51.0579,2.2561
2026-08-07 16:28:00,82.1920,53.6205,2.3089
2026-08-07 16:29:00,81.9785,51.2984,2.1862
2026-08-07 16:30:00,82.4169,53.5147,2.3803
2026-08-07 16:31:00,82.0443,54.5048,2.2845
2026-08-07 16:32:00,81.8222,52.1180,2.1889
2026-08-07 16:33:00,81.6190,53.0345,2.1925
2026-08-07 16:34:00,82.0880,52.3889,2.3966
2026-08-07 16:35:00,81.7738,53.3523,2.2341
2026-08-07 16:36:00,81.7650,51.7175,2.3187
2026-08-07 16:37:00,82.3442,52.5495,2.2518
2026-08-07 16:38:00,81.6692,53.5334,2.0729
2026-08-07 16:39:00,82.6432,52.5784,2.3189
2026-08-07 16:40:00,82.2851,51.2952,2.3476
2026-08-07 16:41:00,82.2422,53.5715,2.4206
2026-08-07 16:42:00,81.9637,51.5211,2.0426
2026-08-07 16:43:00,82.5227,52.6002,1.9134
2026-08-07 16:44:00,82.3124,52.9821,2.2898
2026-08-07 16:45:00,82.1278,52.5903,2.1629
2026-08-07 16:46:00,82.4144,54.5023,2.0769
2026-08-07 16:47:00,81.8711,53.0370,2.2280
2026-08-07 16:48:00,81.9072,52.2652,2.1698
2026-08-07 16:49:00,82.0843,52.8859,2.0847
2026-08-07 16:50:00,82.5482,52.5480,2.2019
2026-08-07 16:51:00,82.4658,52.3914,2.2649
2026-08-07 16:52:00,82.8055,52.5265,2.2240
2026-08-07 16:53:00,82.2394,51.9593,2.2233
2026-08-07 16:54:00,82.7128,52.4515,2.2480
2026-08-07 16:55:00,82.5318,51.8511,2.0334
2026-08-07 16:56:00,82.3091,50.7125,2.1965
2026-08-07 16:57:00,82.7341,53.1151,2.2249
2026-08-07 16:58:00,82.6257,51.7238,2.1626
2026-08-07 16:59:00,82.4843,52.2620,2.1172
2026-08-07 17:00:00,82.7136,51.5130,2.1254
2026-08-07 17:01:00,82.6905,51.5092,2.1708
2026-08-07 17:02:00,82.7122,51.2339,2.2918
2026-08-07 17:03:00,82.6639,52.7950,2.3536
2026-08-07 17:04:00,82.4260,52.9592,2.3340
2026-08-07 17:05:00,82.8702,51.9988,2.0465
2026-08-07 17:06:00,82.6377,51.5190,2.1098
2026-08-07 17:07:00,82.6036,50.5639,2.2708
2026-08-07 17:08:00,82.8690,52.5243,2.3366
2026-08-07 17:09:00,83.1935,51.3160,2.1116
2026-08-07 17:10:00,83.0614,50.9325,2.2285
2026-08-07 17:11:00,82.8792,51.8184,2.0992
2026-08-07 17:12:00,82.9004,51.4961,2.2423
2026-08-07 17:13:00,83.2962,50.5170,2.1529
2026-08-07 17:14:00,82.4205,50.5946,2.2382
2026-08-07 17:15:00,83.4132,51.9359,2.1017
2026-08-07 17:16:00,82.6466,51.1094,2.0625
2026-08-07 17:17:00,82.8194,52.0091,2.5391
2026-08-07 17:18:00,83.1253,51.6847,2.2396
2026-08-07 17:19:00,83.9665,52.3719,2.4498
2026-08-07 17:20:00,83.8550,50.8343,2.3911
2026-08-07 17:21:00,83.6004,51.6520,2.0806
2026-08-07 17:22:00,83.5323,51.9421,2.2846
2026-08-07 17:23:00,82.9040,50.8959,2.1233
2026-08-07 17:24:00,83.5473,52.2637,2.2277
2026-08-07 17:25:00,83.3735,49.9938,2.0735
2026-08-07 17:26:00,83.3315,50.6252,2.1094
2026-08-07 17:27:00,83.6615,49.8930,2.1864
2026-08-07 17:28:00,83.5125,50.6315,2.2225
2026-08-07 17:29:00,83.9538,51.0606,2.2863
2026-08-07 17:30:00,83.1516,51.8133,2.1842
2026-08-07 17:31:00,83.7945,50.9874,2.3084
2026-08-07 17:32:00,83.5482,50.5988,2.4128
2026-08-07 17:33:00,83.7292,49.7990,2.3326
2026-08-07 17:34:00,83.9839,50.0301,2.3045
2026-08-07 17:35:00,83.5980,51.2125,2.3515
2026-08-07 17:36:00,84.0233,51.6322,2.1802
2026-08-07 17:37:00,83.9515,50.5542,2.4253
2026-08-07 17:38:00,83.8583,51.8209,2.2168
2026-08-07 17:39:00,83.9568,50.0544,2.4984
2026-08-07 17:40:00,84.0933,50.4640,2.4271
2026-08-07 17:41:00,83.9512,50.4935,2.4125
2026-08-07 17:42:00,84.2257,51.9239,2.4238
2026-08-07 17:43:00,84.1824,50.7690,2.3707
2026-08-07 17:44:00,84.1248,49.1850,2.2993
2026-08-07 17:45:00,84.8277,51.3466,2.2910
2026-08-07 17:46:00,84.5180,52.0234,2.5676
2026-08-07 17:47:00,84.3214,50.3083,2.4102
2026-08-07 17:48:00,84.5228,49.7516,2.2958
2026-08-07 17:49:00,84.2140,51.1219,2.4665
2026-08-07 17:50:00,84.4342,51.9630,2.4566
2026-08-07 17:51:00,84.5124,51.0316,2.3970
2026-08-07 17:52:00,84.2777,49.0152,2.3478
2026-08-07 17:53:00,84.8113,50.8783,2.5189
2026-08-07 17:54:00,84.5869,50.5587,2.5477
2026-08-07 17:55:00,84.6754,49.4325,2.4931
2026-08-07 17:56:00,84.6550,51.1881,2.4758
2026-08-07 17:57:00,85.7569,50.4685,2.3982
2026-08-07 17:58:00,84.7140,51.1305,2.5323
2026-08-07 17:59:00,84.3358,49.1901,2.4287
2026-08-07 18:00:00,84.5200,50.3190,2.3728
2026-08-07 18:01:00,85.2714,49.2447,2.6204
2026-08-07 18:02:00,85.4882,50.1196,2.4127
2026-08-07 18:03:00,84.9263,51.0640,2.3338
2026-08-07 18:04:00,85.5581,48.7019,2.6623
2026-08-07 18:05:00,85.4404,48.7086,2.3647
2026-08-07 18:06:00,85.2046,50.5290,2.5080
2026-08-07 18:07:00,85.2268,49.7142,2.4451
2026-08-07 18:08:00,85.4025,50.6234,2.4900
2026-08-07 18:09:00,85.6548,49.0016,2.7924
2026-08-07 18:10:00,85.5540,49.6494,2.5675
2026-08-07 18:11:00,85.2749,50.1200,2.6212
2026-08-07 18:12:00,85.4687,49.6989,2.6718
2026-08-07 18:13:00,86.1582,48.0610,2.5355
2026-08-07 18:14:00,85.6820,51.7114,2.7150
2026-08-07 18:15:00,85.9101,49.5846,2.6524
2026-08-07 18:16:00,85.8538,48.3039,2.6974
2026-08-07 18:17:00,85.8162,49.5893,2.5567
2026-08-07 18:18:00,85.8090,49.6430,2.6806
2026-08-07 18:19:00,86.0877,50.0567,2.6423
2026-08-07 18:20:00,86.0759,49.9653,2.7630
2026-08-07 18:21:00,85.9812,49.0146,2.6027
2026-08-07 18:22:00,85.7354,47.7703,2.8666
2026-08-07 18:23:00,86.1005,49.4795,2.7038
2026-08-07 18:24:00,86.0058,47.7590,2.6638
2026-08-07 18:25:00,85.9743,50.0079,2.6584
2026-08-07 18:26:00,86.9111,48.4124,2.6881
2026-08-07 18:27:00,85.6862,49.4696,2.6320
2026-08-07 18:28:00,86.4756,48.4000,2.7674
2026-08-07 18:29:00,85.9692,48.4947,2.7053
2026-08-07 18:30:00,86.3070,48.2112,2.9065
2026-08-07 18:31:00,87.0776,49.3886,2.6743
2026-08-07 18:32:00,86.0574,48.2827,2.7109
2026-08-07 18:33:00,86.1678,49.3588,2.6847
2026-08-07 18:34:00,86.4183,48.2323,2.9200
2026-08-07 18:35:00,86.2076,48.4880,2.5934
2026-08-07 18:36:00,86.7649,48.6665,2.7521
2026-08-07 18:37:00,86.3770,48.7262,2.7785
2026-08-07 18:38:00,86.7708,47.8292,2.6388
2026-08-07 18:39:00,86.2128,49.0972,3.0201
2026-08-07 18:40:00,86.1062,48.2829,2.6668
2026-08-07 18:41:00,86.6158,48.9012,2.7670
2026-08-07 18:42:00,86.2499,48.4195,2.9357
2026-08-07 18:43:00,87.2115,48.8683,2.7333
2026-08-07 18:44:00,86.3323,48.0370,2.7884
2026-08-07 18:45:00,86.5147,47.7016,2.7427
2026-08-07 18:46:00,86.9846,48.6423,2.7747
2026-08-07 18:47:00,86.7186,47.8736,2.8909
2026-08-07 18:48:00,86.4727,49.4037,2.7432
2026-08-07 18:49:00,87.5734,48.2592,2.5222
2026-08-07 18:50:00,86.6938,47.0748,2.7865
2026-08-07 18:51:00,86.9679,47.6743,2.7980
2026-08-07 18:52:00,86.9960,47.3126,2.8130
2026-08-07 18:53:00,87.3034,48.9400,2.7766
2026-08-07 18:54:00,87.2602,48.6705,2.7101
2026-08-07 18:55:00,86.9042,47.9731,2.7729
2026-08-07 18:56:00,87.0848,48.2247,2.9749
2026-08-07 18:57:00,87.1442,47.8935,2.7949
2026-08-07 18:58:00,87.4664,48.6233,2.8649
2026-08-07 18:59:00,86.9201,48.3225,2.6965
2026-08-07 19:00:00,87.9045,48.4387,2.7709
2026-08-07 19:01:00,87.0993,47.6976,2.6998
2026-08-07 19:02:00,87.3519,47.3186,2.9290
2026-08-07 19:03:00,87.0335,48.3291,2.6435
2026-08-07 19:04:00,87.0186,49.0116,2.8356
2026-08-07 19:05:00,87.1717,48.6293,2.8315
2026-08-07 19:06:00,87.1684,48.9841,2.8239
2026-08-07 19:07:00,87.3604,47.8231,2.5605
2026-08-07 19:08:00,87.2155,46.8926,2.5912
2026-08-07 19:09:00,87.7418,46.9391,2.8034
2026-08-07 19:10:00,87.3218,48.7236,2.6975
2026-08-07 19:11:00,87.3115,46.1067,2.7234
2026-08-07 19:12:00,87.4843,48.7768,2.7429
2026-08-07 19:13:00,87.9220,46.9200,2.6775
2026-08-07 19:14:00,87.7100,49.0663,2.6575
2026-08-07 19:15:00,87.6365,47.4491,2.7772
2026-08-07 19:16:00,87.2569,48.0620,2.5835
2026-08-07 19:17:00,87.3638,49.3709,2.7202
2026-08-07 19:18:00,87.3423,47.1780,2.7006
2026-08-07 19:19:00,88.1367,47.1442,2.7613
2026-08-07 19:20:00,87.9220,46.8461,2.9985
2026-08-07 19:21:00,87.5219,46.5811,2.6576
2026-08-07 19:22:00,87.6282,47.0997,2.7922
2026-08-07 19:23:00,87.5665,46.9012,2.7693
2026-08-07 19:24:00,87.5643,46.3268,2.7987
2026-08-07 19:25:00,87.9836,47.1410,2.7167
2026-08-07 19:26:00,87.7741,47.6521,2.8773
2026-08-07 19:27:00,88.4990,46.5588,2.7967
2026-08-07 19:28:00,88.2635,47.1294,2.7931
2026-08-07 19:29:00,88.2944,48.3688,2.5762
2026-08-07 19:30:00,88.1156,46.0927,2.7218
2026-08-07 19:31:00,87.7995,48.7589,2.6555
2026-08-07 19:32:00,88.1171,46.6600,2.6146
2026-08-07 19:33:00,87.8440,47.3461,2.6322
2026-08-07 19:34:00,88.4481,48.1954,2.6832
2026-08-07 19:35:00,88.0901,48.4267,2.7283
2026-08-07 19:36:00,88.0568,47.5227,2.7745
2026-08-07 19:37:00,88.0249,46.5793,2.7634
2026-08-07 19:38:00,88.5169,46.4973,2.6927
2026-08-07 19:39:00,87.5722,46.6527,2.6623
2026-08-07 19:40:00,88.5608,48.6136,2.6176
2026-08-07 19:41:00,87.9598,46.7858,2.6184
2026-08-07 19:42:00,87.5997,47.3418,2.5582
2026-08-07 19:43:00,87.8011,46.2390,2.5863
2026-08-07 19:44:00,87.5362,46.1405,2.6574
2026-08-07 19:45:00,88.2317,47.0788,2.7688
2026-08-07 19:46:00,87.7277,46.7904,2.5925
2026-08-07 19:47:00,88.0928,46.8420,2.5194
2026-08-07 19:48:00,88.3849,45.8537,2.6896
2026-08-07 19:49:00,87.8449,46.9723,2.3850
2026-08-07 19:50:00,87.9674,48.2651,2.6820
2026-08-07 19:51:00,87.6576,46.3384,2.4267
2026-08-07 19:52:00,87.9323,47.7344,2.6281
2026-08-07 19:53:00,88.8207,44.2411,2.5071
2026-08-07 19:54:00,88.2810,46.3674,2.5790
2026-08-07 19:55:00,87.9668,45.4781,2.7475
2026-08-07 19:56:00,87.8608,47.9931,2.4476
2026-08-07 19:57:00,88.0290,47.7053,2.4235
2026-08-07 19:58:00,88.0778,46.1736,2.5235
2026-08-07 19:59:00,87.9095,47.2317,2.6604
2026-08-07 20:00:00,88.1901,47.9614,2.5179
2026-08-07 20:01:00,87.7404,48.0860,2.4966
2026-08-07 20:02:00,87.7338,46.6764,2.5012
2026-08-07 20:03:00,88.1267,45.2352,2.3760
2026-08-07 20:04:00,87.6589,46.2853,2.4866
2026-08-07 20:05:00,88.2215,47.6193,2.4216
2026-08-07 20:06:00,87.9913,48.6884,2.5853
2026-08-07 20:07:00,87.4394,46.9691,2.5251
2026-08-07 20:08:00,88.0125,46.5310,2.3053
2026-08-07 20:09:00,87.4653,48.9403,2.4017
2026-08-07 20:10:00,88.1697,47.3503,2.4752
2026-08-07 20:11:00,87.8774,46.0488,2.3166
2026-08-07 20:12:00,88.4971,46.9418,2.2994
2026-08-07 20:13:00,88.2525,47.8433,2.3537
2026-08-07 20:14:00,87.6018,46.9939,2.4269
2026-08-07 20:15:00,87.3022,47.6931,2.4889
2026-08-07 20:16:00,87.6698,45.7816,2.4012
2026-08-07 20:17:00,87.5175,45.9266,2.6171
2026-08-07 20:18:00,88.4186,46.4950,2.2961
2026-08-07 20:19:00,87.8543,46.8666,2.4309
2026-08-07 20:20:00,88.1236,47.3694,2.2391
2026-08-07 20:21:00,87.7438,47.6220,2.5043
2026-08-07 20:22:00,87.7606,49.0964,2.4725
2026-08-07 20:23:00,87.7896,46.5441,2.4012
2026-08-07 20:24:00,88.1158,46.8956,2.1500
2026-08-07 20:25:00,87.8613,46.5907,2.3876
2026-08-07 20:26:00,87.4342,48.0356,2.2293
2026-08-07 20:27:00,88.2214,48.0926,2.3505
2026-08-07 20:28:00,87.6296,46.8411,2.1538
2026-08-07 20:29:00,87.5632,48.8662,2.3205
2026-08-07 20:30:00,86.8330,46.6612,2.2525
2026-08-07 20:31:00,87.8538,48.0676,2.2046
2026-08-07 20:32:00,87.6751,48.4230,2.3363
2026-08-07 20:33:00,87.6557,46.1863,2.2667
2026-08-07 20:34:00,87.4854,47.7543,2.2464
2026-08-07 20:35:00,87.4140,45.1293,2.3357
2026-08-07 20:36:00,87.4555,47.9864,2.4477
2026-08-07 20:37:00,87.6849,46.4638,2.2803
2026-08-07 20:38:00,87.7169,47.8175,2.0678
2026-08-07 20:39:00,87.4348,47.9865,2.0884
2026-08-07 20:40:00,87.7673,48.2980,2.2471
2026-08-07 20:41:00,87.4372,48.1340,2.3390
2026-08-07 20:42:00,87.2876,47.4868,2.2462
2026-08-07 20:43:00,87.4761,47.1584,2.2804
2026-08-07 20:44:00,86.9862,47.4245,2.2201
2026-08-07 20:45:00,87.4409,46.6128,2.3190
2026-08-07 20:46:00,86.8853,47.3583,2.2816
2026-08-07 20:47:00,87.0163,47.3175,2.1152
2026-08-07 20:48:00,86.6953,46.9424,2.2595
2026-08-07 20:49:00,87.2245,46.2033,2.0581
2026-08-07 20:50:00,87.7358,46.5984,2.2550
2026-08-07 20:51:00,87.1934,45.1240,2.1800
2026-08-07 20:52:00,87.3970,47.4223,2.2226
2026-08-07 20:53:00,87.8848,47.9819,2.2374
2026-08-07 20:54:00,87.2753,45.5727,2.2319
2026-08-07 20:55:00,86.8993,47.9339,2.3443
2026-08-07 20:56:00,86.9151,47.6726,2.2051
2026-08-07 20:57:00,87.0780,46.8556,2.2198
2026-08-07 20:58:00,86.8622,47.4789,2.3334
2026-08-07 20:59:00,86.8587,48.6917,2.3898
2026-08-07 21:00:00,87.2956,47.0993,2.1982
2026-08-07 21:01:00,87.2816,47.9697,2.1489
2026-08-07 21:02:00,86.4533,48.2122,2.1542
2026-08-07 21:03:00,86.6754,47.3058,2.2460
2026-08-07 21:04:00,86.7549,48.7992,2.1813
2026-08-07 21:05:00,87.0471,48.3450,2.0276
2026-08-07 21:06:00,87.1834,47.8501,2.3160
2026-08-07 21:07:00,87.6241,49.9723,2.2866
2026-08-07 21:08:00,86.6467,48.9221,2.3212
2026-08-07 21:09:00,86.6345,46.7938,2.3427
2026-08-07 21:10:00,86.9085,47.8624,2.2293
2026-08-07 21:11:00,86.4999,50.1783,2.2384
2026-08-07 21:12:00,86.6349,47.4509,2.3153
2026-08-07 21:13:00,86.5252,48.3216,2.0957
2026-08-07 21:14:00,85.8357,49.2856,2.1847
2026-08-07 21:15:00,86.6316,48.8551,2.2169
2026-08-07 21:16:00,86.5124,49.0033,2.3181
2026-08-07 21:17:00,86.9208,48.9892,2.1754
2026-08-07 21:18:00,86.5135,48.4528,2.1615
2026-08-07 21:19:00,86.1078,47.8323,2.1933
2026-08-07 21:20:00,86.3792,48.8478,2.2872
2026-08-07 21:21:00,85.8016,48.2119,2.2374
2026-08-07 21:22:00,86.0381,48.1834,2.1033
2026-08-07 21:23:00,86.5644,49.7891,2.1274
2026-08-07 21:24:00,86.2720,48.3332,2.2710
2026-08-07 21:25:00,86.5954,50.0380,2.2790
2026-08-07 21:26:00,85.7011,48.9139,2.2696
2026-08-07 21:27:00,86.1910,48.6167,2.2248
2026-08-07 21:28:00,86.0937,47.3257,2.3558
2026-08-07 21:29:00,86.4958,50.5117,2.3193
2026-08-07 21:30:00,86.3837,48.8472,2.3214
2026-08-07 21:31:00,86.3474,47.0717,2.3305
2026-08-07 21:32:00,86.5901,49.7151,2.4590
2026-08-07 21:33:00,85.9903,48.9215,2.2027
2026-08-07 21:34:00,86.4743,48.2535,2.2691
2026-08-07 21:35:00,85.7338,49.7806,2.2837
2026-08-07 21:36:00,85.6962,47.0340,2.4494
2026-08-07 21:37:00,86.2197,48.5391,2.2927
2026-08-07 21:38:00,85.5161,48.9084,2.2574
2026-08-07 21:39:00,86.1131,49.8674,2.3327
2026-08-07 21:40:00,85.9456,51.0157,2.3605
2026-08-07 21:41:00,86.2108,49.0657,2.4765
2026-08-07 21:42:00,85.8456,49.6676,2.3258
2026-08-07 21:43:00,85.8547,51.5366,2.3021
2026-08-07 21:44:00,85.9652,49.3801,2.2870
2026-08-07 21:45:00,85.5883,49.7893,2.3508
2026-08-07 21:46:00,85.5501,48.4634,2.6489
2026-08-07 21:47:00,85.8794,51.0593,2.4381
2026-08-07 21:48:00,85.7036,48.9603,2.4671
2026-08-07 21:49:00,85.5657,49.7844,2.4148
2026-08-07 21:50:00,85.6387,49.8006,2.4361
2026-08-07 21:51:00,86.1178,49.7157,2.5086
2026-08-07 21:52:00,85.4827,49.3390,2.4939
2026-08-07 21:53:00,85.4503,49.9186,2.4802
2026-08-07 21:54:00,85.0563,51.1705,2.4547
2026-08-07 21:55:00,85.5326,51.6285,2.4256
2026-08-07 21:56:00,85.7194,49.7029,2.5111
2026-08-07 21:57:00,85.7505,49.5226,2.4848
2026-08-07 21:58:00,85.5096,49.2745,2.6976
2026-08-07 21:59:00,85.7417,52.1096,2.5972
2026-08-07 22:00:00,85.6524,50.1031,2.4326
2026-08-07 22:01:00,85.7452,50.9313,2.3909
2026-08-07 22:02:00,85.6852,50.6359,2.4759
2026-08-07 22:03:00,85.8398,51.8845,2.4152
2026-08-07 22:04:00,85.2970,49.9588,2.4855
2026-08-07 22:05:00,84.9292,49.3106,2.4422
2026-08-07 22:06:00,85.5061,51.7229,2.5142
2026-08-07 22:07:00,85.5212,50.9972,2.5232
2026-08-07 22:08:00,85.7383,50.6786,2.5771
2026-08-07 22:09:00,85.6323,51.5808,2.5493
2026-08-07 22:10:00,85.8124,50.8022,2.4874
2026-08-07 22:11:00,85.3959,51.6864,2.7067
2026-08-07 22:12:00,85.2601,50.6666,2.6330
2026-08-07 22:13:00,84.7578,51.2296,2.5457
2026-08-07 22:14:00,85.2478,50.9678,2.5189
2026-08-07 22:15:00,84.9721,50.3250,2.4681
2026-08-07 22:16:00,85.1840,50.4594,2.4680
2026-08-07 22:17:00,85.1200,50.3478,2.7339
2026-08-07 22:18:00,85.2286,50.9127,2.7303
2026-08-07 22:19:00,85.0416,50.3738,2.5847
2026-08-07 22:20:00,85.3354,51.1252,2.7866
2026-08-07 22:21:00,84.2223,51.1358,2.7184
2026-08-07 22:22:00,85.0810,51.0162,2.6837
2026-08-07 22:23:00,85.3698,51.0676,2.7561
2026-08-07 22:24:00,85.5555,50.4741,2.7382
2026-08-07 22:25:00,85.1999,50.7387,2.6980
2026-08-07 22:26:00,85.4718,49.6649,2.6648
2026-08-07 22:27:00,85.0035,50.9425,2.6841
2026-08-07 22:28:00,84.9405,50.2865,2.5399
2026-08-07 22:29:00,85.0856,51.1916,2.6264
2026-08-07 22:30:00,84.9133,50.5765,2.8921
2026-08-07 22:31:00,84.6673,49.5437,2.6349
2026-08-07 22:32:00,84.7357,53.0222,2.5379
2026-08-07 22:33:00,84.5451,51.0708,2.8185
2026-08-07 22:34:00,85.0262,52.4492,2.7580
2026-08-07 22:35:00,84.8603,50.9053,2.7685
2026-08-07 22:36:00,84.7384,52.7205,2.7270
2026-08-07 22:37:00,84.6664,50.4755,2.8383
2026-08-07 22:38:00,84.9782,51.5723,2.9046
2026-08-07 22:39:00,85.0515,50.5920,2.7036
2026-08-07 22:40:00,84.4692,53.5806,2.8231
2026-08-07 22:41:00,84.4134,51.3345,2.8755
2026-08-07 22:42:00,85.0778,52.2303,2.7095
2026-08-07 22:43:00,84.3709,51.9613,2.9217
2026-08-07 22:44:00,84.9401,51.6135,2.8856
2026-08-07 22:45:00,85.2537,52.0809,2.6530
2026-08-07 22:46:00,85.2475,52.7866,2.9396
2026-08-07 22:47:00,84.9766,52.2660,2.6638
2026-08-07 22:48:00,84.9616,51.8933,2.7166
2026-08-07 22:49:00,85.4187,52.2104,2.8560
2026-08-07 22:50:00,84.0373,53.3583,2.8939
2026-08-07 22:51:00,84.5931,51.5238,2.8016
2026-08-07 22:52:00,84.9822,50.4049,2.7305
2026-08-07 22:53:00,84.6219,51.0411,2.7690
2026-08-07 22:54:00,85.0909,51.1306,2.7585
2026-08-07 22:55:00,84.7033,51.2730,2.8816
2026-08-07 22:56:00,84.7512,51.3299,2.7578
2026-08-07 22:57:00,84.6261,52.0175,2.7339
2026-08-07 22:58:00,84.5489,52.2630,2.6519
2026-08-07 22:59:00,84.5390,52.2827,2.7405
2026-08-07 23:00:00,84.7823,51.5371,2.7882
2026-08-07 23:01:00,84.4667,52.9440,2.6869
2026-08-07 23:02:00,84.9835,52.6037,2.6251
2026-08-07 23:03:00,84.8923,53.4680,2.8971
2026-08-07 23:04:00,85.0252,52.9068,2.6983
2026-08-07 23:05:00,84.3561,51.9759,2.6665
2026-08-07 23:06:00,84.1846,53.3256,2.9533
2026-08-07 23:07:00,84.6932,52.5254,2.8799
2026-08-07 23:08:00,85.5644,52.9698,2.8960
2026-08-07 23:09:00,85.0752,52.9323,2.8422
2026-08-07 23:10:00,84.5298,52.2806,2.9209
2026-08-07 23:11:00,84.8247,52.4864,2.8760
2026-08-07 23:12:00,84.9170,52.3220,2.7509
2026-08-07 23:13:00,84.2900,51.7676,2.6763
2026-08-07 23:14:00,85.1133,50.7566,2.6518
2026-08-07 23:15:00,84.6545,51.9394,2.7632
2026-08-07 23:16:00,84.6800,52.6753,2.6641
2026-08-07 23:17:00,84.7171,53.4057,2.6910
2026-08-07 23:18:00,85.0564,53.1947,2.7521
2026-08-07 23:19:00,84.4898,52.3545,2.9034
2026-08-07 23:20:00,84.2078,52.0539,2.6087
2026-08-07 23:21:00,84.8205,52.4736,2.7588
2026-08-07 23:22:00,84.1145,51.8564,2.6265
2026-08-07 23:23:00,84.6416,50.9627,2.6916
2026-08-07 23:24:00,85.0924,51.4369,2.8357
2026-08-07 23:25:00,84.9148,53.7904,2.6532
2026-08-07 23:26:00,85.0587,54.1936,2.7068
2026-08-07 23:27:00,84.9372,53.3276,2.7422
2026-08-07 23:28:00,85.4795,52.6941,2.7931
2026-08-07 23:29:00,84.5854,51.6420,2.6628
2026-08-07 23:30:00,84.8871,52.6427,2.8382
2026-08-07 23:31:00,84.6421,53.2759,2.6620
2026-08-07 23:32:00,85.0667,53.4646,2.7492
2026-08-07 23:33:00,84.7674,53.3656,2.6758
2026-08-07 23:34:00,85.3080,53.7956,2.7629
2026-08-07 23:35:00,84.6397,54.3952,2.8854
2026-08-07 23:36:00,85.2279,52.5292,2.6486
2026-08-07 23:37:00,84.9906,55.1093,2.6683
2026-08-07 23:38:00,84.8100,51.2605,2.6202
2026-08-07 23:39:00,84.9897,52.2647,2.5982
2026-08-07 23:40:00,84.9126,53.0578,2.5801
2026-08-07 23:41:00,84.9485,53.3469,2.6413
2026-08-07 23:42:00,84.7873,52.7718,2.5585
2026-08-07 23:43:00,84.6466,52.5294,2.5545
2026-08-07 23:44:00,84.7644,54.6965,2.3055
2026-08-07 23:45:00,84.3679,52.5075,2.7533
2026-08-07 23:46:00,85.1334,52.1343,2.7719
2026-08-07 23:47:00,84.5184,54.3093,2.6650
2026-08-07 23:48:00,84.8319,53.6424,2.5053
2026-08-07 23:49:00,85.0999,53.8447,2.4589
2026-08-07 23:50:00,85.1657,53.1310,2.4212
2026-08-07 23:51:00,84.3899,51.8784,2.6339
2026-08-07 23:52:00,84.9032,53.0513,2.6889
2026-08-07 23:53:00,85.0772,51.7765,2.5713
2026-08-07 23:54:00,84.9635,53.1846,2.6327
2026-08-07 23:55:00,85.3597,53.5163,2.5836
2026-08-07 23:56:00,84.7186,53.8562,2.4543
2026-08-07 23:57:00,84.3591,52.9238,2.6245
2026-08-07 23:58:00,85.2257,53.5974,2.6103
2026-08-07 23:59:00,84.8301,52.2767,2.4088
2026-08-08 00:00:00,84.4724,53.7733,2.5807
2026-08-08 00:01:00,84.9612,53.5394,2.4774
2026-08-08 00:02:00,85.3866,52.3588,2.4582
2026-08-08 00:03:00,84.6472,53.4220,2.5155
2026-08-08 00:04:00,85.7356,53.8677,2.5046
2026-08-08 00:05:00,84.7921,53.0565,2.5497
2026-08-08 00:06:00,85.0782,52.3327,2.3681
2026-08-08 00:07:00,84.6950,53.1296,2.5019
2026-08-08 00:08:00,85.0817,53.4255,2.3216
2026-08-08 00:09:00,85.0376,52.3152,2.4121
2026-08-08 00:10:00,84.6393,52.1682,2.4111
2026-08-08 00:11:00,85.9423,53.3863,2.5118
2026-08-08 00:12:00,84.9542,53.6217,2.4082
2026-08-08 00:13:00,84.9627,54.6765,2.3737
2026-08-08 00:14:00,85.4099,53.4823,2.5351
2026-08-08 00:15:00,85.6715,51.9751,2.3423
2026-08-08 00:16:00,85.4730,54.5663,2.3309
2026-08-08 00:17:00,84.7826,53.7700,2.1832
2026-08-08 00:18:00,85.2148,51.3129,2.3421
2026-08-08 00:19:00,84.5938,52.0835,2.2629
2026-08-08 00:20:00,85.4362,52.5045,2.3249
2026-08-08 00:21:00,84.6825,53.5578,2.3672
2026-08-08 00:22:00,84.9393,50.9729,2.2281
2026-08-08 00:23:00,85.1864,52.7698,2.2478
2026-08-08 00:24:00,85.3278,53.4780,2.1637
2026-08-08 00:25:00,85.1228,50.5735,2.2664
2026-08-08 00:26:00,85.6634,53.4253,2.2168
2026-08-08 00:27:00,85.4311,53.5081,2.5196
2026-08-08 00:28:00,85.4138,52.1234,2.4497
2026-08-08 00:29:00,84.8576,51.8638,2.4277
2026-08-08 00:30:00,85.7422,52.0818,2.1584
2026-08-08 00:31:00,84.9972,50.6187,2.2647
2026-08-08 00:32:00,85.7649,52.4797,2.1567
2026-08-08 00:33:00,85.8556,52.9001,2.4562
2026-08-08 00:34:00,85.4078,51.7323,2.3500
2026-08-08 00:35:00,85.5686,53.4683,2.1567
2026-08-08 00:36:00,84.3388,52.7551,2.2942
2026-08-08 00:37:00,85.2096,52.8630,2.1045
2026-08-08 00:38:00,85.6030,52.3149,2.2348
2026-08-08 00:39:00,85.5537,53.2119,2.2267
2026-08-08 00:40:00,84.9142,53.6305,2.3142
2026-08-08 00:41:00,85.1956,52.2522,2.3351
2026-08-08 00:42:00,84.5261,53.1667,2.2347
2026-08-08 00:43:00,85.4139,53.1548,2.2068
2026-08-08 00:44:00,84.7278,52.8503,1.9024
2026-08-08 00:45:00,85.6344,53.8361,2.3790
2026-08-08 00:46:00,85.6524,51.8912,2.1542
2026-08-08 00:47:00,85.1572,52.1127,2.2274
2026-08-08 00:48:00,85.4576,51.8055,2.4406
2026-08-08 00:49:00,85.2375,52.9838,2.0929
2026-08-08 00:50:00,85.3764,52.1621,2.2123
2026-08-08 00:51:00,84.9605,51.7994,2.2580
2026-08-08 00:52:00,85.4920,53.6620,2.3158
2026-08-08 00:53:00,84.8132,53.7541,2.2051
2026-08-08 00:54:00,84.7566,52.0183,2.3213
2026-08-08 00:55:00,85.2687,51.1616,2.1610
2026-08-08 00:56:00,85.2412,53.7202,2.2560
2026-08-08 00:57:00,85.3854,52.5796,2.2423
2026-08-08 00:58:00,85.1076,52.5127,2.1913
2026-08-08 00:59:00,85.8666,52.2329,2.2325
2026-08-08 01:00:00,85.3472,51.4811,2.1125
2026-08-08 01:01:00,85.3667,51.7627,2.1702
2026-08-08 01:02:00,85.3535,52.6072,2.0717
2026-08-08 01:03:00,85.5924,51.6784,2.1568
2026-08-08 01:04:00,85.4612,52.3538,2.3155
2026-08-08 01:05:00,85.4175,51.9887,2.2446
2026-08-08 01:06:00,85.5018,51.1028,2.2345
2026-08-08 01:07:00,84.7295,53.2152,2.0451
2026-08-08 01:08:00,84.7363,52.3632,2.2386
2026-08-08 01:09:00,85.2447,52.1218,2.2020
2026-08-08 01:10:00,85.2031,52.2703,2.2640
2026-08-08 01:11:00,85.4308,50.3607,2.3507
2026-08-08 01:12:00,85.2570,51.3688,2.1738
2026-08-08 01:13:00,85.4194,50.5096,2.1856
2026-08-08 01:14:00,84.8646,51.7990,2.3117
2026-08-08 01:15:00,85.2281,51.9274,2.1625
2026-08-08 01:16:00,84.8218,51.7470,2.2347
2026-08-08 01:17:00,85.3326,52.5437,2.0296
2026-08-08 01:18:00,84.6451,50.3696,2.2019
2026-08-08 01:19:00,85.3048,50.8945,2.3669
2026-08-08 01:20:00,84.7509,51.8315,2.2737
2026-08-08 01:21:00,85.0676,51.6770,2.3341
2026-08-08 01:22:00,85.4418,50.3791,2.3440
2026-08-08 01:23:00,85.2318,52.3541,2.3877
2026-08-08 01:24:00,84.6598,52.5965,2.2226
2026-08-08 01:25:00,84.9414,51.6673,2.3562
2026-08-08 01:26:00,84.6819,50.0843,2.4916
2026-08-08 01:27:00,84.6128,51.3838,2.2692
2026-08-08 01:28:00,85.1451,51.4925,2.1451
2026-08-08 01:29:00,85.2660,50.9668,2.2229
2026-08-08 01:30:00,85.2180,52.2258,2.3347
2026-08-08 01:31:00,85.2541,51.0189,2.1273
2026-08-08 01:32:00,85.0568,52.7587,2.2231
2026-08-08 01:33:00,84.9652,51.6648,2.2722
2026-08-08 01:34:00,84.7117,51.2223,2.3222
2026-08-08 01:35:00,84.8877,51.7007,2.4970
2026-08-08 01:36:00,84.6091,52.1518,2.3924
2026-08-08 01:37:00,84.7374,51.6089,2.2187
2026-08-08 01:38:00,85.0027,50.7914,2.7234
2026-08-08 01:39:00,84.9254,50.2864,2.3416
2026-08-08 01:40:00,85.8645,49.8788,2.1820
2026-08-08 01:41:00,84.5255,48.7859,2.2530
2026-08-08 01:42:00,84.8754,50.8397,2.2606
2026-08-08 01:43:00,84.4692,50.3520,2.2360
2026-08-08 01:44:00,84.7631,50.3564,2.4293
2026-08-08 01:45:00,84.7581,51.4084,2.1185
2026-08-08 01:46:00,85.0981,50.4570,2.4907
2026-08-08 01:47:00,84.6918,52.0241,2.4813
2026-08-08 01:48:00,84.7512,50.0108,2.3616
2026-08-08 01:49:00,84.6610,49.6537,2.5064
2026-08-08 01:50:00,84.3509,49.3855,2.3131
2026-08-08 01:51:00,84.5565,50.9308,2.3457
2026-08-08 01:52:00,84.6181,51.2348,2.4926
2026-08-08 01:53:00,84.7351,49.7990,2.4244
2026-08-08 01:54:00,84.8607,49.3842,2.3906
2026-08-08 01:55:00,84.6023,51.4204,2.4495
2026-08-08 01:56:00,84.5764,48.9967,2.6005
2026-08-08 01:57:00,84.1150,50.9260,2.6045
2026-08-08 01:58:00,84.7720,49.6217,2.5269
2026-08-08 01:59:00,84.3799,50.3569,2.4566
2026-08-08 02:00:00,84.7911,50.8615,2.5521
2026-08-08 02:01:00,84.9400,50.3417,2.4216
2026-08-08 02:02:00,84.4665,49.6853,2.6326
2026-08-08 02:03:00,84.1934,50.9991,2.6186
2026-08-08 02:04:00,84.4727,50.0743,2.7245
2026-08-08 02:05:00,84.5593,52.7498,2.4589
2026-08-08 02:06:00,84.3369,48.4005,2.4543
2026-08-08 02:07:00,84.2389,48.3496,2.6098
2026-08-08 02:08:00,84.5535,50.4818,2.5350
2026-08-08 02:09:00,84.5098,49.6220,2.6700
2026-08-08 02:10:00,84.2326,50.2425,2.7094
2026-08-08 02:11:00,83.8159,48.6908,2.7555
2026-08-08 02:12:00,84.4245,49.5740,2.5985
2026-08-08 02:13:00,84.0327,49.8578,2.6882
2026-08-08 02:14:00,84.3023,49.0183,2.5558
2026-08-08 02:15:00,84.2582,49.6002,2.6365
2026-08-08 02:16:00,83.6209,48.2870,2.6167
2026-08-08 02:17:00,84.1865,49.6538,2.6185
2026-08-08 02:18:00,84.2909,50.4560,2.8186
2026-08-08 02:19:00,84.3019,48.2715,2.5089
2026-08-08 02:20:00,84.1200,48.1852,2.6495
2026-08-08 02:21:00,83.4655,50.1376,2.6621
2026-08-08 02:22:00,84.4156,48.0954,2.7277
2026-08-08 02:23:00,84.1294,49.7829,2.5602
2026-08-08 02:24:00,83.6186,49.1172,2.6464
2026-08-08 02:25:00,83.7166,48.7014,2.6231
2026-08-08 02:26:00,83.9955,50.1718,2.4636
2026-08-08 02:27:00,84.1033,49.7042,2.8111
2026-08-08 02:28:00,83.7260,49.1487,2.5537
2026-08-08 02:29:00,84.0930,47.1662,2.5462
2026-08-08 02:30:00,83.2803,49.4218,2.8069
2026-08-08 02:31:00,83.4782,47.9591,2.6841
2026-08-08 02:32:00,83.1443,48.6027,2.6929
2026-08-08 02:33:00,83.4670,48.7499,2.7000
2026-08-08 02:34:00,84.1612,50.2263,2.8406
2026-08-08 02:35:00,84.2987,48.4705,2.6828
2026-08-08 02:36:00,83.7242,47.4998,2.8022
2026-08-08 02:37:00,83.4347,49.7789,2.6331
2026-08-08 02:38:00,83.5322,49.1491,2.7846
2026-08-08 02:39:00,83.7130,49.1445,2.8461
2026-08-08 02:40:00,83.0745,49.6907,2.9003
2026-08-08 02:41:00,83.3440,49.8447,2.6087
2026-08-08 02:42:00,83.9186,47.7191,2.7376
2026-08-08 02:43:00,83.1468,47.2864,2.9306
2026-08-08 02:44:00,83.2082,49.0401,2.8663
2026-08-08 02:45:00,83.4093,48.1233,2.7573
2026-08-08 02:46:00,83.4627,48.1634,2.7805
2026-08-08 02:47:00,83.1628,47.3712,2.8125
2026-08-08 02:48:00,83.3459,48.7038,2.7480
2026-08-08 02:49:00,83.4778,48.5267,2.8424
2026-08-08 02:50:00,83.8565,48.0493,2.8388
2026-08-08 02:51:00,83.2029,47.0320,2.6802
2026-08-08 02:52:00,83.2012,49.0794,2.7445
2026-08-08 02:53:00,83.6448,48.2862,2.7496
2026-08-08 02:54:00,82.9948,48.9459,2.7708
2026-08-08 02:55:00,82.7353,46.3396,2.8244
2026-08-08 02:56:00,83.1809,48.0381,2.8164
2026-08-08 02:57:00,83.4020,47.3901,2.7271
2026-08-08 02:58:00,83.1610,47.9639,2.9336
2026-08-08 02:59:00,82.9972,48.6612,2.8004
2026-08-08 03:00:00,82.5655,48.1746,2.9464
2026-08-08 03:01:00,82.9564,47.8656,2.9439
2026-08-08 03:02:00,83.3179,47.8341,2.6937
2026-08-08 03:03:00,82.5519,46.5492,2.7500
2026-08-08 03:04:00,82.8232,47.0453,2.7566
2026-08-08 03:05:00,82.7549,48.6415,2.8288
2026-08-08 03:06:00,82.6366,47.3144,2.8689
2026-08-08 03:07:00,82.8953,48.6058,2.8097
2026-08-08 03:08:00,82.9291,48.3297,2.7384
2026-08-08 03:09:00,82.9014,48.3474,2.9569
2026-08-08 03:10:00,82.4541,47.8863,2.7459
2026-08-08 03:11:00,82.2292,47.2474,2.8618
2026-08-08 03:12:00,82.7778,47.4520,2.7816
2026-08-08 03:13:00,82.5237,48.0624,2.7763
2026-08-08 03:14:00,83.2035,45.8271,2.8474
2026-08-08 03:15:00,83.1942,48.5006,2.9315
2026-08-08 03:16:00,83.2032,47.0839,2.8046
2026-08-08 03:17:00,82.3014,47.3938,2.7219
2026-08-08 03:18:00,82.7319,47.3799,2.9153
2026-08-08 03:19:00,82.8004,47.3899,2.8130
2026-08-08 03:20:00,82.7449,46.3510,2.7768
2026-08-08 03:21:00,82.3896,47.5039,2.8586
2026-08-08 03:22:00,82.8586,47.8390,2.7838
2026-08-08 03:23:00,82.4542,45.7095,2.9929
2026-08-08 03:24:00,82.4720,46.2864,2.7429
2026-08-08 03:25:00,81.9521,48.0261,2.8530
2026-08-08 03:26:00,82.5871,47.8601,2.7773
2026-08-08 03:27:00,82.2962,47.5146,2.7720
2026-08-08 03:28:00,82.4946,46.7136,2.6867
2026-08-08 03:29:00,82.4070,47.8161,2.6819
2026-08-08 03:30:00,82.3724,46.2660,2.7618
2026-08-08 03:31:00,82.2865,47.1037,2.6197
2026-08-08 03:32:00,82.5186,46.1541,2.6432
2026-08-08 03:33:00,82.2057,47.0558,2.6964
2026-08-08 03:34:00,81.8120,46.3478,2.8128
2026-08-08 03:35:00,82.4029,47.7639,2.6907
2026-08-08 03:36:00,81.9735,47.4934,2.6828
2026-08-08 03:37:00,81.8034,46.6785,2.5641
2026-08-08 03:38:00,81.8788,47.9958,2.8330
2026-08-08 03:39:00,82.2557,46.3476,2.7675
2026-08-08 03:40:00,82.1275,47.0740,2.7720
2026-08-08 03:41:00,81.5028,46.6005,2.4979
2026-08-08 03:42:00,82.0140,47.6768,2.6714
2026-08-08 03:43:00,82.4669,47.5887,2.5353
2026-08-08 03:44:00,81.9683,48.1071,2.6992
2026-08-08 03:45:00,82.0419,47.1240,2.6470
2026-08-08 03:46:00,82.3929,44.6826,2.6594
2026-08-08 03:47:00,82.3075,46.6986,2.5285
2026-08-08 03:48:00,82.3647,48.2891,2.4887
2026-08-08 03:49:00,81.2162,46.7711,2.5211
2026-08-08 03:50:00,82.5584,45.4916,2.6084
2026-08-08 03:51:00,82.2200,47.3803,2.5458
2026-08-08 03:52:00,82.7588,47.4357,2.5877
2026-08-08 03:53:00,81.7775,46.4308,2.4523
2026-08-08 03:54:00,81.4754,46.8118,2.5463
2026-08-08 03:55:00,81.9994,46.3286,2.6787
2026-08-08 03:56:00,81.9079,47.4222,2.5646
2026-08-08 03:57:00,82.1805,47.0476,2.5630
2026-08-08 03:58:00,82.3012,46.0684,2.5560
2026-08-08 03:59:00,81.9473,46.9926,2.4567
2026-08-08 04:00:00,81.8967,46.4136,2.6632
2026-08-08 04:01:00,82.1216,48.1691,2.5278
2026-08-08 04:02:00,81.8843,47.7160,2.5020
2026-08-08 04:03:00,81.8562,46.9045,2.5452
2026-08-08 04:04:00,82.2669,47.0690,2.5627
2026-08-08 04:05:00,82.3317,47.8174,2.3363
2026-08-08 04:06:00,82.2775,46.8704,2.4587
2026-08-08 04:07:00,81.9010,47.6193,2.6688
2026-08-08 04:08:00,81.3092,48.1983,2.6032
2026-08-08 04:09:00,81.9069,46.6281,2.4193
2026-08-08 04:10:00,81.7248,48.3426,2.4952
2026-08-08 04:11:00,81.9146,48.1151,2.3821
2026-08-08 04:12:00,81.7541,47.2358,2.4427
2026-08-08 04:13:00,81.9516,46.6882,2.3540
2026-08-08 04:14:00,81.6491,47.2391,2.3450
2026-08-08 04:15:00,81.5802,46.8620,2.3260
2026-08-08 04:16:00,82.3353,46.4313,2.5462
2026-08-08 04:17:00,81.6823,47.4998,2.3228
2026-08-08 04:18:00,81.9786,46.2641,2.4780
2026-08-08 04:19:00,82.2707,46.8215,2.3137
2026-08-08 04:20:00,82.2650,46.8419,2.2954
2026-08-08 04:21:00,82.2361,46.0204,2.3822
2026-08-08 04:22:00,82.0960,47.6503,2.2067
2026-08-08 04:23:00,82.2305,46.9523,2.3965
2026-08-08 04:24:00,82.4339,48.1859,2.3101
2026-08-08 04:25:00,82.1587,46.9635,2.2623
2026-08-08 04:26:00,81.4898,46.8468,2.2347
2026-08-08 04:27:00,81.8927,46.4617,2.5023
2026-08-08 04:28:00,82.2711,47.2305,2.2958
2026-08-08 04:29:00,81.8856,47.2493,2.2858
2026-08-08 04:30:00,82.5718,47.8218,2.3752
2026-08-08 04:31:00,82.0795,47.2972,2.1982
2026-08-08 04:32:00,82.1372,48.9345,2.3905
2026-08-08 04:33:00,82.4628,47.6405,2.2683
2026-08-08 04:34:00,82.0848,46.5028,2.1285
2026-08-08 04:35:00,82.2074,46.4522,2.2089
2026-08-08 04:36:00,82.4397,47.7548,2.1478
2026-08-08 04:37:00,81.7443,46.5304,2.2609
2026-08-08 04:38:00,82.1169,47.8394,2.1690
2026-08-08 04:39:00,82.4683,48.0990,2.1538
2026-08-08 04:40:00,82.2569,48.1377,2.2694
2026-08-08 04:41:00,82.6956,46.7264,2.2407
2026-08-08 04:42:00,81.8014,48.1793,2.3536
2026-08-08 04:43:00,81.7864,47.7209,2.3457
2026-08-08 04:44:00,82.5441,46.9977,2.2321
2026-08-08 04:45:00,82.5933,47.3781,2.2728
2026-08-08 04:46:00,82.2965,47.9046,2.0792
2026-08-08 04:47:00,82.4960,47.0118,2.2868
2026-08-08 04:48:00,82.6214,47.8144,2.2558
2026-08-08 04:49:00,82.1762,48.7527,2.3078
2026-08-08 04:50:00,82.2313,48.3912,2.1796
2026-08-08 04:51:00,82.5237,47.7096,2.1785
2026-08-08 04:52:00,82.7621,47.8559,2.1774
2026-08-08 04:53:00,82.1656,47.2630,2.3485
2026-08-08 04:54:00,82.4810,47.3109,2.2320
2026-08-08 04:55:00,82.4927,46.5147,2.0530
2026-08-08 04:56:00,82.7174,47.9715,2.2661
2026-08-08 04:57:00,82.6159,48.3430,2.1546
2026-08-08 04:58:00,82.4817,47.7672,2.3089
2026-08-08 04:59:00,83.0476,47.1492,2.2540
2026-08-08 05:00:00,82.5392,47.9316,2.3240
2026-08-08 05:01:00,82.6418,48.9800,2.3040
2026-08-08 05:02:00,82.2809,48.6533,2.2941
2026-08-08 05:03:00,82.5736,47.9400,2.3144
2026-08-08 05:04:00,82.9723,49.6306,2.2831
2026-08-08 05:05:00,82.9440,50.1809,2.1332
2026-08-08 05:06:00,83.0583,47.6675,2.0893
2026-08-08 05:07:00,83.0749,47.8850,2.1220
2026-08-08 05:08:00,83.5676,48.6667,2.2796
2026-08-08 05:09:00,82.7489,47.4123,1.9859
2026-08-08 05:10:00,82.5199,48.8530,2.2087
2026-08-08 05:11:00,82.7234,48.2862,2.1858
2026-08-08 05:12:00,82.8607,48.5340,2.3371
2026-08-08 05:13:00,82.8132,47.8082,2.2055
2026-08-08 05:14:00,83.1676,47.6706,2.1831
2026-08-08 05:15:00,83.5498,46.7449,2.3544
2026-08-08 05:16:00,83.6707,49.5539,2.2167
2026-08-08 05:17:00,83.3953,49.1523,2.2039
2026-08-08 05:18:00,83.9219,48.9712,2.1838
2026-08-08 05:19:00,83.2086,48.7448,2.2649
2026-08-08 05:20:00,82.8620,46.6566,2.2070
2026-08-08 05:21:00,83.7044,47.9333,2.2114
2026-08-08 05:22:00,82.8738,48.3637,2.3934
2026-08-08 05:23:00,83.2362,47.7381,2.2577
2026-08-08 05:24:00,83.6563,47.2832,2.2125
2026-08-08 05:25:00,83.5075,47.8912,2.1625
2026-08-08 05:26:00,83.5192,48.7478,2.2867
2026-08-08 05:27:00,83.2608,48.7835,2.2159
2026-08-08 05:28:00,83.6506,49.5058,2.2402
2026-08-08 05:29:00,83.9941,50.4663,2.1972
2026-08-08 05:30:00,83.7384,49.4006,2.3076
2026-08-08 05:31:00,83.5230,48.7479,2.1632
2026-08-08 05:32:00,83.4377,50.3652,2.3404
2026-08-08 05:33:00,83.6092,47.6961,2.2505
2026-08-08 05:34:00,84.0102,47.3355,2.3829
2026-08-08 05:35:00,84.0363,48.3263,2.3659
2026-08-08 05:36:00,83.7339,49.7227,2.3341
2026-08-08 05:37:00,83.3519,49.2452,2.4147
2026-08-08 05:38:00,84.1825,48.2453,2.4923
2026-08-08 05:39:00,83.8287,48.6040,2.4701
2026-08-08 05:40:00,84.3464,48.2304,2.2189
2026-08-08 05:41:00,83.9547,48.2683,2.2963
2026-08-08 05:42:00,83.9272,50.5405,2.3155
2026-08-08 05:43:00,84.3118,49.2232,2.4347
2026-08-08 05:44:00,85.0155,50.7919,2.3258
2026-08-08 05:45:00,84.5754,48.7027,2.3290
2026-08-08 05:46:00,84.4342,49.8462,2.3191
2026-08-08 05:47:00,84.5438,49.6736,2.4297
2026-08-08 05:48:00,83.9537,50.2344,2.4708
2026-08-08 05:49:00,84.1854,49.7732,2.2936
2026-08-08 05:50:00,83.8119,50.3965,2.3709
2026-08-08 05:51:00,85.1274,50.0907,2.2405
2026-08-08 05:52:00,85.1099,48.8134,2.1985
2026-08-08 05:53:00,84.8129,50.3117,2.4938
2026-08-08 05:54:00,84.7791,49.6821,2.4846
2026-08-08 05:55:00,84.3166,49.1824,2.4781
2026-08-08 05:56:00,84.7598,50.3982,2.6273
2026-08-08 05:57:00,85.4069,50.6195,2.3089
2026-08-08 05:58:00,84.9522,49.5346,2.2763
2026-08-08 05:59:00,84.7870,49.6803,2.3798
2026-08-08 06:00:00,85.5983,48.8903,2.2880
2026-08-08 06:01:00,86.5834,48.5955,2.4465
2026-08-08 06:02:00,86.1919,49.8847,2.5740
2026-08-08 06:03:00,85.7295,50.7514,2.5532
2026-08-08 06:04:00,86.0228,49.6984,2.6341
2026-08-08 06:05:00,85.9604,51.3384,2.5762
2026-08-08 06:06:00,86.3476,50.0713,2.5065
2026-08-08 06:07:00,86.4928,50.1137,2.5021
2026-08-08 06:08:00,86.3230,50.0823,2.6061
2026-08-08 06:09:00,86.7504,51.1379,2.4170
2026-08-08 06:10:00,86.5841,49.6245,2.2599
2026-08-08 06:11:00,86.9223,50.3273,2.6242
2026-08-08 06:12:00,86.5394,50.0314,2.6161
2026-08-08 06:13:00,87.6031,50.0588,2.7571
2026-08-08 06:14:00,86.5630,50.5748,2.6772
2026-08-08 06:15:00,86.5040,50.4946,2.6457
2026-08-08 06:16:00,86.5096,51.4651,2.5908
2026-08-08 06:17:00,86.7966,50.6535,2.5480
2026-08-08 06:18:00,86.3862,51.1443,2.6082
2026-08-08 06:19:00,87.0325,50.8767,2.7387
2026-08-08 06:20:00,86.4144,51.8995,2.6964
2026-08-08 06:21:00,87.0762,50.5724,2.7502
2026-08-08 06:22:00,86.6638,50.6124,2.6741
2026-08-08 06:23:00,86.9961,51.4857,2.5800
2026-08-08 06:24:00,87.3330,50.6742,2.7924
2026-08-08 06:25:00,87.8837,51.3630,2.7896
2026-08-08 06:26:00,86.9097,52.8718,2.7073
2026-08-08 06:27:00,87.2285,50.2552,2.7504
2026-08-08 06:28:00,87.0966,52.3004,2.7508
2026-08-08 06:29:00,87.0927,50.7179,2.6597
2026-08-08 06:30:00,87.1788,52.2182,2.6861
2026-08-08 06:31:00,87.6799,51.7331,2.6266
2026-08-08 06:32:00,87.3254,51.7005,2.6966
2026-08-08 06:33:00,88.1855,51.1352,2.8312
2026-08-08 06:34:00,87.6740,51.0911,2.8172
2026-08-08 06:35:00,87.2844,50.7493,2.7939
2026-08-08 06:36:00,87.5154,51.3670,2.8386
2026-08-08 06:37:00,87.4225,51.2497,2.7107
2026-08-08 06:38:00,87.9403,51.5843,2.6343
2026-08-08 06:39:00,87.2456,50.3373,2.7401
2026-08-08 06:40:00,87.3716,51.5181,2.7520
2026-08-08 06:41:00,87.6327,52.5440,2.8312
2026-08-08 06:42:00,88.0510,52.3227,2.8184
2026-08-08 06:43:00,88.2516,51.6192,2.8718
2026-08-08 06:44:00,88.3310,53.6839,2.5726
2026-08-08 06:45:00,88.1106,51.2048,2.6974
2026-08-08 06:46:00,87.9613,51.6299,2.7709
2026-08-08 06:47:00,88.2586,50.5710,2.8307
2026-08-08 06:48:00,87.7105,51.4404,2.9948
2026-08-08 06:49:00,87.5337,53.2252,2.6899
2026-08-08 06:50:00,88.2510,51.5339,2.7188
2026-08-08 06:51:00,87.8507,50.6350,2.7494
2026-08-08 06:52:00,88.1648,52.5856,2.7189
2026-08-08 06:53:00,88.2519,52.2297,2.7062
2026-08-08 06:54:00,88.3216,52.6129,2.8009
2026-08-08 06:55:00,88.5592,51.7404,2.8958
2026-08-08 06:56:00,88.5578,51.2017,2.8103
2026-08-08 06:57:00,88.3965,51.8895,2.7131
2026-08-08 06:58:00,88.2348,52.5089,2.7800
2026-08-08 06:59:00,88.4286,52.0355,2.6960
2026-08-08 07:00:00,88.2459,52.4317,2.8983
2026-08-08 07:01:00,88.3938,51.7195,2.9470
2026-08-08 07:02:00,89.2656,52.5162,2.6401
2026-08-08 07:03:00,88.5618,52.2006,2.8220
2026-08-08 07:04:00,88.6688,51.6647,2.7205
2026-08-08 07:05:00,88.3481,52.3675,2.8037
2026-08-08 07:06:00,88.8913,51.9719,2.7878
2026-08-08 07:07:00,88.8384,52.8003,2.6609
2026-08-08 07:08:00,88.8650,53.0300,2.9143
2026-08-08 07:09:00,88.7233,52.7572,2.7765
2026-08-08 07:10:00,88.9926,51.0721,2.7428
2026-08-08 07:11:00,89.0869,51.6319,2.7993
2026-08-08 07:12:00,88.8128,51.9178,2.6983
2026-08-08 07:13:00,88.7154,51.8129,2.7644
2026-08-08 07:14:00,89.0396,52.0381,2.5963
2026-08-08 07:15:00,88.5209,53.2346,2.5415
2026-08-08 07:16:00,88.5971,53.0749,2.6771
2026-08-08 07:17:00,88.8163,52.1981,2.7175
2026-08-08 07:18:00,88.3291,53.0314,2.5916
2026-08-08 07:19:00,89.1186,52.8413,2.7139
2026-08-08 07:20:00,88.5996,52.5718,2.7064
2026-08-08 07:21:00,88.7647,53.5361,2.7496
2026-08-08 07:22:00,88.8592,52.1074,2.8130
2026-08-08 07:23:00,88.9515,52.6972,2.9184
2026-08-08 07:24:00,88.8526,51.8323,2.7855
2026-08-08 07:25:00,88.9509,51.8883,2.6396
2026-08-08 07:26:00,88.9681,51.6191,2.7998
2026-08-08 07:27:00,88.8662,51.9357,2.8682
2026-08-08 07:28:00,88.7821,52.8071,2.6109
2026-08-08 07:29:00,89.3517,52.5144,2.6111
2026-08-08 07:30:00,88.4086,52.5557,2.5700
2026-08-08 07:31:00,88.9902,52.5471,2.6501
2026-08-08 07:32:00,88.9228,54.2189,2.7381
2026-08-08 07:33:00,89.2000,51.9048,2.8432
2026-08-08 07:34:00,88.6484,51.8326,2.7780
2026-08-08 07:35:00,88.9446,52.1645,2.7212
2026-08-08 07:36:00,89.0730,52.7957,2.6809
2026-08-08 07:37:00,89.4334,53.2769,2.7091
2026-08-08 07:38:00,89.2202,53.3713,2.7084
2026-08-08 07:39:00,88.7730,53.6431,2.7871
2026-08-08 07:40:00,88.9887,52.8112,2.6479
2026-08-08 07:41:00,89.4072,52.5906,2.6693
2026-08-08 07:42:00,88.7870,54.2239,2.5953
2026-08-08 07:43:00,89.1289,50.6987,2.6405
2026-08-08 07:44:00,89.1544,52.9847,2.5964
2026-08-08 07:45:00,89.0455,53.2864,2.4958
2026-08-08 07:46:00,89.9736,54.4487,2.6948
2026-08-08 07:47:00,89.0440,51.6282,2.7490
2026-08-08 07:48:00,89.3052,52.6270,2.5890
2026-08-08 07:49:00,88.9423,51.8829,2.6184
2026-08-08 07:50:00,89.3318,51.5357,2.6638
2026-08-08 07:51:00,89.4355,52.8156,2.5557
2026-08-08 07:52:00,88.9981,53.6500,2.5813
2026-08-08 07:53:00,89.1578,53.9522,2.5330
2026-08-08 07:54:00,88.9048,52.5653,2.4920
2026-08-08 07:55:00,88.8286,53.5268,2.5913
2026-08-08 07:56:00,89.4810,52.8377,2.5826
2026-08-08 07:57:00,89.0013,53.4429,2.6158
2026-08-08 07:58:00,88.4403,53.9226,2.5154
2026-08-08 07:59:00,89.6905,52.8444,2.3879
2026-08-08 08:00:00,88.9161,53.8616,2.6108
2026-08-08 08:01:00,89.0782,52.0293,2.4187
2026-08-08 08:02:00,89.6393,53.5242,2.4091
2026-08-08 08:03:00,89.0988,53.8246,2.4233
2026-08-08 08:04:00,89.0861,53.7401,2.2943
2026-08-08 08:05:00,88.7600,52.0456,2.4391
2026-08-08 08:06:00,88.6308,52.8261,2.5150
2026-08-08 08:07:00,89.0636,53.2292,2.4020
2026-08-08 08:08:00,89.2141,53.3380,2.5714
2026-08-08 08:09:00,89.1882,53.0719,2.5576
2026-08-08 08:10:00,88.9430,54.1177,2.5113
2026-08-08 08:11:00,89.0837,51.9324,2.2213
2026-08-08 08:12:00,88.5163,52.7709,2.5507
2026-08-08 08:13:00,89.1949,51.6065,2.3761
2026-08-08 08:14:00,89.0941,53.4468,2.5603
2026-08-08 08:15:00,89.6262,53.3861,2.3248
2026-08-08 08:16:00,89.0243,55.6133,2.3640
2026-08-08 08:17:00,88.7267,53.7471,2.3798
2026-08-08 08:18:00,88.9813,53.1822,2.2706
2026-08-08 08:19:00,88.8848,53.1116,2.1948
2026-08-08 08:20:00,89.0997,52.6445,2.1102
2026-08-08 08:21:00,88.9630,52.9918,2.6385
2026-08-08 08:22:00,88.5622,53.0975,2.1697
2026-08-08 08:23:00,88.4343,51.2933,2.1646
2026-08-08 08:24:00,88.9883,53.0107,2.3809
2026-08-08 08:25:00,89.3084,52.9216,2.1750
2026-08-08 08:26:00,88.9009,54.2311,2.1502
2026-08-08 08:27:00,89.1043,52.7092,2.0177
2026-08-08 08:28:00,89.1469,52.1883,2.3285
2026-08-08 08:29:00,88.9055,53.0013,2.1865
2026-08-08 08:30:00,88.5632,52.8311,2.3522
2026-08-08 08:31:00,88.8478,52.6519,2.2748
2026-08-08 08:32:00,89.1326,51.7174,2.2856
2026-08-08 08:33:00,88.9104,52.5996,2.2265
2026-08-08 08:34:00,88.9564,52.2444,2.2393
2026-08-08 08:35:00,88.5734,52.5174,2.1725
2026-08-08 08:36:00,88.6314,53.2587,2.1773
2026-08-08 08:37:00,88.6360,52.1154,2.1433
2026-08-08 08:38:00,88.6354,52.4595,2.3998
2026-08-08 08:39:00,88.9801,53.0505,2.2046
2026-08-08 08:40:00,87.9042,52.3826,2.0137
2026-08-08 08:41:00,88.5958,54.6656,2.2622
2026-08-08 08:42:00,88.5407,52.7570,2.1523
2026-08-08 08:43:00,88.1308,51.5437,2.2248
2026-08-08 08:44:00,88.7212,51.8446,2.1990
2026-08-08 08:45:00,88.2794,51.7425,2.3719
2026-08-08 08:46:00,88.3665,51.8124,2.1816
2026-08-08 08:47:00,89.0049,52.8795,2.2988
2026-08-08 08:48:00,88.7296,51.5418,2.2857
2026-08-08 08:49:00,88.5750,52.1388,2.0757
2026-08-08 08:50:00,88.4928,53.2943,2.2290
2026-08-08 08:51:00,88.3048,51.9401,2.1325
2026-08-08 08:52:00,88.9294,52.8686,2.0857
2026-08-08 08:53:00,88.5454,50.9601,2.0846
2026-08-08 08:54:00,88.0549,51.9847,2.2858
2026-08-08 08:55:00,87.8345,51.5468,2.4669
2026-08-08 08:56:00,88.3991,52.4693,2.1211
2026-08-08 08:57:00,88.1867,51.3751,2.2225
2026-08-08 08:58:00,87.7490,53.8318,2.2315
2026-08-08 08:59:00,88.2804,50.8374,2.1471
2026-08-08 09:00:00,88.0450,53.0299,2.3408
2026-08-08 09:01:00,88.2586,52.7960,2.4198
2026-08-08 09:02:00,88.2055,52.3130,2.1406
2026-08-08 09:03:00,87.8640,52.0799,2.3744
2026-08-08 09:04:00,88.2097,53.4914,2.1470
2026-08-08 09:05:00,87.8437,53.9548,2.1055
2026-08-08 09:06:00,87.8363,51.7825,2.1898
2026-08-08 09:07:00,87.7795,52.0445,2.2919
2026-08-08 09:08:00,88.2513,51.4460,2.1961
2026-08-08 09:09:00,87.8007,50.9219,2.2821
2026-08-08 09:10:00,88.2693,52.1968,2.2329
2026-08-08 09:11:00,88.3653,51.9947,2.3476
2026-08-08 09:12:00,87.5812,50.4752,2.2677
2026-08-08 09:13:00,86.8991,52.0962,2.3703
2026-08-08 09:14:00,88.0612,51.9257,2.1342
2026-08-08 09:15:00,87.6177,51.1857,2.2025
2026-08-08 09:16:00,87.4329,51.1007,2.2258
2026-08-08 09:17:00,87.4885,51.9399,2.1438
2026-08-08 09:18:00,87.5131,52.8546,2.1320
2026-08-08 09:19:00,87.9991,51.8526,2.2746
2026-08-08 09:20:00,87.6302,52.1244,2.3067
2026-08-08 09:21:00,87.9397,50.8001,2.2555
2026-08-08 09:22:00,87.6753,51.1001,2.3543
2026-08-08 09:23:00,87.4067,51.8833,2.1424
2026-08-08 09:24:00,87.3548,50.2753,2.2182
2026-08-08 09:25:00,87.6128,51.4926,2.1440
2026-08-08 09:26:00,87.6630,51.6863,2.2808
2026-08-08 09:27:00,87.6885,51.2252,2.3207
2026-08-08 09:28:00,87.2836,51.4757,2.4112
2026-08-08 09:29:00,87.3873,51.2305,2.1647
2026-08-08 09:30:00,87.4827,50.6503,2.3251
2026-08-08 09:31:00,87.1652,50.1692,2.4371
2026-08-08 09:32:00,86.9128,51.0029,2.1991
2026-08-08 09:33:00,86.9845,52.0820,2.1815
2026-08-08 09:34:00,87.1272,51.8209,2.1638
2026-08-08 09:35:00,87.3714,50.6881,2.3798
2026-08-08 09:36:00,87.5238,50.6342,2.2511
2026-08-08 09:37:00,86.7128,50.5379,2.3779
2026-08-08 09:38:00,86.9140,50.5004,2.3150
2026-08-08 09:39:00,86.9596,51.0445,2.5233
2026-08-08 09:40:00,87.2793,51.6224,2.4288
2026-08-08 09:41:00,86.8565,52.5487,2.2765
2026-08-08 09:42:00,86.8602,50.0365,2.3336
2026-08-08 09:43:00,86.5399,51.1830,2.4496
2026-08-08 09:44:00,87.0831,51.0576,2.2711
2026-08-08 09:45:00,86.8644,50.3215,2.5034
2026-08-08 09:46:00,86.6915,49.7259,2.3675
2026-08-08 09:47:00,86.7849,50.7283,2.4807
2026-08-08 09:48:00,87.1761,52.1652,2.3877
2026-08-08 09:49:00,86.5121,50.6457,2.3624
2026-08-08 09:50:00,86.5367,49.7618,2.3536
2026-08-08 09:51:00,87.1408,50.2268,2.6032
2026-08-08 09:52:00,86.7640,49.4014,2.4081
2026-08-08 09:53:00,86.9185,50.2893,2.7534
2026-08-08 09:54:00,86.8147,50.7821,2.4683
2026-08-08 09:55:00,86.6604,49.6421,2.3758
2026-08-08 09:56:00,86.5435,47.5525,2.3101
2026-08-08 09:57:00,86.8748,50.3393,2.5997
2026-08-08 09:58:00,86.9515,49.6773,2.4649
2026-08-08 09:59:00,86.9059,49.4387,2.5744
2026-08-08 10:00:00,86.2030,49.3926,2.7322
2026-08-08 10:01:00,86.9285,50.2809,2.5747
2026-08-08 10:02:00,86.4082,49.5951,2.5494
2026-08-08 10:03:00,86.2679,50.6266,2.6462
2026-08-08 10:04:00,86.4228,50.6050,2.6118
2026-08-08 10:05:00,86.7023,49.5873,2.4129
2026-08-08 10:06:00,86.5948,49.3479,2.6802
2026-08-08 10:07:00,86.3361,49.8277,2.5501
2026-08-08 10:08:00,86.6443,49.5701,2.7165
2026-08-08 10:09:00,86.4155,48.2454,2.6207
2026-08-08 10:10:00,86.1826,51.1397,2.6968
2026-08-08 10:11:00,86.1232,50.1410,2.5627
2026-08-08 10:12:00,86.4402,49.1599,2.4410
2026-08-08 10:13:00,86.2742,47.9588,2.6565
2026-08-08 10:14:00,85.8684,49.3089,2.7052
2026-08-08 10:15:00,86.5176,48.9443,2.5591
2026-08-08 10:16:00,86.1022,49.3278,2.6017
2026-08-08 10:17:00,86.7070,47.6068,2.4077
2026-08-08 10:18:00,85.7919,48.9219,2.6207
2026-08-08 10:19:00,86.1423,48.9325,2.5181
2026-08-08 10:20:00,85.9706,49.0697,2.7017
2026-08-08 10:21:00,85.8723,48.9967,2.6902
2026-08-08 10:22:00,86.0037,49.1898,2.6649
2026-08-08 10:23:00,86.6659,50.3273,2.8022
2026-08-08 10:24:00,86.1632,48.6609,2.7004
2026-08-08 10:25:00,85.8684,48.3068,2.7020
2026-08-08 10:26:00,85.5434,47.6167,2.7210
2026-08-08 10:27:00,85.5621,48.5528,2.6366
2026-08-08 10:28:00,85.9043,47.8039,2.7999
2026-08-08 10:29:00,85.8623,49.6564,2.6149
2026-08-08 10:30:00,85.9727,48.7751,2.7544
2026-08-08 10:31:00,85.3461,49.5673,2.8395
2026-08-08 10:32:00,85.9884,49.9523,2.6203
2026-08-08 10:33:00,86.3128,48.0520,2.5939
2026-08-08 10:34:00,86.4802,48.4306,2.6287
2026-08-08 10:35:00,85.4142,49.7385,2.9197
2026-08-08 10:36:00,85.7317,48.7894,2.6818
2026-08-08 10:37:00,85.7058,49.0204,2.6272
2026-08-08 10:38:00,85.9961,49.3949,2.7882
2026-08-08 10:39:00,85.5771,49.2513,2.4834
2026-08-08 10:40:00,86.4387,48.8283,2.6643
2026-08-08 10:41:00,85.9384,49.5832,2.9051
2026-08-08 10:42:00,85.8802,48.3779,2.6718
2026-08-08 10:43:00,86.3870,48.8147,2.7447
2026-08-08 10:44:00,85.8967,48.2247,2.8035
2026-08-08 10:45:00,86.0144,49.1497,2.8066
2026-08-08 10:46:00,85.6622,47.7402,2.7268
2026-08-08 10:47:00,85.4697,46.9223,2.8374
2026-08-08 10:48:00,85.6916,48.7606,2.9299
2026-08-08 10:49:00,86.5249,47.3889,2.6815
2026-08-08 10:50:00,86.0532,47.2783,2.7413
2026-08-08 10:51:00,85.9405,49.1547,2.7812
2026-08-08 10:52:00,85.5604,48.8851,2.8634
2026-08-08 10:53:00,86.1222,47.8077,2.7983
2026-08-08 10:54:00,85.4373,45.6153,2.7836
2026-08-08 10:55:00,85.3707,48.4486,2.6425
2026-08-08 10:56:00,85.6697,48.5226,2.6851
2026-08-08 10:57:00,86.4205,48.3770,2.8183
2026-08-08 10:58:00,86.4007,48.3116,2.7482
2026-08-08 10:59:00,85.6935,47.7615,2.7657
2026-08-08 11:00:00,84.4987,47.5503,2.7938
2026-08-08 11:01:00,84.2070,46.9662,3.0341
2026-08-08 11:02:00,84.7210,47.2660,2.7498
2026-08-08 11:03:00,84.7449,48.0542,2.9378
2026-08-08 11:04:00,84.9323,48.0409,2.9297
2026-08-08 11:05:00,84.9680,48.3763,2.8778
2026-08-08 11:06:00,84.6352,46.5936,2.7116
2026-08-08 11:07:00,84.8613,46.3661,2.8087
2026-08-08 11:08:00,84.4845,47.3648,2.7544
2026-08-08 11:09:00,84.8564,46.8281,2.9932
2026-08-08 11:10:00,84.5440,47.7687,2.8308
2026-08-08 11:11:00,84.8352,46.5483,2.7663
2026-08-08 11:12:00,84.8123,48.5171,2.9638
2026-08-08 11:13:00,84.7211,46.8924,2.7475
2026-08-08 11:14:00,84.9408,48.8018,2.8352
2026-08-08 11:15:00,84.2336,47.9250,2.8474
2026-08-08 11:16:00,84.3878,46.6398,2.8088
2026-08-08 11:17:00,84.6290,49.1386,2.7601
2026-08-08 11:18:00,84.2801,47.6544,2.8511
2026-08-08 11:19:00,84.5943,47.5547,2.7007
2026-08-08 11:20:00,84.6075,47.3498,2.8712
2026-08-08 11:21:00,85.1165,47.7558,2.7277
2026-08-08 11:22:00,84.7704,47.7839,2.8854
2026-08-08 11:23:00,85.0407,46.6531,2.8519
2026-08-08 11:24:00,84.8269,47.1561,2.7976
2026-08-08 11:25:00,84.5803,47.4019,2.7290
2026-08-08 11:26:00,84.7861,47.7584,2.8434
2026-08-08 11:27:00,84.9699,47.7553,2.7852
2026-08-08 11:28:00,85.1144,47.3910,2.4013
2026-08-08 11:29:00,84.7222,46.8034,2.6358
2026-08-08 11:30:00,84.2734,46.7471,2.7290
2026-08-08 11:31:00,84.2582,46.2604,2.7345
2026-08-08 11:32:00,84.6817,47.6733,2.7715
2026-08-08 11:33:00,84.0845,46.6926,2.8497
2026-08-08 11:34:00,85.3309,47.0187,2.7475
2026-08-08 11:35:00,84.9780,47.3494,2.4742
2026-08-08 11:36:00,84.6150,47.1500,2.6961
2026-08-08 11:37:00,84.4797,47.1305,2.7915
2026-08-08 11:38:00,85.1281,46.3996,2.6746
2026-08-08 11:39:00,84.4928,47.3277,2.6771
2026-08-08 11:40:00,84.5288,46.8520,2.6006
2026-08-08 11:41:00,84.6120,47.0232,2.7381
2026-08-08 11:42:00,84.8836,48.0093,2.6009
2026-08-08 11:43:00,85.0433,47.4782,2.6884
2026-08-08 11:44:00,85.2227,46.6089,2.6649
2026-08-08 11:45:00,85.1863,46.9385,2.6202
2026-08-08 11:46:00,84.8811,48.3298,2.6559
2026-08-08 11:47:00,85.1951,46.7974,2.6203
2026-08-08 11:48:00,84.6959,47.0688,2.7204
2026-08-08 11:49:00,84.3592,47.5624,2.6529
2026-08-08 11:50:00,84.7125,47.1978,2.6816
2026-08-08 11:51:00,84.6804,46.7225,2.4936
2026-08-08 11:52:00,84.7412,46.4217,2.4797
2026-08-08 11:53:00,84.6515,47.0045,2.5609
2026-08-08 11:54:00,84.8095,47.5357,2.6219
2026-08-08 11:55:00,85.1425,48.0631,2.5923
2026-08-08 11:56:00,85.4797,45.8318,2.4562
2026-08-08 11:57:00,84.4562,48.4125,2.6016
2026-08-08 11:58:00,84.5962,46.7703,2.4529
2026-08-08 11:59:00,84.7538,47.7401,2.5752
2026-08-08 12:00:00,85.2297,46.4100,2.5287
2026-08-08 12:01:00,84.9472,45.7116,2.4696
2026-08-08 12:02:00,84.8002,45.9507,2.4307
2026-08-08 12:03:00,85.2412,46.7375,2.4898
2026-08-08 12:04:00,85.3218,47.4234,2.4769
2026-08-08 12:05:00,85.0379,47.0314,2.3562
2026-08-08 12:06:00,84.8073,46.8091,2.5133
2026-08-08 12:07:00,85.1418,47.9070,2.5610
2026-08-08 12:08:00,84.9993,47.0180,2.5237
2026-08-08 12:09:00,85.0054,47.2446,2.4615
2026-08-08 12:10:00,84.9324,49.5145,2.3774
2026-08-08 12:11:00,85.3720,47.0246,2.4277
2026-08-08 12:12:00,85.1778,46.4803,2.3941
2026-08-08 12:13:00,85.4217,47.4281,2.4123
2026-08-08 12:14:00,85.5200,47.6375,2.4861
2026-08-08 12:15:00,85.2649,47.2984,2.3744
2026-08-08 12:16:00,84.9832,47.1911,2.1942
2026-08-08 12:17:00,85.4550,48.2598,2.4508
2026-08-08 12:18:00,85.2904,48.1687,2.4035
2026-08-08 12:19:00,85.9393,46.9986,2.3718
2026-08-08 12:20:00,85.2588,46.5874,2.2326
2026-08-08 12:21:00,85.3824,47.4560,2.2600
2026-08-08 12:22:00,85.2674,46.6042,2.2651
2026-08-08 12:23:00,85.1576,47.8431,2.2717
2026-08-08 12:24:00,85.1166,47.4861,2.2747
2026-08-08 12:25:00,85.2893,49.2952,2.1992
2026-08-08 12:26:00,85.3640,48.3507,2.5264
2026-08-08 12:27:00,85.5604,46.3224,2.4554
2026-08-08 12:28:00,85.3130,46.7842,2.3270
2026-08-08 12:29:00,85.0876,45.6824,2.2901
2026-08-08 12:30:00,85.1343,45.5182,2.4705
2026-08-08 12:31:00,84.8412,47.3347,2.4448
2026-08-08 12:32:00,85.7420,46.3055,2.2031
2026-08-08 12:33:00,85.0866,48.5885,2.2966
2026-08-08 12:34:00,85.5443,48.2186,2.2486
2026-08-08 12:35:00,85.3419,47.0922,2.2351
2026-08-08 12:36:00,85.3548,47.0643,2.2407
2026-08-08 12:37:00,85.2329,48.5333,2.2442
2026-08-08 12:38:00,85.0360,48.7352,2.2695
2026-08-08 12:39:00,84.9858,46.6364,2.2658
2026-08-08 12:40:00,85.7987,46.5530,2.3840
2026-08-08 12:41:00,85.3179,47.1809,2.1557
2026-08-08 12:42:00,85.6245,47.7870,2.3294
2026-08-08 12:43:00,85.7055,47.0519,2.1217
2026-08-08 12:44:00,85.1695,47.8458,2.2496
2026-08-08 12:45:00,85.4223,49.0658,2.3272
2026-08-08 12:46:00,85.3111,46.4028,2.2768
2026-08-08 12:47:00,84.9524,47.1935,2.1856
2026-08-08 12:48:00,85.2456,46.4634,2.2432
2026-08-08 12:49:00,85.4789,46.9270,2.3776
2026-08-08 12:50:00,85.1541,47.3842,2.1511
2026-08-08 12:51:00,85.2072,47.0623,2.2649
2026-08-08 12:52:00,85.2533,48.0845,2.3031
2026-08-08 12:53:00,85.9390,47.8142,2.1662
2026-08-08 12:54:00,84.7553,47.9580,2.3772
2026-08-08 12:55:00,85.4557,47.4991,2.4099
2026-08-08 12:56:00,85.2286,47.5989,2.3110
2026-08-08 12:57:00,85.1115,47.5165,2.3105
2026-08-08 12:58:00,85.2191,47.6250,2.0275
2026-08-08 12:59:00,85.5011,48.1863,2.0680
2026-08-08 13:00:00,85.5164,46.3399,2.1916
2026-08-08 13:01:00,85.3527,48.1370,2.1343
2026-08-08 13:02:00,85.6222,47.2400,2.2630
2026-08-08 13:03:00,85.6722,47.6925,1.9162
2026-08-08 13:04:00,85.5333,46.7434,2.2636
2026-08-08 13:05:00,85.1210,47.7350,2.1850
2026-08-08 13:06:00,85.4294,48.2740,2.1495
2026-08-08 13:07:00,85.4266,48.4474,2.3957
2026-08-08 13:08:00,85.0277,47.1630,2.1757
2026-08-08 13:09:00,84.7967,48.4698,2.0466
2026-08-08 13:10:00,84.6556,49.0855,2.2559
2026-08-08 13:11:00,85.2778,47.8101,2.2506
2026-08-08 13:12:00,85.3404,48.2374,2.1973
2026-08-08 13:13:00,84.8903,46.6137,2.4523
2026-08-08 13:14:00,85.5521,47.5832,2.2409
2026-08-08 13:15:00,85.2770,48.5497,2.3243
2026-08-08 13:16:00,85.6290,49.1305,2.2582
2026-08-08 13:17:00,85.3277,47.9197,2.3563
2026-08-08 13:18:00,84.8887,50.5680,2.1996
2026-08-08 13:19:00,85.3378,48.7172,2.1300
2026-08-08 13:20:00,85.3927,47.4813,2.3168
2026-08-08 13:21:00,85.0183,49.5639,2.2741
2026-08-08 13:22:00,84.7407,47.5662,2.3279
2026-08-08 13:23:00,85.1937,48.8659,2.1911
2026-08-08 13:24:00,84.8533,47.8946,2.3053
2026-08-08 13:25:00,85.4794,47.5872,2.1026
2026-08-08 13:26:00,85.0102,49.4782,2.2189
2026-08-08 13:27:00,85.6386,48.5362,2.2014
2026-08-08 13:28:00,84.4725,50.1603,2.3267
2026-08-08 13:29:00,85.1384,48.0014,2.2340
2026-08-08 13:30:00,85.5146,47.6042,2.1506
2026-08-08 13:31:00,84.8062,48.5046,2.2367
2026-08-08 13:32:00,85.0126,51.2373,2.3591
2026-08-08 13:33:00,84.9263,49.6288,2.3183
2026-08-08 13:34:00,84.8285,49.4417,2.2367
2026-08-08 13:35:00,85.0931,49.5052,2.4013
2026-08-08 13:36:00,84.6169,48.6851,2.4802
2026-08-08 13:37:00,84.9576,51.2939,2.4210
2026-08-08 13:38:00,85.1308,49.5144,2.1059
2026-08-08 13:39:00,84.8962,49.4771,2.3670
2026-08-08 13:40:00,84.6451,50.0114,2.3358
2026-08-08 13:41:00,85.2382,48.2429,2.1533
2026-08-08 13:42:00,85.1320,48.5962,2.2348
2026-08-08 13:43:00,84.5840,49.1415,2.4508
2026-08-08 13:44:00,84.4912,50.1693,2.3965
2026-08-08 13:45:00,84.5766,48.3763,2.3933
2026-08-08 13:46:00,85.0082,49.3994,2.3275
2026-08-08 13:47:00,84.9094,49.3249,2.5081
2026-08-08 13:48:00,85.0456,48.2712,2.2843
2026-08-08 13:49:00,84.6922,49.1624,2.3260
2026-08-08 13:50:00,84.4938,50.0422,2.3906
2026-08-08 13:51:00,85.0278,48.4608,2.2774
2026-08-08 13:52:00,84.5667,50.8155,2.3495
2026-08-08 13:53:00,84.7690,50.0999,2.5515
2026-08-08 13:54:00,84.2280,50.0414,2.3686
2026-08-08 13:55:00,84.5017,49.8103,2.5389
2026-08-08 13:56:00,84.9549,48.9691,2.5321
2026-08-08 13:57:00,84.4163,49.3625,2.4596
2026-08-08 13:58:00,84.8544,50.2110,2.3424
2026-08-08 13:59:00,83.8894,49.4394,2.4985
2026-08-08 14:00:00,84.3992,50.1510,2.2889
2026-08-08 14:01:00,84.4936,49.3202,2.4550
2026-08-08 14:02:00,85.0456,50.4397,2.5400
2026-08-08 14:03:00,84.1497,50.5386,2.6105
2026-08-08 14:04:00,84.6790,48.8549,2.5162
2026-08-08 14:05:00,84.7718,50.2501,2.4784
2026-08-08 14:06:00,84.2151,49.0180,2.4781
2026-08-08 14:07:00,84.2960,48.7857,2.5078
2026-08-08 14:08:00,84.4269,49.8385,2.6248
2026-08-08 14:09:00,83.9161,52.5901,2.6050
2026-08-08 14:10:00,84.1999,51.0119,2.5754
2026-08-08 14:11:00,84.6950,51.5442,2.6482
2026-08-08 14:12:00,84.4444,50.9560,2.5928
2026-08-08 14:13:00,84.2159,50.6724,2.4667
2026-08-08 14:14:00,84.2719,51.2630,2.4965
2026-08-08 14:15:00,84.3872,50.0736,2.6750
2026-08-08 14:16:00,84.4193,51.0001,2.4846
2026-08-08 14:17:00,83.9952,51.6038,2.5911
2026-08-08 14:18:00,84.5970,51.2599,2.6248
2026-08-08 14:19:00,84.5056,51.7327,2.5398
2026-08-08 14:20:00,84.2880,50.9225,2.4832
2026-08-08 14:21:00,83.8058,52.1680,2.5393
2026-08-08 14:22:00,83.7264,50.6855,2.4824
2026-08-08 14:23:00,83.9081,52.5838,2.7311
2026-08-08 14:24:00,83.9978,51.3859,2.7161
2026-08-08 14:25:00,83.4224,50.6572,2.6067
2026-08-08 14:26:00,84.0746,50.0581,2.5521
2026-08-08 14:27:00,84.2856,50.3920,2.8115
2026-08-08 14:28:00,84.0453,50.3076,2.7448
2026-08-08 14:29:00,83.6425,51.0407,2.6444
2026-08-08 14:30:00,83.5798,50.1289,2.8308
2026-08-08 14:31:00,83.8809,52.2184,2.7314
2026-08-08 14:32:00,83.7176,51.3088,2.7547
2026-08-08 14:33:00,83.8692,51.3121,2.6239
2026-08-08 14:34:00,83.8893,50.3592,2.5815
2026-08-08 14:35:00,84.0089,50.7116,2.5810
2026-08-08 14:36:00,83.3142,49.5857,2.9510
2026-08-08 14:37:00,83.6927,52.6911,2.6645
2026-08-08 14:38:00,83.4896,50.2973,2.7581
2026-08-08 14:39:00,83.5415,50.3923,2.8018
2026-08-08 14:40:00,83.8027,52.6305,2.7577
2026-08-08 14:41:00,83.8077,51.8439,2.7482
2026-08-08 14:42:00,83.9077,51.6641,2.7496
2026-08-08 14:43:00,83.5882,51.8731,2.8188
2026-08-08 14:44:00,83.3999,52.3970,2.6701
2026-08-08 14:45:00,83.3295,51.7466,2.7331
2026-08-08 14:46:00,82.8574,50.4644,2.5497
2026-08-08 14:47:00,83.7522,52.3180,2.5965
2026-08-08 14:48:00,83.2263,52.1012,2.6555
2026-08-08 14:49:00,83.4472,52.7322,2.8730
2026-08-08 14:50:00,83.4718,50.8270,2.7625
2026-08-08 14:51:00,82.8672,51.2738,2.8615
2026-08-08 14:52:00,82.9366,52.2016,2.8319
2026-08-08 14:53:00,83.6506,51.1627,2.8210
2026-08-08 14:54:00,83.2467,50.0661,2.7019
2026-08-08 14:55:00,82.9585,52.1359,2.8049
2026-08-08 14:56:00,83.0679,52.7234,2.8238
2026-08-08 14:57:00,83.4051,51.9333,3.0191
2026-08-08 14:58:00,83.3329,52.5036,2.7650
2026-08-08 14:59:00,82.5864,52.4161,2.8731
2026-08-08 15:00:00,83.4903,52.1297,2.7876
2026-08-08 15:01:00,83.2637,52.2577,2.7297
2026-08-08 15:02:00,82.9022,53.2554,2.8865
2026-08-08 15:03:00,82.5647,51.4316,2.9882
2026-08-08 15:04:00,83.2128,52.8479,2.8246
2026-08-08 15:05:00,83.0141,51.3108,2.7291
2026-08-08 15:06:00,82.4086,51.6454,2.8431
2026-08-08 15:07:00,82.7513,53.2633,2.8229
2026-08-08 15:08:00,83.7340,51.3636,3.0151
2026-08-08 15:09:00,82.7765,52.1627,2.8659
2026-08-08 15:10:00,82.5245,54.2691,2.6964
2026-08-08 15:11:00,82.4204,53.2242,2.9151
2026-08-08 15:12:00,83.2307,51.8373,2.8629
2026-08-08 15:13:00,82.9298,51.9973,2.8763
2026-08-08 15:14:00,83.0743,52.3363,2.8246
2026-08-08 15:15:00,82.7033,53.5440,2.8780
2026-08-08 15:16:00,82.9822,51.7147,2.8181
2026-08-08 15:17:00,82.3289,51.6874,2.7453
2026-08-08 15:18:00,82.6099,53.1286,2.7807
2026-08-08 15:19:00,82.6252,51.2333,2.7520
2026-08-08 15:20:00,82.9321,51.8692,2.7939
2026-08-08 15:21:00,82.5916,52.5494,2.7637
2026-08-08 15:22:00,82.2872,52.6094,2.7201
2026-08-08 15:23:00,82.4733,51.5633,2.7291
2026-08-08 15:24:00,81.9307,52.9560,2.7423
2026-08-08 15:25:00,81.7172,53.1336,2.5599
2026-08-08 15:26:00,82.6431,52.1778,2.8356
2026-08-08 15:27:00,82.2619,54.0530,2.7629
2026-08-08 15:28:00,82.2768,53.0123,2.6618
2026-08-08 15:29:00,82.5858,51.9525,2.7767
2026-08-08 15:30:00,82.7373,54.0683,2.6613
2026-08-08 15:31:00,82.4605,52.3678,2.6557
2026-08-08 15:32:00,82.8610,52.9438,2.7382
2026-08-08 15:33:00,82.4162,52.4251,2.8379
2026-08-08 15:34:00,82.3393,53.3272,2.7168
2026-08-08 15:35:00,82.3043,52.4556,2.6050
2026-08-08 15:36:00,81.8306,52.5165,2.6412
2026-08-08 15:37:00,82.4874,52.7371,2.7548
2026-08-08 15:38:00,81.4518,52.4749,2.7038
2026-08-08 15:39:00,81.9949,53.7448,2.7527
2026-08-08 15:40:00,82.1633,51.8915,2.6893
2026-08-08 15:41:00,81.9056,52.8780,2.7202
2026-08-08 15:42:00,81.9936,52.9887,2.8375
2026-08-08 15:43:00,82.6680,52.8263,2.4939
2026-08-08 15:44:00,82.4349,53.7091,2.8627
2026-08-08 15:45:00,81.8858,51.7392,2.7085
2026-08-08 15:46:00,81.9391,53.4041,2.8700
2026-08-08 15:47:00,81.6857,51.9607,2.5018
2026-08-08 15:48:00,82.2697,52.5560,2.6310
2026-08-08 15:49:00,81.9731,51.8908,2.6011
2026-08-08 15:50:00,81.4484,52.7087,2.6660
2026-08-08 15:51:00,82.0593,52.5166,2.6170
2026-08-08 15:52:00,82.1521,54.2942,2.5981
2026-08-08 15:53:00,82.3011,53.1805,2.6326
2026-08-08 15:54:00,81.9825,53.3426,2.5362
2026-08-08 15:55:00,81.8854,52.1076,2.4876
2026-08-08 15:56:00,82.5864,53.5880,2.5767
2026-08-08 15:57:00,81.9863,54.3083,2.4718
2026-08-08 15:58:00,82.1946,53.6949,2.5031
2026-08-08 15:59:00,81.8117,51.9501,2.3637
2026-08-08 16:00:00,82.1759,52.6287,2.5056
2026-08-08 16:01:00,81.5281,53.0865,2.3993
2026-08-08 16:02:00,81.8226,52.5372,2.4810
2026-08-08 16:03:00,81.5957,55.0241,2.3679
2026-08-08 16:04:00,81.7742,52.6101,2.4667
2026-08-08 16:05:00,82.3289,52.9589,2.5508
2026-08-08 16:06:00,81.7686,52.5106,2.3935
2026-08-08 16:07:00,82.1669,53.1728,2.3520
2026-08-08 16:08:00,82.4063,54.0894,2.5158
2026-08-08 16:09:00,81.9431,53.0711,2.5213
2026-08-08 16:10:00,82.2503,52.7991,2.4647
2026-08-08 16:11:00,82.1128,52.1098,2.3683
2026-08-08 16:12:00,81.9903,53.9301,2.3443
2026-08-08 16:13:00,82.1829,52.8417,2.3667
2026-08-08 16:14:00,82.5128,52.8004,2.3866
2026-08-08 16:15:00,81.7732,51.0712,2.2127
2026-08-08 16:16:00,81.6808,52.8327,2.2797
2026-08-08 16:17:00,81.6679,52.6051,2.4959
2026-08-08 16:18:00,82.2768,51.4563,2.3845
2026-08-08 16:19:00,82.3231,53.6994,2.4796
2026-08-08 16:20:00,81.8296,52.4696,2.4516
2026-08-08 16:21:00,81.3569,54.4038,2.3120
2026-08-08 16:22:00,81.8028,54.0080,2.3069
2026-08-08 16:23:00,82.1776,52.2891,2.4267
2026-08-08 16:24:00,82.0019,53.9486,2.3995
2026-08-08 16:25:00,82.0853,54.1292,2.4161
2026-08-08 16:26:00,81.8839,52.3807,2.3099
2026-08-08 16:27:00,82.3555,51.9884,2.3194
2026-08-08 16:28:00,82.1652,51.0765,2.2737
2026-08-08 16:29:00,82.2497,53.0908,2.2881
2026-08-08 16:30:00,82.1335,51.9930,2.2193
2026-08-08 16:31:00,82.2557,53.0848,2.2749
2026-08-08 16:32:00,82.2492,52.2864,2.2611
2026-08-08 16:33:00,81.8469,52.1006,2.2260
2026-08-08 16:34:00,82.2516,52.2586,2.3460
2026-08-08 16:35:00,82.3920,51.6508,2.1210
2026-08-08 16:36:00,82.5165,52.2235,2.2910
2026-08-08 16:37:00,82.3108,52.0657,2.1606
2026-08-08 16:38:00,81.9129,52.6251,2.1636
2026-08-08 16:39:00,81.9762,52.7009,2.1680
2026-08-08 16:40:00,82.1067,51.7411,2.2873
2026-08-08 16:41:00,82.3122,53.4589,2.0106
2026-08-08 16:42:00,82.2375,52.4303,2.2496
2026-08-08 16:43:00,81.9563,53.7391,2.2338
2026-08-08 16:44:00,81.9743,52.7089,2.1289
2026-08-08 16:45:00,81.7040,52.5497,2.2411
2026-08-08 16:46:00,81.4186,52.0796,2.0986
2026-08-08 16:47:00,82.3364,52.9418,2.2128
2026-08-08 16:48:00,83.0939,52.4539,2.0896
2026-08-08 16:49:00,82.9594,53.0905,2.4174
2026-08-08 16:50:00,82.1498,53.6638,2.2964
2026-08-08 16:51:00,82.5118,51.7745,2.2329
2026-08-08 16:52:00,82.0515,52.8222,2.1110
2026-08-08 16:53:00,82.1217,52.7746,2.1775
2026-08-08 16:54:00,82.1812,52.6477,2.1803
2026-08-08 16:55:00,82.4983,51.9090,2.2268
2026-08-08 16:56:00,82.5372,51.8991,2.2415
2026-08-08 16:57:00,82.6943,51.7359,2.2234
2026-08-08 16:58:00,82.8445,51.6931,2.2346
2026-08-08 16:59:00,82.5719,51.4768,2.1831
2026-08-08 17:00:00,82.7118,52.0377,2.2342
2026-08-08 17:01:00,82.4013,51.4871,2.1363
2026-08-08 17:02:00,82.3550,52.4136,2.0941
2026-08-08 17:03:00,82.3380,52.0820,2.3857
2026-08-08 17:04:00,83.0123,52.1427,2.2432
2026-08-08 17:05:00,82.7464,51.7592,2.3832
2026-08-08 17:06:00,82.3172,52.0035,2.1762
2026-08-08 17:07:00,82.8907,51.7205,2.4461
2026-08-08 17:08:00,82.5666,52.5116,2.2145
2026-08-08 17:09:00,83.4714,51.5034,2.3229
2026-08-08 17:10:00,82.8321,52.1267,2.2135
2026-08-08 17:11:00,83.2430,50.7499,2.2288
2026-08-08 17:12:00,83.3985,52.3330,2.2032
2026-08-08 17:13:00,82.8190,51.2840,2.1679
2026-08-08 17:14:00,83.1623,50.9694,2.3180
2026-08-08 17:15:00,83.3400,50.7557,2.2220
2026-08-08 17:16:00,83.2435,50.6596,2.3090
2026-08-08 17:17:00,83.3523,51.2157,2.3196
2026-08-08 17:18:00,82.8807,52.7664,2.3741
2026-08-08 17:19:00,83.4817,51.0192,2.2785
2026-08-08 17:20:00,83.2059,49.7327,2.0891
2026-08-08 17:21:00,83.4932,51.7582,2.2122
2026-08-08 17:22:00,83.7014,50.5401,2.2459
2026-08-08 17:23:00,83.6633,52.0487,2.2540
2026-08-08 17:24:00,83.6049,51.0251,2.3891
2026-08-08 17:25:00,83.7309,51.1077,2.3756
2026-08-08 17:26:00,83.7830,52.2494,2.2524
2026-08-08 17:27:00,84.0637,51.7502,2.5149
2026-08-08 17:28:00,83.6436,50.2231,2.2422
2026-08-08 17:29:00,83.7422,50.3048,2.2556
2026-08-08 17:30:00,84.0120,49.7212,2.1786
2026-08-08 17:31:00,83.6249,53.1942,2.1376
2026-08-08 17:32:00,83.4114,50.3849,2.1813
2026-08-08 17:33:00,84.0001,51.9742,2.4065
2026-08-08 17:34:00,83.8307,50.5756,2.3854
2026-08-08 17:35:00,83.5709,50.1004,2.2290
2026-08-08 17:36:00,84.1242,50.9443,2.3337
2026-08-08 17:37:00,84.4445,50.6283,2.4107
2026-08-08 17:38:00,83.5675,51.4935,2.1333
2026-08-08 17:39:00,84.4047,51.4658,2.5205
2026-08-08 17:40:00,83.3786,50.3043,2.4553
2026-08-08 17:41:00,84.0615,49.5865,2.4379
2026-08-08 17:42:00,84.7758,49.7426,2.4840
2026-08-08 17:43:00,84.1673,48.8361,2.1667
2026-08-08 17:44:00,84.3352,50.4042,2.3561
2026-08-08 17:45:00,84.5796,50.5758,2.5110
2026-08-08 17:46:00,83.8784,49.6324,2.3918
2026-08-08 17:47:00,84.4578,49.4971,2.4741
2026-08-08 17:48:00,84.4983,50.4564,2.5521
2026-08-08 17:49:00,85.0808,49.9249,2.4852
2026-08-08 17:50:00,84.1945,50.2212,2.3966
2026-08-08 17:51:00,84.4940,50.0588,2.4875
2026-08-08 17:52:00,84.3732,50.5126,2.2705
2026-08-08 17:53:00,84.3848,49.8223,2.4944
2026-08-08 17:54:00,85.0768,49.8444,2.5280
2026-08-08 17:55:00,84.7900,48.6908,2.4759
2026-08-08 17:56:00,84.6589,50.1167,2.5848
2026-08-08 17:57:00,84.7138,50.1887,2.5043
2026-08-08 17:58:00,84.7438,49.9364,2.4990
2026-08-08 17:59:00,84.8142,51.5687,2.6754
2026-08-08 18:00:00,84.6207,50.1302,2.4042
2026-08-08 18:01:00,84.9660,49.8355,2.6471
2026-08-08 18:02:00,84.9795,50.3208,2.6470
2026-08-08 18:03:00,84.9035,51.5725,2.6081
2026-08-08 18:04:00,85.2209,50.0452,2.4909
2026-08-08 18:05:00,85.2899,48.0250,2.5734
2026-08-08 18:06:00,85.0945,50.1103,2.4665
2026-08-08 18:07:00,85.2617,49.0221,2.4985
2026-08-08 18:08:00,85.9959,48.1484,2.5755
2026-08-08 18:09:00,86.0277,51.0054,2.4817
2026-08-08 18:10:00,85.1186,50.7936,2.5543
2026-08-08 18:11:00,85.2036,48.8454,2.4750
2026-08-08 18:12:00,85.2031,48.8118,2.6580
2026-08-08 18:13:00,85.8809,49.6201,2.7636
2026-08-08 18:14:00,85.4871,48.7452,2.8272
2026-08-08 18:15:00,85.7212,49.3067,2.5115
2026-08-08 18:16:00,86.2909,48.8057,2.5362
2026-08-08 18:17:00,85.7310,49.0176,2.6242
2026-08-08 18:18:00,85.9883,48.1762,2.7184
2026-08-08 18:19:00,85.9746,49.9231,2.6339
2026-08-08 18:20:00,85.6839,50.1866,2.7578
2026-08-08 18:21:00,86.2198,49.1055,2.7214
2026-08-08 18:22:00,85.6886,49.1190,2.4980
2026-08-08 18:23:00,86.3868,49.6137,2.6869
2026-08-08 18:24:00,85.8497,49.0745,2.5638
2026-08-08 18:25:00,85.9234,50.4193,2.6375
2026-08-08 18:26:00,85.7809,47.9455,2.6590
2026-08-08 18:27:00,85.8706,49.6504,2.7803
2026-08-08 18:28:00,86.0600,48.8335,2.7091
2026-08-08 18:29:00,85.4986,47.9914,2.6712
2026-08-08 18:30:00,86.1976,50.6496,2.9330
2026-08-08 18:31:00,86.1546,50.7239,2.6395
2026-08-08 18:32:00,86.5832,48.6135,2.7630
2026-08-08 18:33:00,86.5119,49.0998,2.8061
2026-08-08 18:34:00,86.2112,48.3315,2.7611
2026-08-08 18:35:00,86.3242,48.4249,2.6593
2026-08-08 18:36:00,86.4293,47.7320,2.6589
2026-08-08 18:37:00,86.9831,47.5789,2.8204
2026-08-08 18:38:00,86.3279,50.0438,2.8672
2026-08-08 18:39:00,86.3957,48.5031,2.7617
2026-08-08 18:40:00,86.3096,48.5405,2.6392
2026-08-08 18:41:00,86.2399,47.8177,2.7758
2026-08-08 18:42:00,86.8125,48.5845,2.9299
2026-08-08 18:43:00,86.8169,47.1961,2.6813
2026-08-08 18:44:00,87.1760,47.7471,2.7534
2026-08-08 18:45:00,87.1384,47.3735,2.7940
2026-08-08 18:46:00,87.5796,49.3351,2.9000
2026-08-08 18:47:00,86.8724,46.9470,2.7409
2026-08-08 18:48:00,86.8500,47.2933,2.8448
2026-08-08 18:49:00,86.5714,46.5670,2.9378
2026-08-08 18:50:00,87.2033,47.4617,2.6527
2026-08-08 18:51:00,87.0623,47.7751,2.6717
2026-08-08 18:52:00,87.2541,48.8943,2.7951
2026-08-08 18:53:00,86.7486,47.9041,2.9041
2026-08-08 18:54:00,87.2270,47.7232,2.8407
2026-08-08 18:55:00,87.2138,48.2619,2.9155
2026-08-08 18:56:00,87.2242,47.6383,2.6392
2026-08-08 18:57:00,87.0073,49.8915,2.8447
2026-08-08 18:58:00,87.5985,47.4621,2.5260
2026-08-08 18:59:00,87.8857,48.2376,2.9437
2026-08-08 19:00:00,86.9659,48.5398,2.9299
2026-08-08 19:01:00,87.5431,47.3553,2.7781
2026-08-08 19:02:00,86.4911,47.9562,2.5797
2026-08-08 19:03:00,87.5821,47.3964,2.7892
2026-08-08 19:04:00,86.8470,47.9898,2.9211
2026-08-08 19:05:00,87.2766,47.8252,2.8499
2026-08-08 19:06:00,87.0657,47.6066,2.9922
2026-08-08 19:07:00,87.4199,46.7690,2.7764
2026-08-08 19:08:00,87.7608,49.1595,3.0075
2026-08-08 19:09:00,86.9760,48.1132,2.6005
2026-08-08 19:10:00,87.4488,46.3490,2.7248
2026-08-08 19:11:00,87.4257,47.2599,2.6691
2026-08-08 19:12:00,88.0765,46.3174,2.8699
2026-08-08 19:13:00,87.7536,48.1597,2.6726
2026-08-08 19:14:00,87.2924,47.5102,2.8917
2026-08-08 19:15:00,87.5250,47.5089,2.8567
2026-08-08 19:16:00,88.1536,46.8101,2.8030
2026-08-08 19:17:00,87.9209,47.2104,2.7703
2026-08-08 19:18:00,87.4504,48.0718,2.6728
2026-08-08 19:19:00,87.6645,48.2664,2.8345
2026-08-08 19:20:00,87.6923,48.0791,2.7196
2026-08-08 19:21:00,87.6190,46.1408,2.8428
2026-08-08 19:22:00,87.2845,47.2147,2.9116
2026-08-08 19:23:00,87.6108,47.5477,2.7265
2026-08-08 19:24:00,88.2468,46.7392,2.8850
2026-08-08 19:25:00,87.7311,45.9822,2.7672
2026-08-08 19:26:00,87.8294,46.2629,2.8030
2026-08-08 19:27:00,87.9168,48.4754,2.6061
2026-08-08 19:28:00,88.5538,46.3062,2.6645
2026-08-08 19:29:00,87.9043,47.2817,2.6580
2026-08-08 19:30:00,88.2424,47.1033,2.8569
2026-08-08 19:31:00,87.7468,47.0905,2.6816
2026-08-08 19:32:00,87.8599,46.9434,2.7738
2026-08-08 19:33:00,87.9525,47.8167,2.6974
2026-08-08 19:34:00,87.7268,47.2006,2.6633
2026-08-08 19:35:00,87.9077,46.6587,2.5456
2026-08-08 19:36:00,88.2445,47.1879,2.4956
2026-08-08 19:37:00,87.7466,46.1129,2.6462
2026-08-08 19:38:00,87.9948,47.5043,2.6455
2026-08-08 19:39:00,88.2150,46.5679,2.5790
2026-08-08 19:40:00,87.7620,46.6035,2.6747
2026-08-08 19:41:00,88.3443,47.5027,2.8497
2026-08-08 19:42:00,88.0434,46.7570,2.7957
2026-08-08 19:43:00,87.9772,46.7932,2.6376
2026-08-08 19:44:00,87.4290,47.9997,2.6340
2026-08-08 19:45:00,87.9235,46.2791,2.6850
2026-08-08 19:46:00,88.1506,47.4489,2.6382
2026-08-08 19:47:00,88.5658,47.8030,2.6705
2026-08-08 19:48:00,88.2150,47.9705,2.6263
2026-08-08 19:49:00,88.3844,48.7723,2.6006
2026-08-08 19:50:00,87.6851,46.5120,2.5184
2026-08-08 19:51:00,88.0106,46.3264,2.6110
2026-08-08 19:52:00,88.4151,47.6702,2.3409
2026-08-08 19:53:00,87.7822,47.7648,2.5859
2026-08-08 19:54:00,88.3372,46.3767,2.3449
2026-08-08 19:55:00,88.2662,47.3943,2.5704
2026-08-08 19:56:00,88.1267,49.1835,2.4382
2026-08-08 19:57:00,87.9432,47.0860,2.6560
2026-08-08 19:58:00,87.7429,47.7398,2.5293
2026-08-08 19:59:00,88.5678,48.2616,2.5127
2026-08-08 20:00:00,88.2206,49.0030,2.5453
2026-08-08 20:01:00,88.1286,47.1968,2.4105
2026-08-08 20:02:00,87.8975,48.0035,2.6012
2026-08-08 20:03:00,88.0270,46.3715,2.5505
2026-08-08 20:04:00,88.0589,47.0240,2.4183
2026-08-08 20:05:00,88.1227,46.6493,2.3597
2026-08-08 20:06:00,88.2158,45.5010,2.4157
2026-08-08 20:07:00,87.7531,45.7302,2.4346
2026-08-08 20:08:00,87.5396,47.3605,2.3292
2026-08-08 20:09:00,87.9962,47.3805,2.3843
2026-08-08 20:10:00,87.4375,46.1924,2.3632
2026-08-08 20:11:00,87.8549,48.2770,2.3946
2026-08-08 20:12:00,87.7891,46.1489,2.3879
2026-08-08 20:13:00,88.0787,47.2491,2.4487
2026-08-08 20:14:00,88.5148,46.7180,2.3956
2026-08-08 20:15:00,87.3250,47.1432,2.4254
2026-08-08 20:16:00,88.5786,47.7844,2.4029
2026-08-08 20:17:00,87.8139,47.6798,2.3514
2026-08-08 20:18:00,87.9752,47.6492,2.4322
2026-08-08 20:19:00,87.4330,47.5564,2.0825
2026-08-08 20:20:00,88.1426,46.0840,2.3141
2026-08-08 20:21:00,87.8417,48.0203,2.2862
2026-08-08 20:22:00,87.7961,46.2753,2.3485
2026-08-08 20:23:00,87.2182,47.0501,2.2666
2026-08-08 20:24:00,87.8059,46.8658,2.3786
2026-08-08 20:25:00,88.0215,47.4393,2.3899
2026-08-08 20:26:00,87.6805,46.7843,2.1728
2026-08-08 20:27:00,88.0869,47.0586,2.3275
2026-08-08 20:28:00,88.0573,48.4944,2.1712
2026-08-08 20:29:00,87.5075,46.1774,2.3415
2026-08-08 20:30:00,88.1604,47.2264,2.2412
2026-08-08 20:31:00,87.6771,46.3523,2.2020
2026-08-08 20:32:00,87.6597,47.7988,2.1060
2026-08-08 20:33:00,87.6554,46.6942,2.2627
2026-08-08 20:34:00,87.6271,47.3231,2.1511
2026-08-08 20:35:00,86.7975,46.2496,2.1136
2026-08-08 20:36:00,87.5107,48.3602,2.2759
2026-08-08 20:37:00,87.1368,47.4033,2.3497
2026-08-08 20:38:00,88.0131,47.4738,2.2878
2026-08-08 20:39:00,87.9799,48.0458,2.1011
2026-08-08 20:40:00,87.7382,46.4008,2.2265
2026-08-08 20:41:00,87.3894,46.9298,2.3044
2026-08-08 20:42:00,87.1365,47.5781,2.2191
2026-08-08 20:43:00,87.2193,46.0532,2.2618
2026-08-08 20:44:00,87.9768,46.1603,2.1822
2026-08-08 20:45:00,87.1635,46.8486,2.1844
2026-08-08 20:46:00,86.6413,46.6148,2.1540
2026-08-08 20:47:00,87.6336,47.2750,2.2784
2026-08-08 20:48:00,87.7511,47.9909,2.2822
2026-08-08 20:49:00,87.7748,48.1961,2.1568
2026-08-08 20:50:00,87.5644,49.0675,2.2857
2026-08-08 20:51:00,87.5889,47.6259,2.0656
2026-08-08 20:52:00,87.2198,47.7920,2.1894
2026-08-08 20:53:00,86.5562,47.6736,2.0697
2026-08-08 20:54:00,87.1624,47.9750,2.0905
2026-08-08 20:55:00,87.3153,48.0632,2.0660
2026-08-08 20:56:00,87.0628,48.5083,2.1361
2026-08-08 20:57:00,87.0236,48.5316,2.2629
2026-08-08 20:58:00,86.7628,48.2394,2.1926
2026-08-08 20:59:00,86.7256,49.0592,2.1417
2026-08-08 21:00:00,87.5514,47.9001,2.1826
2026-08-08 21:01:00,87.5360,47.4174,1.9945
2026-08-08 21:02:00,86.9466,47.5765,2.2576
2026-08-08 21:03:00,87.0053,47.8789,1.9762
2026-08-08 21:04:00,86.5999,47.1257,2.1309
2026-08-08 21:05:00,87.0601,47.5313,2.1947
2026-08-08 21:06:00,87.3684,47.1398,2.2482
2026-08-08 21:07:00,86.3547,48.3569,2.2289
2026-08-08 21:08:00,86.9255,48.3951,2.2016
2026-08-08 21:09:00,86.9209,46.7276,2.3540
2026-08-08 21:10:00,86.8902,47.6504,2.4117
2026-08-08 21:11:00,87.1974,49.6652,2.2131
2026-08-08 21:12:00,87.2880,48.7405,2.2047
2026-08-08 21:13:00,86.5797,48.6320,2.2012
2026-08-08 21:14:00,86.8242,47.7694,2.1588
2026-08-08 21:15:00,86.6199,48.5631,2.2604
2026-08-08 21:16:00,86.3774,48.3545,2.3531
2026-08-08 21:17:00,86.6207,47.7618,1.9802
2026-08-08 21:18:00,86.7133,48.0375,2.2157
2026-08-08 21:19:00,86.5493,48.0891,2.3852
2026-08-08 21:20:00,86.1922,47.3091,2.2795
2026-08-08 21:21:00,86.2899,47.4753,2.2856
2026-08-08 21:22:00,86.2646,48.4089,2.0883
2026-08-08 21:23:00,86.1210,47.9248,2.3230
2026-08-08 21:24:00,86.4403,48.3973,2.3582
2026-08-08 21:25:00,86.4441,47.3886,2.2820
2026-08-08 21:26:00,86.5850,49.3495,2.2013
2026-08-08 21:27:00,86.0065,50.4084,2.3162
2026-08-08 21:28:00,86.0631,49.6017,2.1733
2026-08-08 21:29:00,86.6755,49.7202,2.1654
2026-08-08 21:30:00,86.1325,49.3528,2.3681
2026-08-08 21:31:00,86.1637,49.1008,2.4031
2026-08-08 21:32:00,86.0751,48.9941,2.2250
2026-08-08 21:33:00,86.4406,48.2300,2.1886
2026-08-08 21:34:00,86.4254,49.5506,2.2234
2026-08-08 21:35:00,86.3810,49.5402,2.3371
2026-08-08 21:36:00,86.0284,48.7025,2.2072
2026-08-08 21:37:00,85.7322,49.5312,2.4585
2026-08-08 21:38:00,86.5451,48.5928,2.2901
2026-08-08 21:39:00,86.1982,48.6815,2.3799
2026-08-08 21:40:00,85.7782,49.8436,2.2757
2026-08-08 21:41:00,86.3164,49.6060,2.4153
2026-08-08 21:42:00,85.7028,49.1141,2.4304
2026-08-08 21:43:00,86.2610,49.0598,2.2031
2026-08-08 21:44:00,86.2559,49.5161,2.3100
2026-08-08 21:45:00,85.5107,47.9464,2.3695
2026-08-08 21:46:00,85.9365,48.8471,2.3400
2026-08-08 21:47:00,85.9717,48.4799,2.4870
2026-08-08 21:48:00,86.4968,49.5402,2.3476
2026-08-08 21:49:00,85.4652,50.4404,2.4863
2026-08-08 21:50:00,86.0933,49.9901,2.4708
2026-08-08 21:51:00,85.6447,49.2382,2.4192
2026-08-08 21:52:00,85.2432,49.1211,2.5133
2026-08-08 21:53:00,85.5559,49.1224,2.2915
2026-08-08 21:54:00,85.5692,51.3643,2.4469
2026-08-08 21:55:00,85.2276,49.8582,2.3834
2026-08-08 21:56:00,85.6160,50.0028,2.4579
2026-08-08 21:57:00,85.7870,48.1933,2.4295
2026-08-08 21:58:00,85.5486,48.9767,2.4903
2026-08-08 21:59:00,85.2924,49.9254,2.4931
2026-08-08 22:00:00,85.3885,49.6015,2.5139
2026-08-08 22:01:00,85.4100,50.1457,2.5257
2026-08-08 22:02:00,85.4551,50.1744,2.5730
2026-08-08 22:03:00,85.7017,50.5981,2.3977
2026-08-08 22:04:00,85.4295,48.6617,2.5823
2026-08-08 22:05:00,84.9065,49.3120,2.3879
2026-08-08 22:06:00,85.1383,50.1557,2.2675
2026-08-08 22:07:00,85.3368,49.7566,2.7519
2026-08-08 22:08:00,85.6045,50.0654,2.4685
2026-08-08 22:09:00,85.6372,50.4398,2.5252
2026-08-08 22:10:00,85.7612,49.7956,2.3913
2026-08-08 22:11:00,85.2491,50.5843,2.5398
2026-08-08 22:12:00,85.4204,50.9045,2.6134
2026-08-08 22:13:00,84.7369,50.5601,2.6244
2026-08-08 22:14:00,85.2843,51.1233,2.4868
2026-08-08 22:15:00,84.8152,48.8469,2.5704
2026-08-08 22:16:00,85.1018,50.1549,2.6589
2026-08-08 22:17:00,86.0126,51.3760,2.6530
2026-08-08 22:18:00,85.1781,50.0089,2.6490
2026-08-08 22:19:00,84.8117,49.9384,2.7192
2026-08-08 22:20:00,85.1772,50.6754,2.6391
2026-08-08 22:21:00,84.8842,50.8005,2.7960
2026-08-08 22:22:00,84.7358,50.4243,2.6341
2026-08-08 22:23:00,85.6400,52.3645,2.7394
2026-08-08 22:24:00,85.3146,51.1562,2.7493
2026-08-08 22:25:00,85.0839,50.2420,2.5187
2026-08-08 22:26:00,84.8488,49.8498,2.7329
2026-08-08 22:27:00,84.8596,51.3628,2.6308
2026-08-08 22:28:00,85.4023,50.3338,2.5999
2026-08-08 22:29:00,85.0187,52.8338,2.6641
2026-08-08 22:30:00,83.9894,51.4904,2.7283
2026-08-08 22:31:00,85.6283,51.6322,2.5611
2026-08-08 22:32:00,84.9451,51.4192,2.7256
2026-08-08 22:33:00,84.9818,52.1532,2.7064
2026-08-08 22:34:00,85.1937,49.3753,2.8370
2026-08-08 22:35:00,84.9965,50.3643,2.6747
2026-08-08 22:36:00,85.0706,52.1893,2.8617
2026-08-08 22:37:00,84.7093,52.5973,2.7859
2026-08-08 22:38:00,84.4578,50.4433,2.7483
2026-08-08 22:39:00,84.9014,50.0110,2.8832
2026-08-08 22:40:00,85.2378,51.6340,2.9521
2026-08-08 22:41:00,84.6054,51.9222,2.7426
2026-08-08 22:42:00,84.5730,51.6854,2.6933
2026-08-08 22:43:00,85.1498,51.5531,2.8137
2026-08-08 22:44:00,84.6387,50.1524,2.6318
2026-08-08 22:45:00,84.6455,51.3667,2.6471
2026-08-08 22:46:00,84.6498,51.5185,2.9108
2026-08-08 22:47:00,84.7357,51.2928,2.8400
2026-08-08 22:48:00,84.2769,50.2284,2.6995
2026-08-08 22:49:00,84.5813,52.2628,3.1012
2026-08-08 22:50:00,84.8067,52.5189,2.6516
2026-08-08 22:51:00,84.7994,51.2216,2.8537
2026-08-08 22:52:00,85.0750,51.7392,2.7138
2026-08-08 22:53:00,85.2749,51.5208,2.9731
2026-08-08 22:54:00,85.1727,51.5586,2.7432
2026-08-08 22:55:00,84.9895,52.3726,2.7690
2026-08-08 22:56:00,84.6670,52.4212,2.6175
2026-08-08 22:57:00,84.5216,52.8962,3.0073
2026-08-08 22:58:00,84.7110,52.9082,2.7378
2026-08-08 22:59:00,84.8788,51.9559,2.8479
2026-08-08 23:00:00,84.9475,54.3950,2.8005
2026-08-08 23:01:00,84.8860,53.3889,2.7448
2026-08-08 23:02:00,84.6612,51.6496,2.5768
2026-08-08 23:03:00,84.9324,52.3042,2.7762
2026-08-08 23:04:00,85.0736,50.6408,2.7712
2026-08-08 23:05:00,84.9588,52.2773,2.8293
2026-08-08 23:06:00,84.6849,53.6202,3.0109
2026-08-08 23:07:00,84.4443,54.5316,2.8594
2026-08-08 23:08:00,84.4375,52.2344,2.8794
2026-08-08 23:09:00,84.4909,52.6239,2.7612
2026-08-08 23:10:00,84.7733,52.8643,2.6585
2026-08-08 23:11:00,84.8533,53.9875,2.7597
2026-08-08 23:12:00,84.2744,51.6407,2.7119
2026-08-08 23:13:00,84.5493,54.5743,2.7778
2026-08-08 23:14:00,84.7754,52.2187,2.7307
2026-08-08 23:15:00,84.4348,51.5583,2.6094
2026-08-08 23:16:00,84.8374,52.2638,2.9008
2026-08-08 23:17:00,84.6178,51.8895,2.7567
2026-08-08 23:18:00,84.4960,52.8933,2.7343
2026-08-08 23:19:00,84.7323,51.2563,2.6532
2026-08-08 23:20:00,84.8375,52.7114,2.7123
2026-08-08 23:21:00,84.4691,53.1487,2.6695
2026-08-08 23:22:00,84.6549,53.8227,2.6322
2026-08-08 23:23:00,84.8722,53.1994,2.7635
2026-08-08 23:24:00,84.5077,53.8100,2.6958
2026-08-08 23:25:00,84.2437,52.2061,2.8129
2026-08-08 23:26:00,84.2850,53.0231,2.6971
2026-08-08 23:27:00,84.6257,50.9410,2.7396
2026-08-08 23:28:00,84.3609,52.6494,2.7316
2026-08-08 23:29:00,84.6576,53.0658,2.7561
2026-08-08 23:30:00,85.2671,53.1534,2.6280
2026-08-08 23:31:00,84.3600,51.5272,2.7964
2026-08-08 23:32:00,84.6949,52.4886,2.5827
2026-08-08 23:33:00,85.4256,52.6140,2.6991
2026-08-08 23:34:00,84.9148,52.4847,2.5683
2026-08-08 23:35:00,84.6886,53.4208,2.6706
2026-08-08 23:36:00,84.7587,52.6797,2.7654
2026-08-08 23:37:00,84.9414,52.9445,2.7255
2026-08-08 23:38:00,85.3284,52.4848,2.7692
2026-08-08 23:39:00,84.6677,53.7392,2.6264
2026-08-08 23:40:00,84.6070,53.8092,2.7409
2026-08-08 23:41:00,84.4281,52.6610,2.5739
2026-08-08 23:42:00,84.8803,55.1976,2.5904
2026-08-08 23:43:00,84.4354,52.3128,2.6422
2026-08-08 23:44:00,84.7258,53.7402,2.7070
2026-08-08 23:45:00,84.6002,52.1816,2.5601
2026-08-08 23:46:00,85.2031,53.5682,2.6770
2026-08-08 23:47:00,84.7365,53.5127,2.6233
2026-08-08 23:48:00,85.0163,52.1537,2.6264
2026-08-08 23:49:00,84.4243,52.8645,2.4997
2026-08-08 23:50:00,84.9533,54.4685,2.5392
2026-08-08 23:51:00,84.5613,52.3278,2.5607
2026-08-08 23:52:00,84.8031,53.3051,2.5961
2026-08-08 23:53:00,85.6027,53.2558,2.4739
2026-08-08 23:54:00,85.2275,52.9569,2.4177
2026-08-08 23:55:00,84.9180,51.6087,2.3259
2026-08-08 23:56:00,85.9248,53.6588,2.6059
2026-08-08 23:57:00,84.6993,53.0070,2.6179
2026-08-08 23:58:00,85.3321,53.8820,2.3147
2026-08-08 23:59:00,84.5315,53.1851,2.5154
2026-08-09 00:00:00,84.9268,53.0516,2.4623
2026-08-09 00:01:00,84.6044,53.2978,2.6138
2026-08-09 00:02:00,85.0946,52.2089,2.4633
2026-08-09 00:03:00,85.0429,54.2442,2.5310
2026-08-09 00:04:00,84.9425,52.6956,2.4261
2026-08-09 00:05:00,85.3711,52.7035,2.3921
2026-08-09 00:06:00,84.8820,54.0246,2.5298
2026-08-09 00:07:00,85.1588,53.1853,2.5532
2026-08-09 00:08:00,85.3154,52.7944,2.3107
2026-08-09 00:09:00,84.6328,53.3103,2.5442
2026-08-09 00:10:00,84.8616,53.4751,2.3249
2026-08-09 00:11:00,85.1107,52.8743,2.1816
2026-08-09 00:12:00,85.2919,53.7009,2.4084
2026-08-09 00:13:00,85.5374,51.9402,2.4506
2026-08-09 00:14:00,85.0544,53.1592,2.2409
2026-08-09 00:15:00,85.0322,53.5826,2.1869
2026-08-09 00:16:00,84.8733,53.4319,2.3285
2026-08-09 00:17:00,85.2419,51.1332,2.3080
2026-08-09 00:18:00,85.0615,52.8158,2.5008
2026-08-09 00:19:00,85.0760,51.9365,2.3581
2026-08-09 00:20:00,85.1376,53.9264,2.4235
2026-08-09 00:21:00,85.3386,52.5748,2.3642
2026-08-09 00:22:00,85.0112,53.8162,2.4935
2026-08-09 00:23:00,84.9557,51.8914,2.2409
2026-08-09 00:24:00,85.3238,53.1657,2.3149
2026-08-09 00:25:00,84.2933,52.8471,2.1605
2026-08-09 00:26:00,85.0266,55.0392,2.3923
2026-08-09 00:27:00,84.8687,53.7569,2.4166
2026-08-09 00:28:00,85.5813,53.6918,2.3865
2026-08-09 00:29:00,85.0942,54.4087,2.2810
2026-08-09 00:30:00,85.0641,52.9987,2.1389
2026-08-09 00:31:00,85.2235,52.6768,2.2737
2026-08-09 00:32:00,85.0650,52.5698,2.2093
2026-08-09 00:33:00,85.1281,52.9867,2.3641
2026-08-09 00:34:00,85.2832,50.4917,2.2242
2026-08-09 00:35:00,85.1323,52.6925,2.2172
2026-08-09 00:36:00,85.1349,52.8545,2.4747
2026-08-09 00:37:00,84.9651,52.5303,2.3327
2026-08-09 00:38:00,84.9262,51.4117,2.3560
2026-08-09 00:39:00,85.2946,52.4976,2.1930
2026-08-09 00:40:00,85.3721,51.3711,2.1302
2026-08-09 00:41:00,84.8552,53.9972,2.3430
2026-08-09 00:42:00,85.5149,52.3520,2.3819
2026-08-09 00:43:00,85.5192,50.8870,2.1006
2026-08-09 00:44:00,85.5852,52.3508,2.1742
2026-08-09 00:45:00,85.3853,53.2107,2.1314
2026-08-09 00:46:00,85.4887,52.6132,2.2681
2026-08-09 00:47:00,85.9550,51.7188,2.3258
2026-08-09 00:48:00,85.2108,51.8845,2.1779
2026-08-09 00:49:00,84.9890,52.1743,2.1752
2026-08-09 00:50:00,84.8436,52.0283,2.0145
2026-08-09 00:51:00,85.8314,51.3483,2.1129
2026-08-09 00:52:00,85.8359,52.2774,2.3573
2026-08-09 00:53:00,85.0282,51.2395,2.2543
2026-08-09 00:54:00,85.0873,53.0405,2.2963
2026-08-09 00:55:00,85.2080,53.1124,2.1661
2026-08-09 00:56:00,85.6719,51.4269,2.1743
2026-08-09 00:57:00,84.9175,51.6297,2.2028
2026-08-09 00:58:00,84.7125,51.8377,2.2328
2026-08-09 00:59:00,85.9512,52.1237,2.3377
2026-08-09 01:00:00,85.3928,52.3268,2.1327
2026-08-09 01:01:00,85.4332,52.4638,2.1863
2026-08-09 01:02:00,85.2328,52.4168,2.1211
2026-08-09 01:03:00,85.4312,53.2795,2.0041
2026-08-09 01:04:00,84.8341,52.0557,2.2937
2026-08-09 01:05:00,85.0326,50.9361,2.3773
2026-08-09 01:06:00,85.3126,50.6610,2.2802
2026-08-09 01:07:00,84.5956,53.2269,2.2281
2026-08-09 01:08:00,85.1816,52.2957,2.3919
2026-08-09 01:09:00,85.1583,52.0224,2.2542
2026-08-09 01:10:00,85.1716,52.1855,2.2905
2026-08-09 01:11:00,85.0915,51.9232,2.2265
2026-08-09 01:12:00,84.9522,52.1099,2.2441
2026-08-09 01:13:00,84.6982,51.4334,2.2039
2026-08-09 01:14:00,85.2817,52.5434,2.3032
2026-08-09 01:15:00,85.1413,51.2468,2.1137
2026-08-09 01:16:00,84.8115,50.9113,2.2679
2026-08-09 01:17:00,85.2353,50.2482,2.1439
2026-08-09 01:18:00,85.1201,51.3773,2.2837
2026-08-09 01:19:00,85.0620,52.5479,2.4758
2026-08-09 01:20:00,84.5446,51.1341,2.3102
2026-08-09 01:21:00,85.3875,50.3630,2.3616
2026-08-09 01:22:00,84.8034,51.6593,2.3386
2026-08-09 01:23:00,85.1826,50.8760,2.0202
2026-08-09 01:24:00,84.9110,52.6006,2.2441
2026-08-09 01:25:00,85.0265,52.1865,2.3068
2026-08-09 01:26:00,85.4780,50.2748,2.0580
2026-08-09 01:27:00,85.2807,51.1169,2.2435
2026-08-09 01:28:00,85.4488,50.6160,2.2691
2026-08-09 01:29:00,85.1971,50.2558,2.1592
2026-08-09 01:30:00,85.2046,51.1033,2.1909
2026-08-09 01:31:00,84.5389,51.7663,2.4272
2026-08-09 01:32:00,84.9651,51.0097,1.9412
2026-08-09 01:33:00,84.9797,50.6254,2.3323
2026-08-09 01:34:00,85.4007,49.2364,2.4276
2026-08-09 01:35:00,84.8679,50.4317,2.3147
2026-08-09 01:36:00,85.0850,51.3685,2.4645
2026-08-09 01:37:00,85.0586,49.8161,2.2873
2026-08-09 01:38:00,85.3233,51.8781,2.2461
2026-08-09 01:39:00,84.9206,50.3474,2.3423
2026-08-09 01:40:00,85.1935,50.9314,2.3118
2026-08-09 01:41:00,84.4177,50.4191,2.2997
2026-08-09 01:42:00,84.4287,49.7593,2.3458
2026-08-09 01:43:00,84.2113,51.0143,2.2916
2026-08-09 01:44:00,85.1152,50.1453,2.2942
2026-08-09 01:45:00,85.0643,49.9188,2.2730
2026-08-09 01:46:00,85.1137,48.6458,2.4341
2026-08-09 01:47:00,84.6235,51.5502,2.3000
2026-08-09 01:48:00,84.6395,50.4742,2.2831
2026-08-09 01:49:00,84.7537,51.3157,2.3074
2026-08-09 01:50:00,85.2043,50.8877,2.4429
2026-08-09 01:51:00,85.2603,51.2378,2.4969
2026-08-09 01:52:00,84.9708,49.8623,2.5127
2026-08-09 01:53:00,84.8123,49.1765,2.4668
2026-08-09 01:54:00,85.0936,50.8455,2.5066
2026-08-09 01:55:00,84.5959,50.3004,2.4554
2026-08-09 01:56:00,84.5348,49.7839,2.5142
2026-08-09 01:57:00,84.5925,50.7120,2.5205
2026-08-09 01:58:00,84.3165,50.3250,2.4113
2026-08-09 01:59:00,84.5362,50.5504,2.3846
2026-08-09 02:00:00,84.2318,49.1821,2.6352
2026-08-09 02:01:00,84.8525,50.7428,2.5204
2026-08-09 02:02:00,84.6859,49.9178,2.6209
2026-08-09 02:03:00,84.9292,50.7501,2.4135
2026-08-09 02:04:00,83.9889,50.6176,2.4908
2026-08-09 02:05:00,85.0252,50.3528,2.4015
2026-08-09 02:06:00,83.9598,49.6757,2.6116
2026-08-09 02:07:00,84.0486,50.2932,2.4932
2026-08-09 02:08:00,84.1982,50.5750,2.5069
2026-08-09 02:09:00,84.7529,50.1328,2.7656
2026-08-09 02:10:00,84.4041,49.7705,2.6443
2026-08-09 02:11:00,84.2390,50.1390,2.6506
2026-08-09 02:12:00,84.0498,49.1101,2.4725
2026-08-09 02:13:00,83.8501,50.7031,2.4144
2026-08-09 02:14:00,84.5778,48.1078,2.7046
2026-08-09 02:15:00,84.4525,49.4423,2.3908
2026-08-09 02:16:00,84.5934,49.0515,2.5719
2026-08-09 02:17:00,84.2812,48.8252,2.5480
2026-08-09 02:18:00,83.3439,49.5438,2.5437
2026-08-09 02:19:00,83.7374,48.3612,2.5991
2026-08-09 02:20:00,84.2243,50.9451,2.5444
2026-08-09 02:21:00,83.9478,48.1040,2.5351
2026-08-09 02:22:00,83.8648,48.3869,2.6889
2026-08-09 02:23:00,83.6751,48.2738,2.7766
2026-08-09 02:24:00,84.2638,49.2317,2.5027
2026-08-09 02:25:00,84.0898,49.8473,2.7022
2026-08-09 02:26:00,84.0765,49.4194,2.7429
2026-08-09 02:27:00,83.7092,50.1395,2.7395
2026-08-09 02:28:00,83.9252,48.2631,2.6786
2026-08-09 02:29:00,83.4440,49.4153,2.6468
2026-08-09 02:30:00,83.7792,48.6091,2.7880
2026-08-09 02:31:00,83.0325,48.9982,2.7511
2026-08-09 02:32:00,83.2932,49.6667,2.5335
2026-08-09 02:33:00,83.6396,47.3902,2.7060
2026-08-09 02:34:00,84.4214,50.3013,2.7387
2026-08-09 02:35:00,83.1411,48.5569,2.6286
2026-08-09 02:36:00,83.2807,47.3527,2.7184
2026-08-09 02:37:00,83.6913,48.0489,2.7964
2026-08-09 02:38:00,84.1295,48.6504,2.6689
2026-08-09 02:39:00,83.6317,47.9797,2.7791
2026-08-09 02:40:00,83.7541,46.8617,2.6609
2026-08-09 02:41:00,83.4145,48.5436,2.6400
2026-08-09 02:42:00,83.3350,47.8551,2.8289
2026-08-09 02:43:00,83.4852,48.9201,2.8882
2026-08-09 02:44:00,83.2354,47.5114,2.6557
2026-08-09 02:45:00,83.6226,50.1425,2.8725
2026-08-09 02:46:00,82.8959,48.7117,2.7788
2026-08-09 02:47:00,83.6173,48.4260,2.5614
2026-08-09 02:48:00,83.3346,48.7351,2.6418
2026-08-09 02:49:00,83.2310,46.7478,2.8485
2026-08-09 02:50:00,82.7752,47.7761,2.6274
2026-08-09 02:51:00,82.9469,49.5691,2.7299
2026-08-09 02:52:00,83.5732,47.8559,2.7853
2026-08-09 02:53:00,83.1240,48.0314,2.8398
2026-08-09 02:54:00,83.2431,47.6785,2.8148
2026-08-09 02:55:00,82.8688,49.1936,2.9543
2026-08-09 02:56:00,83.0971,47.7969,2.7168
2026-08-09 02:57:00,82.6675,46.9621,2.8089
2026-08-09 02:58:00,83.0826,49.9980,2.8449
2026-08-09 02:59:00,83.1374,46.8066,2.8711
2026-08-09 03:00:00,83.0962,47.8008,2.9051
2026-08-09 03:01:00,82.7028,47.1777,2.7565
2026-08-09 03:02:00,82.8453,47.2626,2.8647
2026-08-09 03:03:00,83.0833,46.9492,2.7065
2026-08-09 03:04:00,82.8332,47.3386,2.7906
2026-08-09 03:05:00,82.7850,48.5317,2.8476
2026-08-09 03:06:00,83.4170,46.1972,2.8938
2026-08-09 03:07:00,82.5356,48.7021,2.8520
2026-08-09 03:08:00,83.1202,48.5393,2.8025
2026-08-09 03:09:00,82.4251,48.0513,2.7838
2026-08-09 03:10:00,82.9436,47.7209,2.8447
2026-08-09 03:11:00,82.9354,47.8175,3.0066
2026-08-09 03:12:00,82.5460,48.7117,2.8708
2026-08-09 03:13:00,82.3102,46.1534,2.8209
2026-08-09 03:14:00,82.0609,48.1095,2.6432
2026-08-09 03:15:00,82.4443,46.9087,2.6927
2026-08-09 03:16:00,82.7639,48.1446,2.7417
2026-08-09 03:17:00,82.2601,46.9719,2.8618
2026-08-09 03:18:00,82.5902,48.0076,2.6736
2026-08-09 03:19:00,82.0961,46.1830,2.8279
2026-08-09 03:20:00,82.4472,46.0479,2.7718
2026-08-09 03:21:00,82.1518,47.2921,2.7913
2026-08-09 03:22:00,82.4514,48.5120,2.7300
2026-08-09 03:23:00,82.3037,47.7741,2.6876
2026-08-09 03:24:00,82.0765,47.7503,2.6453
2026-08-09 03:25:00,82.2158,47.9975,2.7992
2026-08-09 03:26:00,82.1135,46.9747,2.7255
2026-08-09 03:27:00,81.9801,47.7642,2.6204
2026-08-09 03:28:00,82.6800,46.7956,2.7453
2026-08-09 03:29:00,82.2284,46.9924,3.0599
2026-08-09 03:30:00,81.6575,47.0765,2.6920
2026-08-09 03:31:00,82.1132,46.7771,2.8719
2026-08-09 03:32:00,82.5570,47.1464,2.4422
2026-08-09 03:33:00,82.0370,46.9818,2.6678
2026-08-09 03:34:00,82.6979,46.6059,2.7843
2026-08-09 03:35:00,81.9752,47.0467,2.6842
2026-08-09 03:36:00,82.3672,47.2710,2.6121
2026-08-09 03:37:00,82.5116,46.2550,2.6673
2026-08-09 03:38:00,82.3205,47.4575,2.7619
2026-08-09 03:39:00,81.7584,46.7177,2.8711
2026-08-09 03:40:00,81.8737,47.2608,2.7566
2026-08-09 03:41:00,82.4936,46.5601,2.5927
2026-08-09 03:42:00,81.8878,47.9233,2.6129
2026-08-09 03:43:00,82.4089,47.8389,2.6066
2026-08-09 03:44:00,81.9746,46.2260,2.5353
2026-08-09 03:45:00,82.1340,47.4776,2.5993
2026-08-09 03:46:00,81.6641,48.2073,2.5801
2026-08-09 03:47:00,81.8864,46.2848,2.4801
2026-08-09 03:48:00,81.7956,46.3418,2.6765
2026-08-09 03:49:00,82.1157,47.6191,2.6273
2026-08-09 03:50:00,82.0663,45.9799,2.5136
2026-08-09 03:51:00,82.1679,46.3988,2.5848
2026-08-09 03:52:00,81.8732,46.2047,2.4659
2026-08-09 03:53:00,81.7331,47.6106,2.4994
2026-08-09 03:54:00,82.0593,46.4553,2.6157
2026-08-09 03:55:00,81.6884,46.7787,2.5863
2026-08-09 03:56:00,82.3141,46.4055,2.4800
2026-08-09 03:57:00,81.9500,47.9211,2.5547
2026-08-09 03:58:00,81.8808,46.3135,2.5083
2026-08-09 03:59:00,82.1122,45.8742,2.4081
2026-08-09 04:00:00,81.9460,45.8426,2.4833
2026-08-09 04:01:00,81.4674,47.5552,2.5354
2026-08-09 04:02:00,81.6428,47.6137,2.5149
2026-08-09 04:03:00,82.2755,48.0012,2.3072
2026-08-09 04:04:00,81.9809,45.9953,2.4853
2026-08-09 04:05:00,81.4493,46.8215,2.4634
2026-08-09 04:06:00,82.0580,48.9511,2.2632
2026-08-09 04:07:00,81.7837,46.7707,2.3645
2026-08-09 04:08:00,81.6888,46.5657,2.4868
2026-08-09 04:09:00,81.6079,47.0040,2.5684
2026-08-09 04:10:00,82.2521,47.4496,2.2583
2026-08-09 04:11:00,81.3638,47.4416,2.5127
2026-08-09 04:12:00,81.7041,46.5454,2.2193
2026-08-09 04:13:00,81.9939,46.5753,2.5396
2026-08-09 04:14:00,82.4343,46.8131,2.3686
2026-08-09 04:15:00,82.1306,46.4736,2.3137
2026-08-09 04:16:00,81.7147,46.0777,2.4134
2026-08-09 04:17:00,82.4320,48.5203,2.2746
2026-08-09 04:18:00,81.5719,46.7574,2.4154
2026-08-09 04:19:00,82.0639,46.8121,2.3445
2026-08-09 04:20:00,82.1370,46.8470,1.9690
2026-08-09 04:21:00,81.7333,47.0482,2.2622
2026-08-09 04:22:00,82.2145,47.4713,2.3557
2026-08-09 04:23:00,81.8591,46.7628,2.4367
2026-08-09 04:24:00,82.2305,48.0583,2.3568
2026-08-09 04:25:00,81.4793,47.6375,2.4224
2026-08-09 04:26:00,82.1414,47.0194,2.2218
2026-08-09 04:27:00,81.9277,46.6524,2.3779
2026-08-09 04:28:00,82.4071,48.0672,2.3737
2026-08-09 04:29:00,82.0605,47.0839,2.1304
2026-08-09 04:30:00,82.4606,46.2342,2.3978
2026-08-09 04:31:00,82.2507,48.0605,2.3151
2026-08-09 04:32:00,82.0733,46.6783,2.2489
2026-08-09 04:33:00,82.3616,47.9704,2.2420
2026-08-09 04:34:00,82.3779,45.2808,2.1631
2026-08-09 04:35:00,82.2961,47.0145,2.3251
2026-08-09 04:36:00,81.4823,48.2550,2.2875
2026-08-09 04:37:00,81.8912,47.3491,2.3111
2026-08-09 04:38:00,82.6177,47.8421,2.2563
2026-08-09 04:39:00,81.8428,46.6610,2.2648
2026-08-09 04:40:00,82.5020,47.6801,2.2106
2026-08-09 04:41:00,82.4673,47.4248,2.3440
2026-08-09 04:42:00,82.0564,47.6367,2.2933
2026-08-09 04:43:00,81.6948,49.0942,2.2465
2026-08-09 04:44:00,82.1426,48.5277,2.2125
2026-08-09 04:45:00,82.9570,48.1392,2.0460
2026-08-09 04:46:00,82.0955,48.1713,2.0215
2026-08-09 04:47:00,82.1376,46.8228,2.1804
2026-08-09 04:48:00,82.0986,47.1960,2.3416
2026-08-09 04:49:00,82.7848,46.3702,2.1419
2026-08-09 04:50:00,82.3704,46.6043,2.1437
2026-08-09 04:51:00,82.2790,46.9348,2.1111
2026-08-09 04:52:00,82.9149,47.6453,2.0775
2026-08-09 04:53:00,82.6892,46.7135,2.1136
2026-08-09 04:54:00,82.2646,47.6874,2.2316
2026-08-09 04:55:00,82.1989,47.6213,2.1534
2026-08-09 04:56:00,82.9394,46.8632,2.1479
2026-08-09 04:57:00,82.6235,49.0175,2.1383
2026-08-09 04:58:00,82.1808,46.7643,2.2241
2026-08-09 04:59:00,82.1381,48.7450,2.2391
2026-08-09 05:00:00,82.3662,46.0753,2.0131
2026-08-09 05:01:00,82.3576,47.7928,2.1241
2026-08-09 05:02:00,82.1445,46.9768,2.1915
2026-08-09 05:03:00,82.4578,47.4400,2.2448
2026-08-09 05:04:00,82.5418,49.4407,2.2144
2026-08-09 05:05:00,82.7090,47.7444,2.2849
2026-08-09 05:06:00,83.3864,47.1680,2.0625
2026-08-09 05:07:00,82.8296,48.4718,2.2465
2026-08-09 05:08:00,82.8910,47.8274,2.4117
2026-08-09 05:09:00,83.1260,48.2633,2.2131
2026-08-09 05:10:00,82.9345,47.4422,2.2191
2026-08-09 05:11:00,83.1586,47.5129,2.2643
2026-08-09 05:12:00,83.1560,47.6065,2.1601
2026-08-09 05:13:00,83.1422,48.9073,2.1225
2026-08-09 05:14:00,83.9695,48.1193,2.2257
2026-08-09 05:15:00,83.4473,47.4947,2.0574
2026-08-09 05:16:00,82.8843,48.4955,2.2655
2026-08-09 05:17:00,83.3551,48.4627,2.2857
2026-08-09 05:18:00,83.0420,48.8914,2.0723
2026-08-09 05:19:00,83.4494,48.0807,2.2527
2026-08-09 05:20:00,82.9392,48.4379,2.2185
2026-08-09 05:21:00,83.0561,48.8715,2.3920
2026-08-09 05:22:00,83.5285,47.7610,2.3794
2026-08-09 05:23:00,83.7620,49.3121,2.3369
2026-08-09 05:24:00,83.6511,48.6512,2.3784
2026-08-09 05:25:00,83.7945,47.7923,2.2255
2026-08-09 05:26:00,83.6886,47.8217,2.2929
2026-08-09 05:27:00,83.6668,48.6645,2.2466
2026-08-09 05:28:00,83.5027,48.3396,2.1773
2026-08-09 05:29:00,83.9369,49.4195,2.2907
2026-08-09 05:30:00,84.0398,48.6225,2.2795
2026-08-09 05:31:00,83.7531,49.1308,2.2733
2026-08-09 05:32:00,83.7769,48.2460,2.2933
2026-08-09 05:33:00,84.3295,48.9433,2.3112
2026-08-09 05:34:00,83.8864,50.0510,2.4000
2026-08-09 05:35:00,83.9559,48.9172,2.2589
2026-08-09 05:36:00,84.1193,48.6306,2.1957
2026-08-09 05:37:00,83.9858,48.4193,2.3979
2026-08-09 05:38:00,83.8104,49.1329,2.4223
2026-08-09 05:39:00,84.2114,50.3131,2.3790
2026-08-09 05:40:00,84.1280,48.1327,2.2361
2026-08-09 05:41:00,84.7342,49.2216,2.3437
2026-08-09 05:42:00,84.4601,47.9286,2.3923
2026-08-09 05:43:00,84.0872,49.0096,2.2640
2026-08-09 05:44:00,84.5269,49.5865,2.3015
2026-08-09 05:45:00,84.4431,48.1504,2.3705
2026-08-09 05:46:00,84.7862,49.0974,2.5108
2026-08-09 05:47:00,84.2788,49.7244,2.4224
2026-08-09 05:48:00,84.5357,49.6356,2.3500
2026-08-09 05:49:00,84.4924,49.8407,2.3946
2026-08-09 05:50:00,84.5828,48.8287,2.3557
2026-08-09 05:51:00,84.3429,49.8795,2.3888
2026-08-09 05:52:00,84.8245,49.2064,2.5099
2026-08-09 05:53:00,84.8205,50.2967,2.2533
2026-08-09 05:54:00,85.1241,47.9161,2.5846
2026-08-09 05:55:00,84.7790,49.5721,2.6798
2026-08-09 05:56:00,84.7020,49.9221,2.4849
2026-08-09 05:57:00,85.1059,50.9618,2.3934
2026-08-09 05:58:00,84.6745,49.9909,2.6006
2026-08-09 05:59:00,85.2819,50.1114,2.5199
2026-08-09 06:00:00,85.3249,50.3004,2.4474
2026-08-09 06:01:00,85.4208,51.0417,2.4107
2026-08-09 06:02:00,85.2002,49.7730,2.4751
2026-08-09 06:03:00,84.9849,48.9953,2.5428
2026-08-09 06:04:00,85.2072,48.8814,2.6209
2026-08-09 06:05:00,85.3320,50.7276,2.5676
2026-08-09 06:06:00,85.0934,50.4139,2.5923
2026-08-09 06:07:00,85.7048,50.0694,2.5213
2026-08-09 06:08:00,85.5223,49.8447,2.6479
2026-08-09 06:09:00,85.1239,50.4973,2.5494
2026-08-09 06:10:00,85.9996,50.5594,2.7614
2026-08-09 06:11:00,85.5071,50.8143,2.5199
2026-08-09 06:12:00,85.1927,49.5824,2.6322
2026-08-09 06:13:00,85.3148,49.0966,2.8191
2026-08-09 06:14:00,86.0530,49.8159,2.7117
2026-08-09 06:15:00,86.1968,49.5044,2.6893
2026-08-09 06:16:00,85.9946,49.5014,2.6517
2026-08-09 06:17:00,86.1300,51.9179,2.6344
2026-08-09 06:18:00,86.1414,48.8867,2.6188
2026-08-09 06:19:00,85.9855,51.1142,2.5870
2026-08-09 06:20:00,85.9590,51.5021,2.4964
2026-08-09 06:21:00,86.0640,51.6043,2.7208
2026-08-09 06:22:00,86.1643,51.0738,2.5096
2026-08-09 06:23:00,85.7624,51.9456,2.7351
2026-08-09 06:24:00,86.2455,52.3538,2.6454
2026-08-09 06:25:00,86.5044,50.7225,2.5871
2026-08-09 06:26:00,86.0455,51.3594,2.8294
2026-08-09 06:27:00,86.0539,52.0590,2.5499
2026-08-09 06:28:00,86.3310,50.3855,2.6341
2026-08-09 06:29:00,86.0331,50.9157,2.6492
2026-08-09 06:30:00,85.8726,50.6474,2.7271
2026-08-09 06:31:00,86.6513,51.5530,2.6563
2026-08-09 06:32:00,86.2109,49.7017,2.8691
2026-08-09 06:33:00,86.3905,52.4053,2.5910
2026-08-09 06:34:00,86.2405,51.7186,3.1417
2026-08-09 06:35:00,86.8448,51.7988,2.6321
2026-08-09 06:36:00,86.7557,49.4713,3.0383
2026-08-09 06:37:00,86.4651,50.5647,2.8565
2026-08-09 06:38:00,86.2207,52.6239,2.7406
2026-08-09 06:39:00,86.5075,51.3239,2.7785
2026-08-09 06:40:00,86.8193,50.1207,2.7219
2026-08-09 06:41:00,86.7411,51.7112,2.7984
2026-08-09 06:42:00,86.7532,52.1108,2.6936
2026-08-09 06:43:00,86.8195,52.0260,2.8417
2026-08-09 06:44:00,87.0188,51.5136,2.7923
2026-08-09 06:45:00,86.8135,52.5752,2.6782
2026-08-09 06:46:00,86.9955,51.1376,2.8228
2026-08-09 06:47:00,86.5985,52.1635,2.8193
2026-08-09 06:48:00,87.6943,51.8714,2.7136
2026-08-09 06:49:00,86.8763,51.6885,2.7449
2026-08-09 06:50:00,87.0554,51.5231,2.8410
2026-08-09 06:51:00,87.1967,51.5824,2.9008
2026-08-09 06:52:00,86.9355,51.9138,2.7792
2026-08-09 06:53:00,87.0927,51.6841,2.8880
2026-08-09 06:54:00,87.1202,52.5348,2.9130
2026-08-09 06:55:00,86.8780,51.5492,2.9278
2026-08-09 06:56:00,87.3141,53.2620,2.8401
2026-08-09 06:57:00,86.7176,51.5719,2.7089
2026-08-09 06:58:00,87.7675,52.8011,2.8887
2026-08-09 06:59:00,87.5085,52.8639,2.7808
2026-08-09 07:00:00,87.4908,52.2540,2.8507
2026-08-09 07:01:00,86.8060,52.2103,2.7370
2026-08-09 07:02:00,87.1167,51.5929,2.7396
2026-08-09 07:03:00,87.7983,51.7893,2.7289
2026-08-09 07:04:00,88.6534,52.4053,2.6659
2026-08-09 07:05:00,87.7925,52.2194,2.7388
2026-08-09 07:06:00,87.7707,53.2277,2.6930
2026-08-09 07:07:00,87.6421,51.9429,2.8516
2026-08-09 07:08:00,87.2549,52.0162,2.6870
2026-08-09 07:09:00,87.8317,51.0242,2.7248
2026-08-09 07:10:00,87.2263,52.8949,2.7901
2026-08-09 07:11:00,87.2165,52.8463,2.9689
2026-08-09 07:12:00,87.2201,53.2087,2.7161
2026-08-09 07:13:00,87.9168,53.2767,2.6446
2026-08-09 07:14:00,87.6283,53.1035,2.6489
2026-08-09 07:15:00,87.6967,53.1593,2.6911
2026-08-09 07:16:00,87.6821,53.0041,2.7084
2026-08-09 07:17:00,87.3689,53.1485,3.0012
2026-08-09 07:18:00,87.5246,51.0844,2.8640
2026-08-09 07:19:00,87.5585,51.6984,2.7321
2026-08-09 07:20:00,87.3412,51.5875,2.9451
2026-08-09 07:21:00,87.6292,53.6336,2.6945
2026-08-09 07:22:00,87.4731,52.0101,2.7105
2026-08-09 07:23:00,87.9874,52.1567,2.7001
2026-08-09 07:24:00,88.0283,52.6783,2.8454
2026-08-09 07:25:00,87.4574,51.6957,2.7310
2026-08-09 07:26:00,87.7714,53.0122,2.8839
2026-08-09 07:27:00,88.4315,51.0201,2.7715
2026-08-09 07:28:00,87.5942,51.7986,2.8138
2026-08-09 07:29:00,88.0296,52.9154,2.5360
2026-08-09 07:30:00,87.9459,51.7783,2.5422
2026-08-09 07:31:00,88.2541,53.8257,2.5399
2026-08-09 07:32:00,88.0264,52.8378,2.6579
2026-08-09 07:33:00,87.8193,53.7202,2.5409
2026-08-09 07:34:00,87.9791,53.1143,2.8128
2026-08-09 07:35:00,87.9933,52.8312,2.6627
2026-08-09 07:36:00,87.9506,52.0559,2.7379
2026-08-09 07:37:00,87.5910,53.6084,2.6207
2026-08-09 07:38:00,88.3677,53.2295,2.7459
2026-08-09 07:39:00,88.3223,54.5551,2.4602
2026-08-09 07:40:00,87.6960,53.5605,2.6451
2026-08-09 07:41:00,87.9255,52.5898,2.6932
2026-08-09 07:42:00,87.9540,53.1486,2.6947
2026-08-09 07:43:00,87.6798,53.2637,2.5974
2026-08-09 07:44:00,87.4714,53.8648,2.4509
2026-08-09 07:45:00,87.8344,53.9999,2.7159
2026-08-09 07:46:00,87.9322,52.8202,2.5683
2026-08-09 07:47:00,87.6098,51.9843,2.5696
2026-08-09 07:48:00,88.0977,51.4800,2.8146
2026-08-09 07:49:00,88.3954,52.0573,2.5949
2026-08-09 07:50:00,88.3005,52.5009,2.5258
2026-08-09 07:51:00,88.0106,54.1827,2.5122
2026-08-09 07:52:00,87.4967,54.1992,2.6269
2026-08-09 07:53:00,88.2632,53.7555,2.4726
2026-08-09 07:54:00,88.0916,53.9751,2.5981
2026-08-09 07:55:00,88.1735,52.4277,2.6493
2026-08-09 07:56:00,88.6251,51.7836,2.5225
2026-08-09 07:57:00,87.7943,52.1925,2.6223
2026-08-09 07:58:00,87.1763,51.3711,2.5088
2026-08-09 07:59:00,87.7192,52.1086,2.4391
2026-08-09 08:00:00,88.1769,52.5952,2.3335
2026-08-09 08:01:00,88.0345,53.1331,2.5197
2026-08-09 08:02:00,87.6566,53.1073,2.5139
2026-08-09 08:03:00,87.5897,52.4460,2.5746
2026-08-09 08:04:00,87.9031,53.4510,2.5571
2026-08-09 08:05:00,87.6289,52.4572,2.6676
2026-08-09 08:06:00,88.1517,52.9988,2.3950
2026-08-09 08:07:00,87.8644,52.0994,2.4809
2026-08-09 08:08:00,87.7915,53.8545,2.3689
2026-08-09 08:09:00,87.7434,52.9959,2.5230
2026-08-09 08:10:00,88.0406,53.5174,2.3297
2026-08-09 08:11:00,87.9648,51.9960,2.5062
2026-08-09 08:12:00,88.0024,53.1026,2.3336
2026-08-09 08:13:00,87.9852,53.4145,2.4765
2026-08-09 08:14:00,87.8984,51.3147,2.5131
2026-08-09 08:15:00,87.5985,53.8768,2.2298
2026-08-09 08:16:00,87.6772,51.9349,2.2433
2026-08-09 08:17:00,87.7654,53.0947,2.3943
2026-08-09 08:18:00,88.4904,54.3473,2.3766
2026-08-09 08:19:00,87.4528,53.6716,2.3276
2026-08-09 08:20:00,87.7179,51.7058,2.3024
2026-08-09 08:21:00,87.8587,52.7449,2.2577
2026-08-09 08:22:00,87.7235,53.8632,2.3697
2026-08-09 08:23:00,88.1216,52.2116,2.2336
2026-08-09 08:24:00,87.6912,52.5653,2.3603
2026-08-09 08:25:00,87.6974,52.5305,2.2599
2026-08-09 08:26:00,87.9958,53.2840,2.2689
2026-08-09 08:27:00,88.2778,51.5850,2.4267
2026-08-09 08:28:00,88.1397,53.3016,2.3947
2026-08-09 08:29:00,87.6588,52.2882,2.1938
2026-08-09 08:30:00,87.6670,52.7626,2.2006
2026-08-09 08:31:00,87.6775,52.5765,2.3602
2026-08-09 08:32:00,87.6889,53.2204,2.1337
2026-08-09 08:33:00,87.3715,52.7076,2.4173
2026-08-09 08:34:00,87.8873,53.8601,2.2804
2026-08-09 08:35:00,87.6485,53.4822,2.2042
2026-08-09 08:36:00,87.5529,52.0368,2.2583
2026-08-09 08:37:00,87.1646,53.7472,2.3889
2026-08-09 08:38:00,87.5439,52.8920,2.0353
2026-08-09 08:39:00,86.9361,52.7534,2.3468
2026-08-09 08:40:00,87.3082,53.2766,2.3596
2026-08-09 08:41:00,87.2920,51.7453,2.2043
2026-08-09 08:42:00,87.5250,51.4544,2.2255
2026-08-09 08:43:00,87.9805,52.5571,2.2429
2026-08-09 08:44:00,87.5656,52.0310,2.2993
2026-08-09 08:45:00,87.8056,54.1534,2.1499
2026-08-09 08:46:00,87.5415,51.8609,2.2185
2026-08-09 08:47:00,87.6621,52.4821,2.2072
2026-08-09 08:48:00,87.8580,52.5806,2.2826
2026-08-09 08:49:00,87.0575,53.3888,2.4799
2026-08-09 08:50:00,87.0137,51.5844,2.1368
2026-08-09 08:51:00,87.4291,51.0663,2.2162
2026-08-09 08:52:00,87.2028,53.4470,2.1305
2026-08-09 08:53:00,87.2452,52.3709,2.1561
2026-08-09 08:54:00,87.0795,52.9290,2.0961
2026-08-09 08:55:00,86.9500,52.9409,2.0495
2026-08-09 08:56:00,87.5896,53.0534,2.3199
2026-08-09 08:57:00,86.7479,51.9007,2.2365
2026-08-09 08:58:00,87.2580,51.6570,2.2097
2026-08-09 08:59:00,87.1834,50.5519,2.1127
2026-08-09 09:00:00,86.5263,51.3254,2.1925
2026-08-09 09:01:00,86.7245,52.1431,2.0845
2026-08-09 09:02:00,86.7485,51.5039,2.1977
2026-08-09 09:03:00,87.0902,51.1237,2.2343
2026-08-09 09:04:00,86.7840,52.0477,2.1474
2026-08-09 09:05:00,86.8417,53.0524,2.1269
2026-08-09 09:06:00,86.4032,51.9035,2.1545
2026-08-09 09:07:00,87.5112,51.0121,2.2865
2026-08-09 09:08:00,86.8077,52.9059,2.2267
2026-08-09 09:09:00,86.9089,51.2380,2.0476
2026-08-09 09:10:00,86.5697,53.0098,2.2826
2026-08-09 09:11:00,86.5088,51.5845,2.2667
2026-08-09 09:12:00,87.2510,51.8459,2.2334
2026-08-09 09:13:00,86.0747,52.9802,2.3818
2026-08-09 09:14:00,86.7058,50.6180,2.2223
2026-08-09 09:15:00,86.2312,50.8266,2.2659
2026-08-09 09:16:00,86.4456,51.3727,2.2729
2026-08-09 09:17:00,86.3480,51.4889,2.3170
2026-08-09 09:18:00,86.2161,53.6812,2.2104
2026-08-09 09:19:00,86.4949,50.8234,2.1719
2026-08-09 09:20:00,85.6862,50.4566,2.3375
2026-08-09 09:21:00,86.3343,50.7172,2.3363
2026-08-09 09:22:00,86.3743,51.6172,2.3759
2026-08-09 09:23:00,85.9660,51.7905,2.2943
2026-08-09 09:24:00,86.8002,50.7963,2.0924
2026-08-09 09:25:00,86.1403,51.3437,2.2784
2026-08-09 09:26:00,86.2199,52.8477,2.2702
2026-08-09 09:27:00,86.0861,51.2841,2.3948
2026-08-09 09:28:00,86.2119,51.4770,2.3829
2026-08-09 09:29:00,86.6015,52.6954,2.3437
2026-08-09 09:30:00,86.9238,50.5896,2.0806
2026-08-09 09:31:00,86.3784,50.5009,2.2110
2026-08-09 09:32:00,86.4540,50.6994,2.2628
2026-08-09 09:33:00,86.6156,50.6160,2.2710
2026-08-09 09:34:00,86.1485,49.5446,2.3279
2026-08-09 09:35:00,86.5181,51.0747,2.4654
2026-08-09 09:36:00,86.2582,51.1006,2.4016
2026-08-09 09:37:00,86.0371,50.7409,2.2382
2026-08-09 09:38:00,86.0726,51.0500,2.2537
2026-08-09 09:39:00,85.3949,51.0208,2.2514
2026-08-09 09:40:00,86.0028,49.7235,2.3383
2026-08-09 09:41:00,85.4261,50.9694,2.4374
2026-08-09 09:42:00,85.3759,51.1471,2.4602
2026-08-09 09:43:00,85.8957,49.3844,2.3332
2026-08-09 09:44:00,85.4782,51.7942,2.3750
2026-08-09 09:45:00,85.7850,49.5966,2.5526
2026-08-09 09:46:00,85.8035,49.6361,2.2440
2026-08-09 09:47:00,85.7920,50.6696,2.4637
2026-08-09 09:48:00,85.4411,50.8971,2.4603
2026-08-09 09:49:00,85.9575,51.0526,2.3851
2026-08-09 09:50:00,85.6368,50.8404,2.4205
2026-08-09 09:51:00,85.7718,49.9368,2.4720
2026-08-09 09:52:00,85.2566,50.4004,2.4082
2026-08-09 09:53:00,85.5384,50.0212,2.3816
2026-08-09 09:54:00,85.8977,50.3748,2.3818
2026-08-09 09:55:00,85.8363,50.2510,2.6471
2026-08-09 09:56:00,85.2832,49.7531,2.4246
2026-08-09 09:57:00,85.3360,49.8400,2.4966
2026-08-09 09:58:00,85.1806,48.5968,2.5628
2026-08-09 09:59:00,85.2580,50.7034,2.4710
2026-08-09 10:00:00,85.0133,50.2380,2.5036
2026-08-09 10:01:00,85.3699,48.1154,2.5581
2026-08-09 10:02:00,85.5799,50.5560,2.4309
2026-08-09 10:03:00,85.1333,49.8398,2.3699
2026-08-09 10:04:00,85.3207,49.0935,2.4583
2026-08-09 10:05:00,85.2612,48.9835,2.7120
2026-08-09 10:06:00,85.6236,49.2140,2.4894
2026-08-09 10:07:00,85.1035,48.9803,2.5677
2026-08-09 10:08:00,85.0947,49.0487,2.4298
2026-08-09 10:09:00,84.9941,51.0079,2.7042
2026-08-09 10:10:00,84.8875,49.9053,2.5475
2026-08-09 10:11:00,85.3687,51.1983,2.5397
2026-08-09 10:12:00,85.1509,49.7113,2.5794
2026-08-09 10:13:00,85.1897,49.9554,2.8514
2026-08-09 10:14:00,85.5378,48.7487,2.6517
2026-08-09 10:15:00,85.5374,49.2803,2.5991
2026-08-09 10:16:00,84.6267,49.3109,2.3337
2026-08-09 10:17:00,85.2980,49.8340,2.7645
2026-08-09 10:18:00,85.1548,49.2601,2.5667
2026-08-09 10:19:00,84.9323,49.5426,2.5579
2026-08-09 10:20:00,85.1532,49.4760,2.5737
2026-08-09 10:21:00,84.5214,48.9434,2.8033
2026-08-09 10:22:00,85.4628,48.8234,2.6592
2026-08-09 10:23:00,85.1636,48.5752,2.5177
2026-08-09 10:24:00,84.7349,49.9388,2.6559
2026-08-09 10:25:00,84.8046,48.7937,2.5995
2026-08-09 10:26:00,84.4554,49.2617,2.7248
2026-08-09 10:27:00,84.8586,48.8364,2.6562
2026-08-09 10:28:00,84.7948,49.7750,2.5438
2026-08-09 10:29:00,84.5292,47.2979,2.6983
2026-08-09 10:30:00,85.1472,49.0943,2.7065
2026-08-09 10:31:00,85.2851,47.8118,2.5923
2026-08-09 10:32:00,84.8820,49.0924,2.5269
2026-08-09 10:33:00,84.7871,48.6268,2.7564
2026-08-09 10:34:00,84.9981,47.5258,2.7051
2026-08-09 10:35:00,84.8510,48.9432,2.7165
2026-08-09 10:36:00,84.5218,48.8174,2.8173
2026-08-09 10:37:00,84.6406,48.4182,2.5534
2026-08-09 10:38:00,84.7378,48.4849,2.7576
2026-08-09 10:39:00,84.8918,48.6633,2.8220
2026-08-09 10:40:00,84.8112,49.4426,2.7415
2026-08-09 10:41:00,84.8628,48.2147,2.6220
2026-08-09 10:42:00,84.3340,49.2429,2.7012
2026-08-09 10:43:00,84.9830,48.3692,2.7256
2026-08-09 10:44:00,84.7769,49.4027,2.6162
2026-08-09 10:45:00,85.5344,48.1452,2.8143
2026-08-09 10:46:00,84.6454,47.7677,2.7804
2026-08-09 10:47:00,84.8522,47.3904,2.7185
2026-08-09 10:48:00,85.5978,48.2096,2.8839
2026-08-09 10:49:00,84.8014,47.5705,2.7354
2026-08-09 10:50:00,84.7173,49.2973,2.9378
2026-08-09 10:51:00,84.4364,47.4457,2.7648
2026-08-09 10:52:00,85.1861,47.5600,2.6980
2026-08-09 10:53:00,84.3754,48.5465,2.7025
2026-08-09 10:54:00,84.8471,49.0003,2.8054
2026-08-09 10:55:00,84.5731,48.6068,2.6904
2026-08-09 10:56:00,84.6548,48.8396,2.8128
2026-08-09 10:57:00,84.2813,47.8994,2.7590
2026-08-09 10:58:00,85.1086,47.8820,2.7572
2026-08-09 10:59:00,84.6198,49.5160,2.7957
2026-08-09 11:00:00,84.3364,49.2309,2.9005
2026-08-09 11:01:00,85.0749,48.4225,2.7456
2026-08-09 11:02:00,84.5463,48.7092,2.8180
2026-08-09 11:03:00,84.7967,48.4839,2.8435
2026-08-09 11:04:00,84.9478,46.8058,2.6774
2026-08-09 11:05:00,84.8370,47.7128,2.8497
2026-08-09 11:06:00,84.0355,48.9162,2.8778
2026-08-09 11:07:00,84.9030,48.2697,2.8916
2026-08-09 11:08:00,84.6645,47.6177,2.6826
2026-08-09 11:09:00,84.5966,48.8511,2.6878
2026-08-09 11:10:00,84.6634,47.9154,2.7843
2026-08-09 11:11:00,84.2143,48.2007,2.7765
2026-08-09 11:12:00,84.7564,47.8726,2.7872
2026-08-09 11:13:00,84.2912,47.9830,2.7471
2026-08-09 11:14:00,84.6167,48.0178,2.7987
2026-08-09 11:15:00,84.7516,48.5453,2.5218
2026-08-09 11:16:00,85.0294,48.6280,2.8399
2026-08-09 11:17:00,84.4641,47.1019,2.9180
2026-08-09 11:18:00,85.1485,47.7265,2.7120
2026-08-09 11:19:00,85.0004,48.4386,2.7839
2026-08-09 11:20:00,84.5910,47.2967,2.9279
2026-08-09 11:21:00,84.3910,46.3354,2.7591
2026-08-09 11:22:00,84.2945,46.6366,2.7821
2026-08-09 11:23:00,84.8134,46.6734,2.9314
2026-08-09 11:24:00,84.5152,46.9604,2.9463
2026-08-09 11:25:00,85.1009,46.7124,2.6319
2026-08-09 11:26:00,84.5421,48.1155,2.6920
2026-08-09 11:27:00,84.4809,47.0541,2.8175
2026-08-09 11:28:00,84.8265,48.2682,2.7727
2026-08-09 11:29:00,84.5561,46.3394,2.7882
2026-08-09 11:30:00,84.7702,46.9457,2.4500
2026-08-09 11:31:00,85.0693,47.2970,2.5111
2026-08-09 11:32:00,84.8148,47.8478,2.8792
2026-08-09 11:33:00,84.8222,48.1003,2.7722
2026-08-09 11:34:00,84.8539,46.7414,2.7242
2026-08-09 11:35:00,84.2910,47.9539,2.5584
2026-08-09 11:36:00,84.9233,45.8013,2.6348
2026-08-09 11:37:00,84.8606,47.8320,2.7269
2026-08-09 11:38:00,85.0876,46.0507,2.5251
2026-08-09 11:39:00,85.0087,47.4699,2.5862
2026-08-09 11:40:00,84.7737,48.0056,2.6875
2026-08-09 11:41:00,85.1515,47.8021,2.7021
2026-08-09 11:42:00,84.7616,45.7715,2.5839
2026-08-09 11:43:00,84.9312,46.7162,2.7274
2026-08-09 11:44:00,84.7715,47.6391,2.7170
2026-08-09 11:45:00,85.0114,47.6083,2.4355
2026-08-09 11:46:00,84.7679,47.2710,2.7713
2026-08-09 11:47:00,85.3832,45.2820,2.7168
2026-08-09 11:48:00,85.5024,47.9954,2.6134
2026-08-09 11:49:00,85.1677,48.1321,2.5715
2026-08-09 11:50:00,85.3762,47.1567,2.6566
2026-08-09 11:51:00,84.4605,47.2037,2.6234
2026-08-09 11:52:00,84.5043,47.4189,2.5352
2026-08-09 11:53:00,84.8428,48.1809,2.7153
2026-08-09 11:54:00,84.9602,47.2097,2.3365
2026-08-09 11:55:00,84.8970,46.8535,2.4727
2026-08-09 11:56:00,84.4725,47.3093,2.5761
2026-08-09 11:57:00,85.3193,46.9934,2.5183
2026-08-09 11:58:00,85.6288,47.0012,2.5857
2026-08-09 11:59:00,85.3756,45.5876,2.3684
2026-08-09 12:00:00,85.3257,47.4183,2.4746
2026-08-09 12:01:00,85.0766,47.9374,2.6072
2026-08-09 12:02:00,84.7645,47.8173,2.3349
2026-08-09 12:03:00,85.0479,47.7631,2.4524
2026-08-09 12:04:00,85.6665,46.9617,2.4156
2026-08-09 12:05:00,84.9379,47.1230,2.4972
2026-08-09 12:06:00,84.9156,47.9624,2.4924
2026-08-09 12:07:00,85.3929,47.7065,2.4550
2026-08-09 12:08:00,85.4214,48.2055,2.4086
2026-08-09 12:09:00,84.8234,46.4826,2.4363
2026-08-09 12:10:00,85.0077,46.4825,2.4059
2026-08-09 12:11:00,84.9440,46.7650,2.4115
2026-08-09 12:12:00,85.1237,46.2825,2.5530
2026-08-09 12:13:00,85.4421,45.9862,2.2796
2026-08-09 12:14:00,84.8779,47.4251,2.4267
2026-08-09 12:15:00,85.4541,47.3781,2.2910
2026-08-09 12:16:00,85.1656,47.2625,2.5735
2026-08-09 12:17:00,85.8408,47.3570,2.3798
2026-08-09 12:18:00,85.2463,45.9119,2.2370
2026-08-09 12:19:00,85.1292,46.7083,2.3337
2026-08-09 12:20:00,85.3381,46.8674,2.2041
2026-08-09 12:21:00,85.0719,47.1514,2.2799
2026-08-09 12:22:00,84.6417,45.9557,2.3982
2026-08-09 12:23:00,85.1152,46.3927,2.4662
2026-08-09 12:24:00,85.1174,46.7976,2.4317
2026-08-09 12:25:00,84.7234,48.0058,2.3069
2026-08-09 12:26:00,85.1857,47.3816,2.3682
2026-08-09 12:27:00,84.5940,48.0027,2.3860
2026-08-09 12:28:00,85.1161,47.1013,2.5242
2026-08-09 12:29:00,85.2995,47.2144,2.2331
2026-08-09 12:30:00,85.2615,47.6276,2.4388
2026-08-09 12:31:00,85.1148,47.1019,2.1732
2026-08-09 12:32:00,85.2179,46.7596,2.3951
2026-08-09 12:33:00,85.0137,46.0837,2.2098
2026-08-09 12:34:00,85.2573,46.8139,2.1985
2026-08-09 12:35:00,85.2764,47.9783,2.2335
2026-08-09 12:36:00,84.9936,48.3355,2.1797
2026-08-09 12:37:00,85.3484,46.7265,2.2954
2026-08-09 12:38:00,85.3508,45.9766,2.3711
2026-08-09 12:39:00,85.2265,48.1238,2.0331
2026-08-09 12:40:00,86.0065,47.4574,2.2227
2026-08-09 12:41:00,85.2415,46.3441,2.1277
2026-08-09 12:42:00,85.2032,44.9534,2.3232
2026-08-09 12:43:00,85.1633,46.6921,2.3713
2026-08-09 12:44:00,85.0015,47.1136,2.2085
2026-08-09 12:45:00,85.5011,46.5843,2.1525
2026-08-09 12:46:00,85.0917,48.0811,2.0584
2026-08-09 12:47:00,85.1291,46.9000,2.4121
2026-08-09 12:48:00,85.1398,47.5829,2.3466
2026-08-09 12:49:00,85.0072,49.4950,2.0145
2026-08-09 12:50:00,84.7785,47.7139,2.2758
2026-08-09 12:51:00,85.1658,47.5516,2.0971
2026-08-09 12:52:00,85.5673,47.5942,2.1557
2026-08-09 12:53:00,85.3647,48.2287,2.0802
2026-08-09 12:54:00,85.7737,48.1549,2.0036
2026-08-09 12:55:00,85.5305,46.9416,2.1980
2026-08-09 12:56:00,85.4618,47.4416,2.3912
2026-08-09 12:57:00,85.8685,47.2632,2.1083
2026-08-09 12:58:00,85.2733,47.5978,2.2895
2026-08-09 12:59:00,85.3198,49.3124,2.3049
2026-08-09 13:00:00,85.2956,48.3726,2.2722
2026-08-09 13:01:00,85.7600,47.8428,2.3997
2026-08-09 13:02:00,85.2951,48.9306,2.2959
2026-08-09 13:03:00,85.0970,48.1144,2.3814
2026-08-09 13:04:00,85.4647,46.6822,2.0869
2026-08-09 13:05:00,85.0400,49.3531,2.2771
2026-08-09 13:06:00,85.4411,47.9265,2.3548
2026-08-09 13:07:00,85.4010,46.2769,2.1278
2026-08-09 13:08:00,85.2156,46.8323,1.8579
2026-08-09 13:09:00,85.4373,49.0449,2.0816
2026-08-09 13:10:00,84.8160,46.9070,2.1377
2026-08-09 13:11:00,85.3058,49.2844,2.2685
2026-08-09 13:12:00,85.1122,48.3015,2.1580
2026-08-09 13:13:00,86.1035,48.8397,2.2175
2026-08-09 13:14:00,85.2850,48.0953,2.1595
2026-08-09 13:15:00,85.0524,48.7520,2.2100
2026-08-09 13:16:00,84.8106,48.6193,2.2193
2026-08-09 13:17:00,85.6081,48.3683,2.1660
2026-08-09 13:18:00,85.1036,47.5802,2.3148
2026-08-09 13:19:00,84.9629,48.7529,2.3744
2026-08-09 13:20:00,85.2925,47.0464,2.1253
2026-08-09 13:21:00,85.3776,49.2793,2.2659
2026-08-09 13:22:00,85.3635,48.7261,2.1054
2026-08-09 13:23:00,85.1695,48.9745,2.0775
2026-08-09 13:24:00,85.2013,46.5445,2.3609
2026-08-09 13:25:00,85.2127,47.7725,2.4627
2026-08-09 13:26:00,85.2333,48.3039,2.2340
2026-08-09 13:27:00,85.2487,49.2830,2.4552
2026-08-09 13:28:00,85.4381,48.0255,2.2122
2026-08-09 13:29:00,85.1149,50.8542,2.2589
2026-08-09 13:30:00,84.8407,48.6413,2.4546
2026-08-09 13:31:00,85.0300,48.0755,2.2022
2026-08-09 13:32:00,85.2865,48.7754,2.3909
2026-08-09 13:33:00,84.5112,48.2009,2.2703
2026-08-09 13:34:00,84.4994,48.0511,2.2391
2026-08-09 13:35:00,85.2952,49.8445,2.2665
2026-08-09 13:36:00,85.4615,49.4835,2.1068
2026-08-09 13:37:00,84.6113,49.5233,2.4562
2026-08-09 13:38:00,85.0061,50.1694,2.3592
2026-08-09 13:39:00,84.8409,49.5750,2.3285
2026-08-09 13:40:00,84.8669,48.3696,2.2807
2026-08-09 13:41:00,85.0209,49.8285,2.3880
2026-08-09 13:42:00,84.5251,48.3984,2.4521
2026-08-09 13:43:00,84.5642,48.9555,2.3434
2026-08-09 13:44:00,84.7890,49.3397,2.4743
2026-08-09 13:45:00,84.8186,49.2970,2.4127
2026-08-09 13:46:00,84.5068,48.0203,2.3832
2026-08-09 13:47:00,85.0636,48.7179,2.4911
2026-08-09 13:48:00,84.6833,49.5127,2.3565
2026-08-09 13:49:00,84.6635,49.0810,2.2896
2026-08-09 13:50:00,84.8560,50.5094,2.4170
2026-08-09 13:51:00,84.7134,50.6854,2.4335
2026-08-09 13:52:00,84.9839,48.7901,2.4154
2026-08-09 13:53:00,84.4330,49.7733,2.5643
2026-08-09 13:54:00,84.2738,51.0308,2.5031
2026-08-09 13:55:00,84.5797,49.6964,2.4493
2026-08-09 13:56:00,84.6702,49.5174,2.4681
2026-08-09 13:57:00,84.2590,50.5704,2.4845
2026-08-09 13:58:00,84.1938,49.7021,2.5369
2026-08-09 13:59:00,84.6434,50.9774,2.4974
2026-08-09 14:00:00,84.3397,49.5242,2.4846
2026-08-09 14:01:00,84.1093,49.6596,2.3744
2026-08-09 14:02:00,84.8124,50.7107,2.4447
2026-08-09 14:03:00,84.3108,50.1982,2.5512
2026-08-09 14:04:00,84.8226,50.2437,2.5502
2026-08-09 14:05:00,84.4632,48.6687,2.3906
2026-08-09 14:06:00,84.5199,49.9526,2.4907
2026-08-09 14:07:00,84.3446,50.9657,2.4617
2026-08-09 14:08:00,83.5879,49.6866,2.6988
2026-08-09 14:09:00,84.0195,50.9131,2.5951
2026-08-09 14:10:00,84.2987,50.6060,2.6207
2026-08-09 14:11:00,84.4216,50.2707,2.5785
2026-08-09 14:12:00,83.7507,51.5555,2.5301
2026-08-09 14:13:00,84.2468,50.2362,2.5556
2026-08-09 14:14:00,83.9013,50.3306,2.6568
2026-08-09 14:15:00,84.2833,50.4164,2.5888
2026-08-09 14:16:00,84.1818,50.6882,2.6723
2026-08-09 14:17:00,84.3852,51.2757,2.6435
2026-08-09 14:18:00,84.4566,49.5223,2.6658
2026-08-09 14:19:00,84.2484,51.4329,2.6778
2026-08-09 14:20:00,84.3429,50.8309,2.5974
2026-08-09 14:21:00,83.9536,51.2575,2.6257
2026-08-09 14:22:00,84.8794,52.7655,2.7543
2026-08-09 14:23:00,83.6404,50.4803,2.8526
2026-08-09 14:24:00,83.8212,49.9473,2.7681
2026-08-09 14:25:00,84.2233,51.1194,2.4037
2026-08-09 14:26:00,84.1520,51.2832,2.6130
2026-08-09 14:27:00,84.0455,51.7356,2.7063
2026-08-09 14:28:00,84.0750,50.6444,2.5909
2026-08-09 14:29:00,83.2202,50.4476,2.5920
2026-08-09 14:30:00,84.2949,49.9217,2.6703
2026-08-09 14:31:00,83.7298,50.0902,2.7521
2026-08-09 14:32:00,84.1374,50.8874,2.7847
2026-08-09 14:33:00,83.1262,51.1627,2.6914
2026-08-09 14:34:00,83.7858,52.9436,2.6887
2026-08-09 14:35:00,83.5123,49.9728,2.6536
2026-08-09 14:36:00,83.8254,51.6303,2.7934
2026-08-09 14:37:00,83.7214,50.8161,2.7912
2026-08-09 14:38:00,83.7085,51.6098,2.8423
2026-08-09 14:39:00,83.2534,51.0233,2.7688
2026-08-09 14:40:00,83.5263,52.3283,2.6287
2026-08-09 14:41:00,83.4617,52.3572,2.7288
2026-08-09 14:42:00,83.6367,51.4770,2.8530
2026-08-09 14:43:00,83.7573,52.7521,2.5972
2026-08-09 14:44:00,83.4781,52.2420,2.7656
2026-08-09 14:45:00,83.0225,52.7808,2.8057
2026-08-09 14:46:00,83.4101,51.6647,2.9804
2026-08-09 14:47:00,84.1336,52.4929,2.7227
2026-08-09 14:48:00,83.8166,51.1487,2.7731
2026-08-09 14:49:00,82.4031,51.0992,2.9564
2026-08-09 14:50:00,83.2871,53.5701,2.7309
2026-08-09 14:51:00,83.5205,50.9886,2.8992
2026-08-09 14:52:00,83.1589,51.5391,2.8327
2026-08-09 14:53:00,83.0485,50.3999,2.7729
2026-08-09 14:54:00,83.0794,51.2717,2.8415
2026-08-09 14:55:00,83.2983,51.1826,2.7827
2026-08-09 14:56:00,82.7613,51.4712,3.0241
2026-08-09 14:57:00,83.4358,52.2763,2.5925
2026-08-09 14:58:00,83.0359,52.4979,2.7713
2026-08-09 14:59:00,82.7457,51.2879,2.7746
2026-08-09 15:00:00,83.3373,51.4896,2.7866
2026-08-09 15:01:00,82.5104,53.0157,2.9079
2026-08-09 15:02:00,82.7814,53.5404,2.7549
2026-08-09 15:03:00,82.7507,53.2077,2.8483
2026-08-09 15:04:00,83.5398,50.9124,2.8215
2026-08-09 15:05:00,82.6657,53.2070,2.8813
2026-08-09 15:06:00,82.1995,53.7642,2.7826
2026-08-09 15:07:00,82.6464,50.9498,2.8272
2026-08-09 15:08:00,82.9328,53.1976,2.7811
2026-08-09 15:09:00,83.0067,52.5361,2.6931
2026-08-09 15:10:00,83.4301,52.1183,2.9497
2026-08-09 15:11:00,83.1451,52.4887,2.7114
2026-08-09 15:12:00,82.7555,52.7817,2.7375
2026-08-09 15:13:00,82.4080,53.3760,2.6971
2026-08-09 15:14:00,83.1392,53.3572,2.8203
2026-08-09 15:15:00,82.5183,51.2889,2.7293
2026-08-09 15:16:00,82.4086,51.9971,2.9256
2026-08-09 15:17:00,82.4583,52.6120,2.8242
2026-08-09 15:18:00,82.1854,53.8157,2.7396
2026-08-09 15:19:00,82.3996,50.3962,2.6727
2026-08-09 15:20:00,82.4474,52.1094,2.7487
2026-08-09 15:21:00,82.7151,51.3952,2.8078
2026-08-09 15:22:00,82.3584,51.5409,2.7470
2026-08-09 15:23:00,82.0738,53.4436,2.7332
2026-08-09 15:24:00,81.9525,52.2475,2.6407
2026-08-09 15:25:00,82.4764,50.8237,2.9623
2026-08-09 15:26:00,82.4155,52.5810,2.7130
2026-08-09 15:27:00,82.2080,54.3531,2.5907
2026-08-09 15:28:00,82.2150,51.2953,2.6154
2026-08-09 15:29:00,82.4530,53.1827,2.6832
2026-08-09 15:30:00,82.7353,54.0258,2.9066
2026-08-09 15:31:00,82.0661,52.7469,2.6895
2026-08-09 15:32:00,82.3093,54.3431,2.6633
2026-08-09 15:33:00,82.5529,52.2867,2.7793
2026-08-09 15:34:00,82.0158,53.9847,2.7806
2026-08-09 15:35:00,82.2275,53.8087,2.7485
2026-08-09 15:36:00,82.2048,52.8271,2.6963
2026-08-09 15:37:00,81.8072,51.6753,2.5595
2026-08-09 15:38:00,82.2360,52.0751,2.5883
2026-08-09 15:39:00,82.1802,51.0120,2.4977
2026-08-09 15:40:00,82.3230,53.3731,2.6276
2026-08-09 15:41:00,81.7865,53.2871,2.6007
2026-08-09 15:42:00,82.1321,52.9805,2.5834
2026-08-09 15:43:00,82.5307,52.8279,2.6571
2026-08-09 15:44:00,82.7269,54.0205,2.5563
2026-08-09 15:45:00,82.4756,53.1806,2.5808
2026-08-09 15:46:00,81.7269,52.5060,2.5589
2026-08-09 15:47:00,82.2042,53.0745,2.5970
2026-08-09 15:48:00,81.9132,54.6011,2.6292
2026-08-09 15:49:00,82.1332,53.4667,2.4508
2026-08-09 15:50:00,81.8067,52.6624,2.6230
2026-08-09 15:51:00,81.5151,52.9436,2.5965
2026-08-09 15:52:00,81.9170,53.3543,2.6042
2026-08-09 15:53:00,82.2290,52.6505,2.5680
2026-08-09 15:54:00,82.0909,52.5831,2.5831
2026-08-09 15:55:00,82.1181,52.9845,2.4976
2026-08-09 15:56:00,82.0555,54.2112,2.5757
2026-08-09 15:57:00,82.1057,53.6305,2.6380
2026-08-09 15:58:00,82.1375,52.6713,2.4662
2026-08-09 15:59:00,81.8911,53.6950,2.4619
2026-08-09 16:00:00,81.9938,53.0069,2.5631
2026-08-09 16:01:00,82.4878,53.2754,2.4367
2026-08-09 16:02:00,82.0039,53.2019,2.4124
2026-08-09 16:03:00,81.9710,51.3095,2.5187
2026-08-09 16:04:00,81.9866,50.5579,2.4256
2026-08-09 16:05:00,81.8884,53.1749,2.5830
2026-08-09 16:06:00,81.8217,52.3085,2.4064
2026-08-09 16:07:00,82.0141,51.6760,2.3634
2026-08-09 16:08:00,81.7994,52.3260,2.4371
2026-08-09 16:09:00,81.9077,53.7189,2.4735
2026-08-09 16:10:00,81.7150,53.2606,2.4544
2026-08-09 16:11:00,81.9859,53.5864,2.4687
2026-08-09 16:12:00,82.1306,53.3255,2.3520
2026-08-09 16:13:00,81.8943,52.2216,2.5134
2026-08-09 16:14:00,81.3583,53.5710,2.2270
2026-08-09 16:15:00,82.1415,53.4109,2.3071
2026-08-09 16:16:00,82.0046,52.8405,2.3818
2026-08-09 16:17:00,81.6753,52.9731,2.3011
2026-08-09 16:18:00,82.2105,53.5511,2.3328
2026-08-09 16:19:00,81.5648,52.3081,2.2587
2026-08-09 16:20:00,82.3043,53.7681,2.3292
2026-08-09 16:21:00,81.9804,53.3394,2.3896
2026-08-09 16:22:00,81.3245,52.8783,2.2831
2026-08-09 16:23:00,82.0668,54.0900,2.2422
2026-08-09 16:24:00,81.9001,51.8177,2.2776
2026-08-09 16:25:00,81.8641,52.4726,2.4278
2026-08-09 16:26:00,81.8196,52.2821,2.4208
2026-08-09 16:27:00,82.0131,53.1010,2.2574
2026-08-09 16:28:00,81.9167,53.7467,2.3501
2026-08-09 16:29:00,81.5167,52.0000,2.2917
2026-08-09 16:30:00,82.4674,55.4160,2.4163
2026-08-09 16:31:00,82.0251,52.2262,2.3015
2026-08-09 16:32:00,81.8920,53.0292,2.2569
2026-08-09 16:33:00,81.7868,52.7266,2.4319
2026-08-09 16:34:00,82.3709,52.7447,2.1745
2026-08-09 16:35:00,81.7650,52.0567,2.2939
2026-08-09 16:36:00,82.2102,53.5271,2.3939
2026-08-09 16:37:00,82.0108,51.9718,2.3194
2026-08-09 16:38:00,82.0449,51.2213,2.1721
2026-08-09 16:39:00,81.8885,51.7199,2.1625
2026-08-09 16:40:00,82.0511,53.7543,2.0993
2026-08-09 16:41:00,82.2580,53.5786,2.3846
2026-08-09 16:42:00,82.3447,50.9521,2.1194
2026-08-09 16:43:00,82.0577,53.1882,2.3006
2026-08-09 16:44:00,82.2860,50.9305,2.0833
2026-08-09 16:45:00,82.6001,52.4726,2.4785
2026-08-09 16:46:00,81.8557,51.5062,2.0846
2026-08-09 16:47:00,82.3740,53.1625,2.2215
2026-08-09 16:48:00,82.1126,52.8708,2.3359
2026-08-09 16:49:00,82.1045,53.1874,2.1420
2026-08-09 16:50:00,82.5216,52.1439,2.2666
2026-08-09 16:51:00,82.3032,52.2029,2.1801
2026-08-09 16:52:00,82.1258,51.1320,2.2454
2026-08-09 16:53:00,82.9127,51.4821,2.3131
2026-08-09 16:54:00,82.8164,53.0400,2.1609
2026-08-09 16:55:00,81.9862,52.5493,2.3523
2026-08-09 16:56:00,82.1496,52.3129,2.2369
2026-08-09 16:57:00,82.7965,53.2127,2.3958
2026-08-09 16:58:00,82.5600,51.1360,2.1172
2026-08-09 16:59:00,83.1232,52.7250,2.1359
2026-08-09 17:00:00,82.8859,51.1780,2.1768
2026-08-09 17:01:00,82.8192,53.2757,2.0788
2026-08-09 17:02:00,82.4517,52.5006,2.2930
2026-08-09 17:03:00,82.9351,52.8080,2.1933
2026-08-09 17:04:00,82.4348,51.4461,2.0870
2026-08-09 17:05:00,83.2393,53.7237,2.1203
2026-08-09 17:06:00,83.0051,53.5472,2.1167
2026-08-09 17:07:00,82.6622,52.2626,2.2974
2026-08-09 17:08:00,83.1826,52.8282,2.2523
2026-08-09 17:09:00,83.6457,51.6158,2.1950
2026-08-09 17:10:00,82.9404,50.8115,2.1737
2026-08-09 17:11:00,83.2037,52.4316,2.1885
2026-08-09 17:12:00,82.9423,51.0279,2.3928
2026-08-09 17:13:00,83.1311,52.7796,2.1938
2026-08-09 17:14:00,82.6874,52.5375,2.3057
2026-08-09 17:15:00,83.1738,51.8549,2.1899
2026-08-09 17:16:00,83.2219,51.7774,2.3942
2026-08-09 17:17:00,83.7837,52.3923,2.1073
2026-08-09 17:18:00,82.7411,51.7871,2.3134
2026-08-09 17:19:00,83.2312,51.2103,2.1604
2026-08-09 17:20:00,83.7382,50.2884,2.4615
2026-08-09 17:21:00,83.3159,52.2330,2.3139
2026-08-09 17:22:00,83.3740,51.7246,2.0780
2026-08-09 17:23:00,83.2127,53.6014,2.1596
2026-08-09 17:24:00,83.2205,51.2852,2.3258
2026-08-09 17:25:00,82.9905,51.5685,2.3278
2026-08-09 17:26:00,83.3877,51.5519,2.3252
2026-08-09 17:27:00,83.3182,51.7766,2.2875
2026-08-09 17:28:00,83.6893,50.4467,2.2452
2026-08-09 17:29:00,83.4567,51.1225,2.3911
2026-08-09 17:30:00,83.5885,51.8102,2.2015
2026-08-09 17:31:00,83.6364,50.8455,2.2988
2026-08-09 17:32:00,83.7975,51.7073,2.2372
2026-08-09 17:33:00,83.6936,51.1157,2.2352
2026-08-09 17:34:00,83.5740,51.3229,2.2653
2026-08-09 17:35:00,83.9589,51.8852,2.2438
2026-08-09 17:36:00,84.2943,50.7452,2.3786
2026-08-09 17:37:00,84.0537,49.7281,2.1825
2026-08-09 17:38:00,83.8735,50.6390,2.3797
2026-08-09 17:39:00,84.0610,50.1539,2.2798
2026-08-09 17:40:00,83.5245,49.0759,2.3530
2026-08-09 17:41:00,84.1397,50.6531,2.3402
2026-08-09 17:42:00,84.1035,50.8596,2.3139
2026-08-09 17:43:00,83.9858,51.4787,2.4922
2026-08-09 17:44:00,84.0826,49.7123,2.3409
2026-08-09 17:45:00,84.2276,50.6561,2.4555
2026-08-09 17:46:00,84.6911,51.4492,2.4641
2026-08-09 17:47:00,84.7638,50.0483,2.3726
2026-08-09 17:48:00,84.2006,50.8983,2.2815
2026-08-09 17:49:00,84.3667,51.7087,2.3266
2026-08-09 17:50:00,84.4174,48.9016,2.5502
2026-08-09 17:51:00,84.8513,50.5707,2.4792
2026-08-09 17:52:00,84.6954,51.2439,2.4515
2026-08-09 17:53:00,84.7229,49.9939,2.3886
2026-08-09 17:54:00,84.8994,51.3448,2.6263
2026-08-09 17:55:00,84.6031,50.7036,2.3740
2026-08-09 17:56:00,85.2347,51.5725,2.4826
2026-08-09 17:57:00,84.8686,50.5838,2.5266
2026-08-09 17:58:00,84.6560,51.5606,2.3537
2026-08-09 17:59:00,84.8875,50.2793,2.4163
2026-08-09 18:00:00,85.3696,48.9058,2.4542
2026-08-09 18:01:00,84.9161,49.4559,2.5940
2026-08-09 18:02:00,85.3721,50.7362,2.4719
2026-08-09 18:03:00,84.9433,50.6812,2.3799
2026-08-09 18:04:00,84.9447,49.5945,2.3781
2026-08-09 18:05:00,85.4159,51.2472,2.4625
2026-08-09 18:06:00,84.9993,49.4814,2.3979
2026-08-09 18:07:00,85.5517,50.0951,2.6315
2026-08-09 18:08:00,85.4538,50.0338,2.6432
2026-08-09 18:09:00,85.1295,48.5830,2.5707
2026-08-09 18:10:00,85.4134,49.5200,2.5513
2026-08-09 18:11:00,85.3133,51.4738,2.6594
2026-08-09 18:12:00,85.6256,48.7929,2.6627
2026-08-09 18:13:00,86.1302,49.9921,2.5015
2026-08-09 18:14:00,85.4954,48.5298,2.5227
2026-08-09 18:15:00,85.8094,48.6686,2.6855
2026-08-09 18:16:00,85.6991,48.2448,2.6491
2026-08-09 18:17:00,85.7414,50.0908,2.6900
2026-08-09 18:18:00,85.7268,48.6026,2.5468
2026-08-09 18:19:00,85.5612,50.2755,2.5680
2026-08-09 18:20:00,85.9609,48.7985,2.6964
2026-08-09 18:21:00,85.8154,49.2881,2.5886
2026-08-09 18:22:00,85.6721,49.4771,2.5114
2026-08-09 18:23:00,86.2891,47.8169,2.6032
2026-08-09 18:24:00,86.0556,49.2359,2.6558
2026-08-09 18:25:00,85.9984,49.3156,2.8528
2026-08-09 18:26:00,86.5095,49.9106,2.6050
2026-08-09 18:27:00,85.5971,48.1940,2.6887
2026-08-09 18:28:00,86.5699,48.2713,2.9050
2026-08-09 18:29:00,85.9639,49.4160,2.5972
2026-08-09 18:30:00,86.3311,49.9819,2.7782
2026-08-09 18:31:00,86.1306,48.3418,2.6465
2026-08-09 18:32:00,86.0693,47.7916,2.7631
2026-08-09 18:33:00,86.7792,48.4906,2.9616
2026-08-09 18:34:00,86.9804,47.8978,2.8123
2026-08-09 18:35:00,86.3954,48.9914,2.7532
2026-08-09 18:36:00,86.6004,47.7742,2.6476
2026-08-09 18:37:00,86.5544,49.3815,2.7297
2026-08-09 18:38:00,87.0938,48.7386,2.6951
2026-08-09 18:39:00,85.9776,49.3374,2.6107
2026-08-09 18:40:00,86.7614,46.5614,2.5469
2026-08-09 18:41:00,86.4664,47.0596,2.6806
2026-08-09 18:42:00,86.0136,49.4666,2.7641
2026-08-09 18:43:00,86.6478,47.8235,2.8827
2026-08-09 18:44:00,87.3456,47.1930,2.7002
2026-08-09 18:45:00,86.6292,48.1711,2.7963
2026-08-09 18:46:00,87.0977,48.4947,2.6100
2026-08-09 18:47:00,87.2541,48.1422,2.7028
2026-08-09 18:48:00,86.9244,48.6111,2.5406
2026-08-09 18:49:00,86.9976,48.4710,3.0111
2026-08-09 18:50:00,86.4794,48.3978,2.8096
2026-08-09 18:51:00,86.8119,49.2214,2.8084
2026-08-09 18:52:00,87.3309,48.1007,2.8470
2026-08-09 18:53:00,87.1086,48.0468,3.0482
2026-08-09 18:54:00,87.2317,48.6939,2.7528
2026-08-09 18:55:00,87.1922,48.4641,2.6994
2026-08-09 18:56:00,87.8401,47.2703,2.9984
2026-08-09 18:57:00,87.0832,47.8899,2.6760
2026-08-09 18:58:00,87.7233,48.2855,2.9294
2026-08-09 18:59:00,87.3106,47.4372,2.7925
2026-08-09 19:00:00,87.8073,47.4473,2.8433
2026-08-09 19:01:00,86.9595,46.7379,2.6562
2026-08-09 19:02:00,87.4099,45.5177,3.0589
2026-08-09 19:03:00,87.2634,47.4978,2.7609
2026-08-09 19:04:00,87.4499,47.8724,2.7282
2026-08-09 19:05:00,87.8008,46.8681,2.8523
2026-08-09 19:06:00,87.5732,48.8211,2.7318
2026-08-09 19:07:00,87.8507,46.8561,2.8374
2026-08-09 19:08:00,87.3081,48.3986,2.6673
2026-08-09 19:09:00,87.2863,47.9790,2.8063
2026-08-09 19:10:00,87.5615,49.3610,2.7295
2026-08-09 19:11:00,87.5681,48.0281,2.7093
2026-08-09 19:12:00,87.5464,46.4159,2.6912
2026-08-09 19:13:00,87.3365,48.3936,2.8714
2026-08-09 19:14:00,88.0051,48.8857,2.7450
2026-08-09 19:15:00,87.5576,46.0878,2.7588
2026-08-09 19:16:00,88.1146,47.9953,2.8168
2026-08-09 19:17:00,87.7104,48.1511,2.8848
2026-08-09 19:18:00,87.9204,47.2718,2.6750
2026-08-09 19:19:00,87.9119,45.4842,2.7857
2026-08-09 19:20:00,87.5155,47.1652,2.6688
2026-08-09 19:21:00,87.8906,46.9177,2.7349
2026-08-09 19:22:00,88.3760,48.5874,2.8581
2026-08-09 19:23:00,87.8895,47.2742,2.5126
2026-08-09 19:24:00,88.1004,46.9971,2.6504
2026-08-09 19:25:00,88.0535,46.8402,2.7149
2026-08-09 19:26:00,87.9525,47.5528,2.7712
2026-08-09 19:27:00,87.9306,47.3211,2.8501
2026-08-09 19:28:00,88.0526,46.6274,2.5532
2026-08-09 19:29:00,88.1306,47.4548,2.8592
2026-08-09 19:30:00,87.5086,46.7826,2.7642
2026-08-09 19:31:00,88.0005,45.1398,2.6824
2026-08-09 19:32:00,87.8825,47.7337,2.5538
2026-08-09 19:33:00,87.8312,47.6440,2.6376
2026-08-09 19:34:00,88.3478,47.3319,2.7913
2026-08-09 19:35:00,87.7489,46.8052,2.6853
2026-08-09 19:36:00,87.5596,47.0892,2.6583
2026-08-09 19:37:00,88.2254,47.7904,2.5728
2026-08-09 19:38:00,87.5687,46.6181,2.7369
2026-08-09 19:39:00,87.4240,47.8004,2.6418
2026-08-09 19:40:00,88.2818,45.9223,2.6263
2026-08-09 19:41:00,88.0633,47.2268,2.6336
2026-08-09 19:42:00,88.1633,47.1035,2.5717
2026-08-09 19:43:00,87.8940,47.8761,2.5476
2026-08-09 19:44:00,87.6161,46.3304,2.4701
2026-08-09 19:45:00,87.6799,46.4098,2.5529
2026-08-09 19:46:00,87.9575,45.9346,2.4275
2026-08-09 19:47:00,87.6604,46.5899,2.6487
2026-08-09 19:48:00,88.1367,47.2413,2.5259
2026-08-09 19:49:00,87.9078,45.5928,2.5460
2026-08-09 19:50:00,88.1034,46.6713,2.5739
2026-08-09 19:51:00,88.0952,47.5094,2.4898
2026-08-09 19:52:00,88.1649,46.9341,2.4449
2026-08-09 19:53:00,88.1984,47.0727,2.5769
2026-08-09 19:54:00,87.9445,45.8044,2.7358
2026-08-09 19:55:00,88.1014,46.9264,2.6302
2026-08-09 19:56:00,88.1151,47.0271,2.6593
2026-08-09 19:57:00,87.3131,46.8713,2.3937
2026-08-09 19:58:00,88.2327,47.1233,2.4966
2026-08-09 19:59:00,88.0802,46.7530,2.4881
2026-08-09 20:00:00,88.2003,46.6352,2.6428
2026-08-09 20:01:00,87.6404,46.1684,2.5838
2026-08-09 20:02:00,87.9266,47.7806,2.4679
2026-08-09 20:03:00,87.6882,46.0210,2.2476
2026-08-09 20:04:00,88.2328,47.1305,2.3528
2026-08-09 20:05:00,87.5812,48.4570,2.5241
2026-08-09 20:06:00,87.7169,47.8904,2.4210
2026-08-09 20:07:00,88.1481,47.4201,2.4343
2026-08-09 20:08:00,87.7908,47.2162,2.4990
2026-08-09 20:09:00,87.6924,46.9186,2.5431
2026-08-09 20:10:00,88.2337,46.3046,2.3445
2026-08-09 20:11:00,88.2363,46.8280,2.4740
2026-08-09 20:12:00,88.1584,47.4968,2.5684
2026-08-09 20:13:00,88.1858,47.3551,2.5427
2026-08-09 20:14:00,87.8505,47.6812,2.3394
2026-08-09 20:15:00,87.8470,48.0334,2.4147
2026-08-09 20:16:00,87.7019,46.9388,2.4531
2026-08-09 20:17:00,87.9342,47.2275,2.3729
2026-08-09 20:18:00,87.7125,45.5636,2.3389
2026-08-09 20:19:00,87.7275,48.8973,2.1838
2026-08-09 20:20:00,88.0235,46.7711,2.2635
2026-08-09 20:21:00,88.1846,47.6340,2.2737
2026-08-09 20:22:00,87.9340,46.7919,2.2105
2026-08-09 20:23:00,88.3377,46.7847,2.3410
2026-08-09 20:24:00,87.5721,46.9572,2.4103
2026-08-09 20:25:00,87.2164,46.1631,2.2754
2026-08-09 20:26:00,87.9658,45.1879,2.0908
2026-08-09 20:27:00,87.5030,48.1132,2.2933
2026-08-09 20:28:00,87.6353,47.6358,2.3267
2026-08-09 20:29:00,87.1689,46.4809,2.3141
2026-08-09 20:30:00,87.4121,47.5899,2.2158
2026-08-09 20:31:00,87.2128,47.9028,2.1619
2026-08-09 20:32:00,87.5145,46.7049,2.3657
2026-08-09 20:33:00,87.5074,47.6050,2.3071
2026-08-09 20:34:00,87.6333,48.0977,2.1987
2026-08-09 20:35:00,87.9584,46.1587,2.1119
2026-08-09 20:36:00,87.7695,47.7537,2.2796
2026-08-09 20:37:00,87.0593,47.6365,2.1630
2026-08-09 20:38:00,87.7076,48.8679,2.2867
2026-08-09 20:39:00,87.5376,47.8281,2.2600
2026-08-09 20:40:00,87.4533,47.0732,2.4479
2026-08-09 20:41:00,87.4541,47.1856,2.2286
2026-08-09 20:42:00,87.5003,49.0608,2.4328
2026-08-09 20:43:00,87.2090,47.1789,2.2374
2026-08-09 20:44:00,87.3393,47.9529,2.1592
2026-08-09 20:45:00,87.7263,47.3149,2.1173
2026-08-09 20:46:00,87.1368,48.3926,2.1322
2026-08-09 20:47:00,87.0156,48.4546,2.2601
2026-08-09 20:48:00,87.2824,47.5548,2.2276
2026-08-09 20:49:00,86.9378,47.2708,2.0285
2026-08-09 20:50:00,86.7360,47.2755,2.3122
2026-08-09 20:51:00,87.1251,46.2622,2.3560
2026-08-09 20:52:00,87.6385,47.7490,2.0217
2026-08-09 20:53:00,87.1675,47.7578,2.3062
2026-08-09 20:54:00,87.2076,47.0659,2.3720
2026-08-09 20:55:00,86.4898,46.2766,2.0230
2026-08-09 20:56:00,87.2349,47.9356,2.1549
2026-08-09 20:57:00,87.1058,48.0631,2.1160
2026-08-09 20:58:00,86.8526,48.1396,2.2978
2026-08-09 20:59:00,87.0801,47.0591,2.1586
2026-08-09 21:00:00,87.0510,48.1961,2.1545
2026-08-09 21:01:00,86.6559,47.7638,2.2422
2026-08-09 21:02:00,87.0469,48.6265,2.3564
2026-08-09 21:03:00,87.2800,47.1837,2.1948
2026-08-09 21:04:00,86.8258,48.9128,2.1546
2026-08-09 21:05:00,86.6071,49.2300,2.1741
2026-08-09 21:06:00,86.7872,48.1445,2.2695
2026-08-09 21:07:00,87.0698,48.4046,2.0719
2026-08-09 21:08:00,86.4185,48.7392,2.2049
2026-08-09 21:09:00,86.9328,47.3222,2.1145
2026-08-09 21:10:00,86.5285,47.7847,2.0899
2026-08-09 21:11:00,86.7772,48.3524,2.0179
2026-08-09 21:12:00,86.5079,49.8582,2.1632
2026-08-09 21:13:00,86.4796,47.3117,2.3251
2026-08-09 21:14:00,87.0791,49.6110,2.0216
2026-08-09 21:15:00,86.1719,48.1787,2.2771
2026-08-09 21:16:00,86.7127,48.3385,2.1611
2026-08-09 21:17:00,87.0589,49.3736,2.1229
2026-08-09 21:18:00,86.7175,50.0497,2.2671
2026-08-09 21:19:00,86.0849,48.8044,2.3674
2026-08-09 21:20:00,86.0721,49.4318,2.3900
2026-08-09 21:21:00,86.2035,47.7979,2.2726
2026-08-09 21:22:00,86.4487,48.1449,2.2414
2026-08-09 21:23:00,86.4415,47.5212,2.2919
2026-08-09 21:24:00,85.9647,48.2256,2.5050
2026-08-09 21:25:00,86.0568,49.1253,2.2327
2026-08-09 21:26:00,86.0477,48.8782,2.3803
2026-08-09 21:27:00,86.2095,50.1257,2.2126
2026-08-09 21:28:00,86.8318,50.4236,2.1940
2026-08-09 21:29:00,85.9291,48.7066,2.4593
2026-08-09 21:30:00,85.8888,48.3082,2.2881
2026-08-09 21:31:00,85.8148,49.8164,2.3160
2026-08-09 21:32:00,86.3183,49.9363,2.3540
2026-08-09 21:33:00,86.0883,49.3146,2.2159
2026-08-09 21:34:00,85.8050,49.5630,2.2674
2026-08-09 21:35:00,85.9382,49.4750,2.2532
2026-08-09 21:36:00,85.7830,48.2819,2.3569
2026-08-09 21:37:00,86.0827,48.1355,2.3667
2026-08-09 21:38:00,86.7729,49.1072,2.2766
2026-08-09 21:39:00,86.1066,49.0249,2.5460
2026-08-09 21:40:00,85.8873,49.4451,2.3473
2026-08-09 21:41:00,85.6898,49.1566,2.3671
2026-08-09 21:42:00,85.4604,47.9371,2.4982
2026-08-09 21:43:00,86.0579,47.6482,2.2834
2026-08-09 21:44:00,86.0162,49.9662,2.3259
2026-08-09 21:45:00,85.6473,48.8845,2.4137
2026-08-09 21:46:00,86.1260,49.2676,2.2449
2026-08-09 21:47:00,85.7434,49.0456,2.3761
2026-08-09 21:48:00,85.9448,48.8003,2.6124
2026-08-09 21:49:00,85.7767,48.8176,2.5977
2026-08-09 21:50:00,85.6104,50.4243,2.5121
2026-08-09 21:51:00,85.3530,49.4561,2.5482
2026-08-09 21:52:00,85.5719,50.1942,2.4870
2026-08-09 21:53:00,85.8445,50.3408,2.4022
2026-08-09 21:54:00,85.4160,50.0179,2.6174
2026-08-09 21:55:00,85.6772,50.4454,2.3660
2026-08-09 21:56:00,85.1975,49.8544,2.5655
2026-08-09 21:57:00,85.7336,50.9733,2.4255
2026-08-09 21:58:00,85.5710,50.5802,2.4394
2026-08-09 21:59:00,85.0943,50.7259,2.5460
2026-08-09 22:00:00,85.3658,49.2492,2.7034
2026-08-09 22:01:00,85.6908,50.2499,2.6507
2026-08-09 22:02:00,85.0122,48.6105,2.5496
2026-08-09 22:03:00,85.0475,51.2386,2.5298
2026-08-09 22:04:00,85.3271,49.6583,2.6095
2026-08-09 22:05:00,85.9673,49.8084,2.6757
2026-08-09 22:06:00,85.1052,49.1415,2.3709
2026-08-09 22:07:00,85.4356,50.2455,2.5420
2026-08-09 22:08:00,85.3453,50.0990,2.4571
2026-08-09 22:09:00,85.0710,51.8108,2.5482
2026-08-09 22:10:00,85.2771,51.0790,2.4519
2026-08-09 22:11:00,85.0756,50.0188,2.4046
2026-08-09 22:12:00,85.0841,49.1363,2.4608
2026-08-09 22:13:00,84.6749,48.6811,2.5448
2026-08-09 22:14:00,85.1480,49.7257,2.6662
2026-08-09 22:15:00,85.4075,49.5203,2.5334
2026-08-09 22:16:00,85.1378,50.9026,2.5355
2026-08-09 22:17:00,85.4308,50.5461,2.6687
2026-08-09 22:18:00,85.2612,50.7142,2.6649
2026-08-09 22:19:00,85.0529,49.9793,2.8134
2026-08-09 22:20:00,84.8665,50.8981,2.7435
2026-08-09 22:21:00,84.8934,49.6780,2.5542
2026-08-09 22:22:00,84.5829,50.7814,2.5963
2026-08-09 22:23:00,84.9290,51.5538,2.7446
2026-08-09 22:24:00,85.0383,50.6347,2.5877
2026-08-09 22:25:00,85.4949,51.3192,2.6502
2026-08-09 22:26:00,85.1249,49.4199,2.5178
2026-08-09 22:27:00,84.6933,49.3927,2.5642
2026-08-09 22:28:00,84.5078,51.3369,2.8267
2026-08-09 22:29:00,84.8648,51.9493,2.7232
2026-08-09 22:30:00,85.1577,50.9575,2.6492
2026-08-09 22:31:00,84.8359,52.9004,2.6688
2026-08-09 22:32:00,85.0528,50.0655,2.8945
2026-08-09 22:33:00,84.8244,50.7120,2.6624
2026-08-09 22:34:00,85.0828,51.4036,2.7805
2026-08-09 22:35:00,84.3777,51.6984,2.8252
2026-08-09 22:36:00,85.3277,50.8948,2.8872
2026-08-09 22:37:00,84.5027,50.5494,2.6621
2026-08-09 22:38:00,85.0648,51.9277,2.6117
2026-08-09 22:39:00,84.7357,51.5725,2.6454
2026-08-09 22:40:00,84.7736,51.2243,2.8329
2026-08-09 22:41:00,84.7274,51.9329,2.9628
2026-08-09 22:42:00,84.8681,51.4584,2.8439
2026-08-09 22:43:00,84.9207,51.4890,2.7048
2026-08-09 22:44:00,85.0934,51.4927,2.8928
2026-08-09 22:45:00,85.1910,51.0099,2.7303
2026-08-09 22:46:00,84.8613,50.9610,2.6969
2026-08-09 22:47:00,85.2693,51.3109,2.7496
2026-08-09 22:48:00,84.7769,51.7890,2.7272
2026-08-09 22:49:00,85.0664,50.2980,2.7175
2026-08-09 22:50:00,84.8662,52.5821,2.9120
2026-08-09 22:51:00,84.5677,51.8720,2.7401
2026-08-09 22:52:00,84.7820,51.0359,2.6347
2026-08-09 22:53:00,84.8741,53.2116,2.8536
2026-08-09 22:54:00,84.7093,51.9818,2.7008
2026-08-09 22:55:00,84.8390,50.9099,2.7052
2026-08-09 22:56:00,84.9713,53.2648,2.8685
2026-08-09 22:57:00,84.7015,53.1203,2.7265
2026-08-09 22:58:00,83.8225,51.3380,2.7543
2026-08-09 22:59:00,85.2066,51.8350,2.8041
2026-08-09 23:00:00,84.6117,51.7553,2.7714
2026-08-09 23:01:00,84.4521,50.6373,2.7570
2026-08-09 23:02:00,84.3603,52.4359,2.5653
2026-08-09 23:03:00,84.5954,52.8791,2.7818
2026-08-09 23:04:00,84.5266,52.7549,2.9597
2026-08-09 23:05:00,84.4737,52.2817,2.8604
2026-08-09 23:06:00,84.4898,53.0349,2.7588
2026-08-09 23:07:00,84.8534,51.3982,2.8420
2026-08-09 23:08:00,85.3038,53.7861,2.8562
2026-08-09 23:09:00,84.9415,51.7383,2.7075
2026-08-09 23:10:00,85.0329,51.8513,2.9155
2026-08-09 23:11:00,84.5841,51.9436,2.8040
2026-08-09 23:12:00,84.7302,51.9085,2.7541
2026-08-09 23:13:00,84.8284,52.2957,2.9418
2026-08-09 23:14:00,84.5046,52.2872,2.5732
2026-08-09 23:15:00,84.5770,52.5981,2.6596
2026-08-09 23:16:00,84.9636,51.8611,2.8382
2026-08-09 23:17:00,85.0371,52.6705,2.8382
2026-08-09 23:18:00,84.7333,51.6856,2.9320
2026-08-09 23:19:00,84.3578,53.1642,2.5380
2026-08-09 23:20:00,84.6312,53.1741,2.8457
2026-08-09 23:21:00,84.2912,52.6129,2.6313
2026-08-09 23:22:00,84.7502,52.1167,2.7935
2026-08-09 23:23:00,84.8085,52.9039,2.7407
2026-08-09 23:24:00,84.6551,51.9629,2.8277
2026-08-09 23:25:00,84.8136,52.7183,2.7145
2026-08-09 23:26:00,84.8710,52.5863,2.8342
2026-08-09 23:27:00,84.8281,54.8284,2.6453
2026-08-09 23:28:00,84.3959,51.7590,2.7148
2026-08-09 23:29:00,84.6859,50.6225,2.7369
2026-08-09 23:30:00,84.8906,52.2616,2.8798
2026-08-09 23:31:00,85.2472,51.4140,2.7898
2026-08-09 23:32:00,84.6981,52.2194,2.7212
2026-08-09 23:33:00,84.9512,51.7765,2.7588
2026-08-09 23:34:00,85.0558,52.1043,2.7974
2026-08-09 23:35:00,84.7400,51.9889,2.7201
2026-08-09 23:36:00,85.1502,53.6235,2.5738
2026-08-09 23:37:00,85.1733,52.8262,2.7328
2026-08-09 23:38:00,85.2338,53.7368,2.6606
2026-08-09 23:39:00,84.9644,52.9198,2.6215
2026-08-09 23:40:00,85.5423,53.6406,2.5715
2026-08-09 23:41:00,84.6572,52.6660,2.7011
2026-08-09 23:42:00,85.4866,54.1928,2.6874
2026-08-09 23:43:00,85.0876,53.3028,2.5336
2026-08-09 23:44:00,85.2670,52.3106,2.5114
2026-08-09 23:45:00,84.7768,53.4377,2.8040
2026-08-09 23:46:00,85.1342,52.9714,2.6936
2026-08-09 23:47:00,85.3171,52.7947,2.6088
2026-08-09 23:48:00,84.5710,53.0399,2.6533
2026-08-09 23:49:00,84.8565,53.5700,2.5384
2026-08-09 23:50:00,84.2715,51.2803,2.5604
2026-08-09 23:51:00,84.8688,52.6985,2.5722
2026-08-09 23:52:00,84.6860,53.5297,2.6588
2026-08-09 23:53:00,84.8740,53.1860,2.4133
2026-08-09 23:54:00,85.8250,52.0896,2.4449
2026-08-09 23:55:00,85.4718,51.0994,2.4167
2026-08-09 23:56:00,84.5333,54.3566,2.6167
2026-08-09 23:57:00,85.1406,52.8480,2.5134
2026-08-09 23:58:00,85.2222,54.2102,2.4241
2026-08-09 23:59:00,84.8899,53.6357,2.4857
2026-08-10 00:00:00,85.0535,52.3651,2.4368
2026-08-10 00:01:00,85.0915,50.9986,2.3487
2026-08-10 00:02:00,84.6135,52.6293,2.6103
2026-08-10 00:03:00,84.7168,52.9679,2.4615
2026-08-10 00:04:00,85.0865,53.3564,2.5970
2026-08-10 00:05:00,85.0733,52.1049,2.3160
2026-08-10 00:06:00,84.8396,53.1332,2.5035
2026-08-10 00:07:00,84.8224,53.1295,2.3011
2026-08-10 00:08:00,85.0423,53.7723,2.6822
2026-08-10 00:09:00,85.3436,52.7338,2.2570
2026-08-10 00:10:00,85.0632,53.3285,2.6020
2026-08-10 00:11:00,85.5813,53.1997,2.4128
2026-08-10 00:12:00,84.8941,53.6635,2.3890
2026-08-10 00:13:00,85.1690,52.3007,2.4588
2026-08-10 00:14:00,85.0129,50.4931,2.2987
2026-08-10 00:15:00,85.3036,52.7529,2.4637
2026-08-10 00:16:00,84.9006,52.7497,2.4638
2026-08-10 00:17:00,85.7212,52.0000,2.3720
2026-08-10 00:18:00,84.6435,51.7107,2.3888
2026-08-10 00:19:00,85.6729,52.4479,2.5498
2026-08-10 00:20:00,85.1927,52.8059,2.4151
2026-08-10 00:21:00,85.3388,52.9637,2.2650
2026-08-10 00:22:00,85.5806,51.0482,2.4117
2026-08-10 00:23:00,85.4447,51.4622,2.2763
2026-08-10 00:24:00,84.9753,53.7568,2.2505
2026-08-10 00:25:00,85.3811,52.6891,2.3686
2026-08-10 00:26:00,85.7679,52.8260,2.2103
2026-08-10 00:27:00,84.9479,51.7480,2.3098
2026-08-10 00:28:00,85.8559,52.7972,2.3666
2026-08-10 00:29:00,85.3422,52.4859,2.4845
2026-08-10 00:30:00,85.1024,52.2768,2.3517
2026-08-10 00:31:00,84.9701,51.5869,2.1354
2026-08-10 00:32:00,85.1766,52.0458,2.1457
2026-08-10 00:33:00,84.6623,54.3020,2.4445
2026-08-10 00:34:00,85.1295,52.4282,2.2034
2026-08-10 00:35:00,85.1801,53.3223,2.1103
2026-08-10 00:36:00,84.9413,52.5159,2.1568
2026-08-10 00:37:00,85.4925,52.4053,2.3322
2026-08-10 00:38:00,85.2067,52.1276,2.2597
2026-08-10 00:39:00,85.0856,53.6940,2.3089
2026-08-10 00:40:00,85.1825,52.8965,2.2369
2026-08-10 00:41:00,85.3902,51.9465,2.1261
2026-08-10 00:42:00,85.3089,52.2426,2.0540
2026-08-10 00:43:00,85.0797,53.3979,2.1458
2026-08-10 00:44:00,85.3305,50.2452,2.2381
2026-08-10 00:45:00,85.2801,52.7428,2.1045
2026-08-10 00:46:00,84.9557,52.9025,2.3182
2026-08-10 00:47:00,85.2130,51.8501,2.1172
2026-08-10 00:48:00,85.4750,52.5507,2.0495
2026-08-10 00:49:00,85.4743,52.8056,2.2124
2026-08-10 00:50:00,85.2348,51.3951,2.2863
2026-08-10 00:51:00,85.5077,53.0295,2.3575
2026-08-10 00:52:00,85.0113,52.5693,2.0454
2026-08-10 00:53:00,85.0209,52.1841,2.3474
2026-08-10 00:54:00,85.2302,52.3652,2.2222
2026-08-10 00:55:00,85.7545,52.8213,2.1405
2026-08-10 00:56:00,85.3536,54.0823,2.2697
2026-08-10 00:57:00,85.2211,52.6909,2.3365
2026-08-10 00:58:00,85.7657,52.8246,2.0325
2026-08-10 00:59:00,85.2148,52.3037,2.1570
2026-08-10 01:00:00,85.9695,53.6426,2.1455
2026-08-10 01:01:00,85.1435,50.9206,2.2627
2026-08-10 01:02:00,84.9908,50.6751,2.3464
2026-08-10 01:03:00,85.2416,52.1588,2.2083
2026-08-10 01:04:00,85.2136,52.5355,2.1724
2026-08-10 01:05:00,85.0425,49.9183,2.2471
2026-08-10 01:06:00,86.0616,51.9456,2.1802
2026-08-10 01:07:00,85.3725,51.7739,1.9881
2026-08-10 01:08:00,85.4117,52.4833,2.2583
2026-08-10 01:09:00,85.1290,52.2003,2.3069
2026-08-10 01:10:00,85.0891,50.3797,2.3176
2026-08-10 01:11:00,85.5645,50.9309,2.0968
2026-08-10 01:12:00,84.7483,51.1179,2.2754
2026-08-10 01:13:00,84.9020,52.3226,2.3705
2026-08-10 01:14:00,85.1641,51.9989,2.4730
2026-08-10 01:15:00,85.6367,51.1701,2.2707
2026-08-10 01:16:00,85.1118,51.7496,2.3243
2026-08-10 01:17:00,85.3414,50.7544,2.1300
2026-08-10 01:18:00,85.2169,53.2072,2.1204
2026-08-10 01:19:00,85.5892,51.9934,2.3351
2026-08-10 01:20:00,84.7162,52.1289,2.0366
2026-08-10 01:21:00,85.4034,52.5673,2.2597
2026-08-10 01:22:00,85.1136,52.2445,2.3915
2026-08-10 01:23:00,85.4410,51.4221,2.3240
2026-08-10 01:24:00,84.9077,51.2140,2.3279
2026-08-10 01:25:00,85.1504,52.3575,2.2570
2026-08-10 01:26:00,85.1016,51.3128,2.2259
2026-08-10 01:27:00,84.8205,50.6568,2.4874
2026-08-10 01:28:00,84.7256,52.7935,2.4004
2026-08-10 01:29:00,84.9238,50.4355,2.3670
2026-08-10 01:30:00,85.1248,49.7603,2.2907
2026-08-10 01:31:00,84.8462,51.9059,2.2351
2026-08-10 01:32:00,84.9614,50.4901,2.4072
2026-08-10 01:33:00,84.4815,51.3864,2.2745
2026-08-10 01:34:00,84.9224,52.4552,2.3191
2026-08-10 01:35:00,85.3268,49.8644,2.3789
2026-08-10 01:36:00,85.2170,50.8943,2.3446
2026-08-10 01:37:00,84.9648,52.0764,2.4851
2026-08-10 01:38:00,85.0491,51.3976,2.2046
2026-08-10 01:39:00,84.7122,50.6705,2.3500
2026-08-10 01:40:00,85.4325,52.6880,2.5638
2026-08-10 01:41:00,85.5495,50.6622,2.4466
2026-08-10 01:42:00,84.9624,51.0178,2.3441
2026-08-10 01:43:00,85.6735,51.9816,2.4507
2026-08-10 01:44:00,84.6754,51.4084,2.3732
2026-08-10 01:45:00,84.4869,51.6426,2.5318
2026-08-10 01:46:00,84.6317,49.8271,2.4746
2026-08-10 01:47:00,84.7609,51.4906,2.3132
2026-08-10 01:48:00,85.5022,50.6050,2.4311
2026-08-10 01:49:00,84.7057,49.8339,2.4567
2026-08-10 01:50:00,84.5133,50.5691,2.4692
2026-08-10 01:51:00,84.4826,50.5048,2.4618
2026-08-10 01:52:00,85.0747,51.8081,2.4941
2026-08-10 01:53:00,85.0122,50.5795,2.4872
2026-08-10 01:54:00,84.5473,49.6107,2.3810
2026-08-10 01:55:00,84.1099,49.3871,2.4152
2026-08-10 01:56:00,84.3135,50.1191,2.4432
2026-08-10 01:57:00,85.1476,49.0407,2.4860
2026-08-10 01:58:00,84.8167,49.5062,2.4592
2026-08-10 01:59:00,84.6083,49.8439,2.6024
2026-08-10 02:00:00,85.1276,49.6625,2.4040
2026-08-10 02:01:00,85.1325,50.5423,2.3344
2026-08-10 02:02:00,84.5121,49.3312,2.7124
2026-08-10 02:03:00,84.4951,47.9062,2.4418
2026-08-10 02:04:00,84.3030,48.4944,2.6414
2026-08-10 02:05:00,84.3693,49.7895,2.6000
2026-08-10 02:06:00,83.9856,49.2952,2.4687
2026-08-10 02:07:00,83.9610,48.7362,2.5414
2026-08-10 02:08:00,83.8676,51.2532,2.5342
2026-08-10 02:09:00,84.6858,50.3104,2.6057
2026-08-10 02:10:00,83.8680,49.5617,2.5009
2026-08-10 02:11:00,84.8971,49.7562,2.5676
2026-08-10 02:12:00,84.0685,49.3186,2.5890
2026-08-10 02:13:00,84.7841,48.4889,2.7103
2026-08-10 02:14:00,84.1285,50.2779,2.5664
2026-08-10 02:15:00,83.7430,50.0958,2.5172
2026-08-10 02:16:00,84.5728,47.7944,2.5675
2026-08-10 02:17:00,84.5827,49.5191,2.6659
2026-08-10 02:18:00,83.8647,49.5691,2.4590
2026-08-10 02:19:00,84.0112,49.0042,2.7629
2026-08-10 02:20:00,83.8131,50.9014,2.6520
2026-08-10 02:21:00,84.0225,50.7767,2.7001
2026-08-10 02:22:00,84.0648,48.8459,2.6853
2026-08-10 02:23:00,83.9007,48.9321,2.6032
2026-08-10 02:24:00,83.4339,48.8007,2.5681
2026-08-10 02:25:00,83.7787,48.5466,2.6126
2026-08-10 02:26:00,84.1372,48.2620,2.5382
2026-08-10 02:27:00,83.8366,49.3671,2.7297
2026-08-10 02:28:00,83.7741,50.4940,2.6845
2026-08-10 02:29:00,83.5661,50.1284,2.5531
2026-08-10 02:30:00,83.6351,49.4833,2.6505
2026-08-10 02:31:00,84.2136,46.8901,2.7828
2026-08-10 02:32:00,83.4217,47.2882,2.8522
2026-08-10 02:33:00,83.9525,49.5954,2.5997
2026-08-10 02:34:00,83.7229,50.0040,2.9493
2026-08-10 02:35:00,83.7548,49.1161,2.6421
2026-08-10 02:36:00,83.4341,48.3936,2.5722
2026-08-10 02:37:00,83.5207,49.6850,2.9230
2026-08-10 02:38:00,83.5969,49.1714,2.6475
2026-08-10 02:39:00,83.4148,49.4441,2.9082
2026-08-10 02:40:00,83.6428,47.0147,2.6933
2026-08-10 02:41:00,83.6530,48.7408,2.7343
2026-08-10 02:42:00,84.1400,49.8522,2.6368
2026-08-10 02:43:00,83.5440,48.8211,2.8985
2026-08-10 02:44:00,82.8592,49.1247,2.8881
2026-08-10 02:45:00,83.7542,48.3624,2.7111
2026-08-10 02:46:00,83.3166,48.3856,2.7726
2026-08-10 02:47:00,83.9539,49.3906,2.8490
2026-08-10 02:48:00,83.7641,47.7008,2.7382
2026-08-10 02:49:00,83.1438,47.5909,2.9241
2026-08-10 02:50:00,83.4847,47.7911,2.7792
2026-08-10 02:51:00,83.0626,48.1615,2.7398
2026-08-10 02:52:00,83.2144,46.8240,2.6352
2026-08-10 02:53:00,83.3893,48.6665,2.6656
2026-08-10 02:54:00,83.4934,47.9203,2.8552
2026-08-10 02:55:00,83.4012,48.7049,2.8210
2026-08-10 02:56:00,83.1283,46.2974,2.8799
2026-08-10 02:57:00,83.8242,48.6496,2.7428
2026-08-10 02:58:00,82.9431,49.0045,2.6355
2026-08-10 02:59:00,82.5441,48.2575,2.7503
2026-08-10 03:00:00,82.5756,47.9027,3.0038
2026-08-10 03:01:00,83.4161,48.5433,2.7034
2026-08-10 03:02:00,82.9250,48.8410,2.7959
2026-08-10 03:03:00,82.9699,48.2154,2.5577
2026-08-10 03:04:00,82.7338,48.2487,2.7464
2026-08-10 03:05:00,82.7354,49.0700,2.7560
2026-08-10 03:06:00,82.6098,48.3277,2.8295
2026-08-10 03:07:00,82.9623,47.0533,2.7632
2026-08-10 03:08:00,82.7669,48.6819,2.6416
2026-08-10 03:09:00,82.9020,47.5451,2.7253
2026-08-10 03:10:00,82.8490,47.6466,2.7694
2026-08-10 03:11:00,82.5952,47.6817,2.6880
2026-08-10 03:12:00,82.2615,48.3480,2.7002
2026-08-10 03:13:00,82.2117,48.9492,2.8833
2026-08-10 03:14:00,83.5600,47.5472,2.7176
2026-08-10 03:15:00,83.0723,48.8906,2.8212
2026-08-10 03:16:00,83.0081,47.6157,2.7564
2026-08-10 03:17:00,82.3810,48.5846,2.6478
2026-08-10 03:18:00,82.5640,47.6008,2.7340
2026-08-10 03:19:00,82.2945,47.0278,2.7927
2026-08-10 03:20:00,82.1237,48.9396,2.9335
2026-08-10 03:21:00,82.3193,46.9122,2.6786
2026-08-10 03:22:00,82.8727,46.8397,2.7431
2026-08-10 03:23:00,82.7063,46.3402,2.8381
2026-08-10 03:24:00,82.1426,48.3408,2.8688
2026-08-10 03:25:00,82.3190,48.5121,2.6731
2026-08-10 03:26:00,82.6184,47.5907,2.7176
2026-08-10 03:27:00,82.2030,46.4885,2.8394
2026-08-10 03:28:00,82.3791,47.2539,2.7741
2026-08-10 03:29:00,82.4570,47.0015,2.8210
2026-08-10 03:30:00,82.4354,46.4040,2.8293
2026-08-10 03:31:00,82.3764,46.8225,2.7619
2026-08-10 03:32:00,82.0865,47.6038,2.7151
2026-08-10 03:33:00,82.1001,46.7013,2.6277
2026-08-10 03:34:00,81.9085,47.4055,2.6644
2026-08-10 03:35:00,81.7638,45.7382,2.6648
2026-08-10 03:36:00,82.1818,48.4902,2.7962
2026-08-10 03:37:00,82.4455,46.8218,2.6876
2026-08-10 03:38:00,81.7714,47.8197,2.6820
2026-08-10 03:39:00,82.2526,47.2636,2.5573
2026-08-10 03:40:00,82.3918,47.4242,2.7704
2026-08-10 03:41:00,81.5915,46.1867,2.5664
2026-08-10 03:42:00,82.0480,46.4744,2.6077
2026-08-10 03:43:00,82.6100,46.4837,2.7601
2026-08-10 03:44:00,82.2692,47.0858,2.7107
2026-08-10 03:45:00,81.5304,48.1186,2.5298
2026-08-10 03:46:00,82.2775,47.3968,2.4996
2026-08-10 03:47:00,81.8445,46.3231,2.5798
2026-08-10 03:48:00,82.2656,47.1068,2.5351
2026-08-10 03:49:00,81.8410,46.9665,2.4385
2026-08-10 03:50:00,82.0224,46.7450,2.5023
2026-08-10 03:51:00,81.8678,47.0085,2.2952
2026-08-10 03:52:00,82.0213,47.6274,2.6528
2026-08-10 03:53:00,81.8420,46.4366,2.6388
2026-08-10 03:54:00,81.9374,46.7325,2.6879
2026-08-10 03:55:00,81.6446,47.7921,2.5745
2026-08-10 03:56:00,82.1377,47.3793,2.4865
2026-08-10 03:57:00,82.0369,48.0256,2.6259
2026-08-10 03:58:00,81.4937,48.1497,2.4456
2026-08-10 03:59:00,82.2714,45.9118,2.3752
2026-08-10 04:00:00,81.9160,47.2306,2.4853
2026-08-10 04:01:00,82.0133,46.5939,2.5333
2026-08-10 04:02:00,82.1906,46.0421,2.4031
2026-08-10 04:03:00,82.0567,46.3710,2.3717
2026-08-10 04:04:00,82.3053,46.7635,2.4270
2026-08-10 04:05:00,81.8658,46.7708,2.5020
2026-08-10 04:06:00,82.2627,46.5237,2.4385
2026-08-10 04:07:00,81.9883,47.0017,2.7090
2026-08-10 04:08:00,82.1034,48.9738,2.4240
2026-08-10 04:09:00,82.0725,45.6406,2.5050
2026-08-10 04:10:00,82.3244,47.9354,2.2775
2026-08-10 04:11:00,82.1699,47.0163,2.4735
2026-08-10 04:12:00,81.8225,46.6866,2.3611
2026-08-10 04:13:00,81.7654,45.4288,2.3989
2026-08-10 04:14:00,81.9459,47.6604,2.5612
2026-08-10 04:15:00,81.7364,45.9049,2.3480
2026-08-10 04:16:00,81.6529,47.7279,2.2472
2026-08-10 04:17:00,81.3348,48.4670,2.2556
2026-08-10 04:18:00,81.5137,46.0566,2.3811
2026-08-10 04:19:00,82.5799,48.0270,2.3687
2026-08-10 04:20:00,81.7937,47.1226,2.3577
2026-08-10 04:21:00,82.5687,45.4373,2.2147
2026-08-10 04:22:00,82.1261,46.1597,2.5392
2026-08-10 04:23:00,81.9983,47.2775,2.4765
2026-08-10 04:24:00,81.5717,47.4678,2.3367
2026-08-10 04:25:00,82.0326,45.8947,2.1653
2026-08-10 04:26:00,82.6086,47.1974,2.4696
2026-08-10 04:27:00,82.5186,47.8443,2.4188
2026-08-10 04:28:00,82.1445,47.9981,2.3095
2026-08-10 04:29:00,81.7291,46.8833,2.4134
2026-08-10 04:30:00,81.7986,47.5791,2.2384
2026-08-10 04:31:00,81.8426,48.1016,2.1864
2026-08-10 04:32:00,82.4950,47.9413,2.2928
2026-08-10 04:33:00,82.6149,47.9887,2.1166
2026-08-10 04:34:00,82.1984,47.3830,2.1558
2026-08-10 04:35:00,82.0636,47.2338,2.3164
2026-08-10 04:36:00,82.6346,47.5447,2.2813
2026-08-10 04:37:00,81.8924,46.7340,2.1146
2026-08-10 04:38:00,82.2180,48.2532,2.2075
2026-08-10 04:39:00,82.3585,46.1582,2.1104
2026-08-10 04:40:00,81.9784,46.9985,2.1913
2026-08-10 04:41:00,82.0646,47.3928,2.1766
2026-08-10 04:42:00,82.0600,47.8178,2.3319
2026-08-10 04:43:00,82.7184,47.9888,2.2135
2026-08-10 04:44:00,82.8875,48.6752,2.2016
2026-08-10 04:45:00,82.3680,47.5678,2.1836
2026-08-10 04:46:00,82.2740,46.9532,2.0479
2026-08-10 04:47:00,82.1959,47.4340,2.2073
2026-08-10 04:48:00,82.3984,47.3174,2.2630
2026-08-10 04:49:00,82.2552,48.0122,2.2355
2026-08-10 04:50:00,82.4142,46.7663,2.2795
2026-08-10 04:51:00,82.5908,47.5037,2.2824
2026-08-10 04:52:00,82.3692,48.9667,2.4264
2026-08-10 04:53:00,82.4585,47.8374,2.0921
2026-08-10 04:54:00,82.4848,46.8764,2.2272
2026-08-10 04:55:00,82.4707,47.4727,2.2372
2026-08-10 04:56:00,82.4595,45.9842,2.1697
2026-08-10 04:57:00,82.8472,47.7499,2.1377
2026-08-10 04:58:00,82.1143,49.1420,2.2503
2026-08-10 04:59:00,83.1453,46.9018,2.2404
2026-08-10 05:00:00,82.7416,46.7138,2.0947
2026-08-10 05:01:00,82.9124,47.3840,2.0203
2026-08-10 05:02:00,82.9758,48.6720,2.1513
2026-08-10 05:03:00,82.5753,49.3273,2.1336
2026-08-10 05:04:00,82.5432,48.3512,2.2619
2026-08-10 05:05:00,82.5381,46.9932,2.1102
2026-08-10 05:06:00,82.8044,48.0339,2.1859
2026-08-10 05:07:00,83.1194,49.5132,2.0343
2026-08-10 05:08:00,82.7661,47.8633,2.0514
2026-08-10 05:09:00,83.1556,48.2551,2.1313
2026-08-10 05:10:00,82.2953,48.3662,2.1852
2026-08-10 05:11:00,82.9229,46.9683,2.1304
2026-08-10 05:12:00,83.4220,49.0350,2.2290
2026-08-10 05:13:00,83.0542,48.9516,2.0471
2026-08-10 05:14:00,82.8908,46.7059,2.1984
2026-08-10 05:15:00,82.9769,47.2688,2.2025
2026-08-10 05:16:00,82.3004,47.5903,2.0812
2026-08-10 05:17:00,82.9405,48.9978,2.2521
2026-08-10 05:18:00,83.5967,47.8316,2.0158
2026-08-10 05:19:00,83.1407,48.7872,2.1678
2026-08-10 05:20:00,83.2124,48.3546,2.3189
2026-08-10 05:21:00,82.6889,48.5911,2.0217
2026-08-10 05:22:00,82.9361,48.9653,2.3155
2026-08-10 05:23:00,83.8197,48.8210,2.1362
2026-08-10 05:24:00,83.6855,48.6229,2.1983
2026-08-10 05:25:00,83.1490,48.9348,2.4026
2026-08-10 05:26:00,83.3873,48.8820,2.2042
2026-08-10 05:27:00,83.6063,48.5763,2.4333
2026-08-10 05:28:00,83.2950,48.4348,2.2465
2026-08-10 05:29:00,83.0917,50.3201,2.2739
2026-08-10 05:30:00,83.6846,48.4978,2.3721
2026-08-10 05:31:00,83.9438,49.9819,2.3479
2026-08-10 05:32:00,83.9895,48.3768,2.3147
2026-08-10 05:33:00,84.1147,49.6098,2.2588
2026-08-10 05:34:00,83.4265,50.4256,2.1561
2026-08-10 05:35:00,83.9506,48.7657,2.1672
2026-08-10 05:36:00,83.8935,48.5390,2.4550
2026-08-10 05:37:00,83.9890,48.7670,2.5000
2026-08-10 05:38:00,83.9929,49.1325,2.3496
2026-08-10 05:39:00,83.8998,49.4432,2.1659
2026-08-10 05:40:00,83.2343,49.1915,2.2728
2026-08-10 05:41:00,84.5301,48.9256,2.2747
2026-08-10 05:42:00,84.3226,50.8633,2.3082
2026-08-10 05:43:00,83.8205,49.1776,2.2824
2026-08-10 05:44:00,84.4501,48.8802,2.4300
2026-08-10 05:45:00,84.2165,50.0791,2.4099
2026-08-10 05:46:00,84.2677,50.1304,2.5505
2026-08-10 05:47:00,84.2056,50.6219,2.3609
2026-08-10 05:48:00,84.6402,51.0730,2.4273
2026-08-10 05:49:00,84.2821,49.8465,2.4889
2026-08-10 05:50:00,84.2362,49.3778,2.5245
2026-08-10 05:51:00,84.9480,48.1256,2.3065
2026-08-10 05:52:00,84.5981,48.9361,2.4781
2026-08-10 05:53:00,84.6509,49.8923,2.4600
2026-08-10 05:54:00,84.9463,48.8199,2.4833
2026-08-10 05:55:00,84.5818,48.5357,2.4668
2026-08-10 05:56:00,84.6851,49.8957,2.6399
2026-08-10 05:57:00,84.9609,50.5036,2.3874
2026-08-10 05:58:00,84.4503,49.7243,2.3893
2026-08-10 05:59:00,85.0227,50.6782,2.4100
2026-08-10 06:00:00,86.1841,50.4933,2.4710
2026-08-10 06:01:00,86.7111,50.9587,2.5372
2026-08-10 06:02:00,86.6621,51.8173,2.4701
2026-08-10 06:03:00,86.6661,52.2090,2.6242
2026-08-10 06:04:00,86.1032,50.7423,2.5310
2026-08-10 06:05:00,86.5978,49.8283,2.5295
2026-08-10 06:06:00,86.3191,50.2848,2.4139
2026-08-10 06:07:00,86.7047,51.5331,2.7368
2026-08-10 06:08:00,86.0645,49.5990,2.5576
2026-08-10 06:09:00,86.3402,51.5107,2.7337
2026-08-10 06:10:00,87.2023,50.2556,2.5154
2026-08-10 06:11:00,86.9995,50.6122,2.6683
2026-08-10 06:12:00,86.8256,49.8232,2.5364
2026-08-10 06:13:00,86.7021,49.4491,2.7820
2026-08-10 06:14:00,86.6922,50.3236,2.7196
2026-08-10 06:15:00,87.1202,51.6277,2.6998
2026-08-10 06:16:00,86.9996,50.0622,2.5495
2026-08-10 06:17:00,87.6090,51.9521,2.8198
2026-08-10 06:18:00,87.1318,50.2420,2.8400
2026-08-10 06:19:00,87.2469,49.8839,2.6052
2026-08-10 06:20:00,86.8546,50.9794,2.6662
2026-08-10 06:21:00,87.2047,51.3576,2.7494
2026-08-10 06:22:00,87.4075,51.0025,2.4662
2026-08-10 06:23:00,87.2838,51.0104,2.7845
2026-08-10 06:24:00,87.2911,52.2094,2.7787
2026-08-10 06:25:00,87.5757,51.0403,2.6263
2026-08-10 06:26:00,87.9728,50.6251,2.4696
2026-08-10 06:27:00,87.6022,50.1320,2.7282
2026-08-10 06:28:00,87.9422,52.0940,2.5874
2026-08-10 06:29:00,87.8253,50.7711,2.5477
2026-08-10 06:30:00,88.0038,50.8856,2.7492
2026-08-10 06:31:00,87.5350,52.0257,2.8494
2026-08-10 06:32:00,87.6949,52.8635,2.7011
2026-08-10 06:33:00,87.7350,51.4570,2.8466
2026-08-10 06:34:00,87.9983,51.1819,2.7996
2026-08-10 06:35:00,88.1103,51.3223,2.6007
2026-08-10 06:36:00,87.9481,50.9975,2.6873
2026-08-10 06:37:00,88.2112,51.1122,2.8552
2026-08-10 06:38:00,87.8165,51.1511,2.6954
2026-08-10 06:39:00,88.2881,52.1944,2.8377
2026-08-10 06:40:00,88.3638,51.4295,2.7188
2026-08-10 06:41:00,88.2986,52.6213,2.8358
2026-08-10 06:42:00,88.1715,51.4745,2.8102
2026-08-10 06:43:00,88.3808,51.3072,2.7459
2026-08-10 06:44:00,87.9338,52.6562,2.8434
2026-08-10 06:45:00,88.2964,51.6840,2.5612
2026-08-10 06:46:00,88.3615,51.5981,2.6715
2026-08-10 06:47:00,87.9065,51.7583,2.7364
2026-08-10 06:48:00,88.4814,52.9367,2.9026
2026-08-10 06:49:00,87.9977,52.0398,2.6430
2026-08-10 06:50:00,88.2768,52.8259,2.7863
2026-08-10 06:51:00,88.4495,51.6696,2.8235
2026-08-10 06:52:00,88.2504,52.7595,2.8182
2026-08-10 06:53:00,88.5260,52.1085,2.7851
2026-08-10 06:54:00,88.5523,52.6544,2.7342
2026-08-10 06:55:00,88.3170,52.7514,2.7728
2026-08-10 06:56:00,88.7637,51.2541,2.8958
2026-08-10 06:57:00,88.3939,52.0940,2.7302
2026-08-10 06:58:00,89.3389,52.8308,2.5837
2026-08-10 06:59:00,88.6486,52.9866,2.8465
2026-08-10 07:00:00,88.3585,53.1241,2.9496
2026-08-10 07:01:00,88.4426,52.2327,2.6948
2026-08-10 07:02:00,89.1096,53.4083,2.9357
2026-08-10 07:03:00,88.6696,51.6772,2.8511
2026-08-10 07:04:00,88.4097,51.0336,2.6827
2026-08-10 07:05:00,89.1010,52.0334,2.7271
2026-08-10 07:06:00,88.7458,53.2379,2.7216
2026-08-10 07:07:00,89.0915,51.4376,2.8119
2026-08-10 07:08:00,89.2007,51.1556,2.7753
2026-08-10 07:09:00,89.0264,50.9795,2.9023
2026-08-10 07:10:00,89.6863,52.9688,2.8747
2026-08-10 07:11:00,88.4731,51.2457,2.6331
2026-08-10 07:12:00,88.7676,52.8663,2.6434
2026-08-10 07:13:00,88.9582,52.1875,2.8442
2026-08-10 07:14:00,89.7347,51.8559,2.7285
2026-08-10 07:15:00,89.6167,51.6954,2.7597
2026-08-10 07:16:00,89.4842,52.6810,2.8287
2026-08-10 07:17:00,88.8792,51.9339,2.8566
2026-08-10 07:18:00,88.9335,52.5539,2.6440
2026-08-10 07:19:00,88.9069,52.8993,2.5415
2026-08-10 07:20:00,88.9386,53.0882,2.7485
2026-08-10 07:21:00,89.6391,53.3649,2.6703
2026-08-10 07:22:00,89.1352,52.7682,2.7582
2026-08-10 07:23:00,89.1915,51.8149,2.7384
2026-08-10 07:24:00,89.4732,53.0456,2.6452
2026-08-10 07:25:00,88.7573,53.2156,2.9467
2026-08-10 07:26:00,89.2870,52.5625,2.7348
2026-08-10 07:27:00,88.9564,52.4941,2.6707
2026-08-10 07:28:00,89.2109,54.7208,2.7331
2026-08-10 07:29:00,89.1365,51.7219,2.7706
2026-08-10 07:30:00,89.1337,53.1666,2.6489
2026-08-10 07:31:00,89.4048,53.6233,2.9385
2026-08-10 07:32:00,89.4150,52.5277,2.5485
2026-08-10 07:33:00,89.2936,52.6798,2.5495
2026-08-10 07:34:00,89.4811,52.5068,2.5289
2026-08-10 07:35:00,89.1191,52.8410,2.6830
2026-08-10 07:36:00,89.5934,53.5728,2.7236
2026-08-10 07:37:00,89.3357,52.7065,2.6369
2026-08-10 07:38:00,89.2606,55.3649,2.7104
2026-08-10 07:39:00,89.1748,52.5252,2.7024
2026-08-10 07:40:00,89.3477,53.9998,2.6139
2026-08-10 07:41:00,89.9877,53.3428,2.6859
2026-08-10 07:42:00,89.4134,53.0039,2.6166
2026-08-10 07:43:00,89.0943,54.1026,2.5883
2026-08-10 07:44:00,89.7180,51.6544,2.5722
2026-08-10 07:45:00,89.3049,53.2825,2.6381
2026-08-10 07:46:00,89.5351,52.3767,2.7293
2026-08-10 07:47:00,89.2713,52.6079,2.4796
2026-08-10 07:48:00,89.8397,52.5767,2.5447
2026-08-10 07:49:00,89.2801,52.1979,2.6015
2026-08-10 07:50:00,89.8780,51.6523,2.7533
2026-08-10 07:51:00,89.1447,53.2902,2.6132
2026-08-10 07:52:00,89.3718,52.9309,2.4811
2026-08-10 07:53:00,89.8794,52.7469,2.4623
2026-08-10 07:54:00,89.5090,53.5981,2.6454
2026-08-10 07:55:00,90.1385,53.3551,2.5078
2026-08-10 07:56:00,89.3744,52.7824,2.4083
2026-08-10 07:57:00,89.5298,55.4384,2.6249
2026-08-10 07:58:00,90.0211,53.8134,2.5465
2026-08-10 07:59:00,88.9919,54.9556,2.3884
2026-08-10 08:00:00,88.9506,52.6680,2.3660
2026-08-10 08:01:00,89.1987,53.1995,2.2754
2026-08-10 08:02:00,89.6762,52.0084,2.4221
2026-08-10 08:03:00,88.9435,52.7333,2.5069
2026-08-10 08:04:00,89.5994,52.5287,2.5647
2026-08-10 08:05:00,89.5716,55.3900,2.5033
2026-08-10 08:06:00,90.0107,52.4368,2.3226
2026-08-10 08:07:00,89.7123,52.8002,2.4170
2026-08-10 08:08:00,89.4997,51.8206,2.5806
2026-08-10 08:09:00,89.7895,53.4062,2.3788
2026-08-10 08:10:00,89.5342,52.2542,2.4992
2026-08-10 08:11:00,89.2248,53.7038,2.4793
2026-08-10 08:12:00,89.0093,51.5324,2.4833
2026-08-10 08:13:00,89.1712,52.8594,2.4430
2026-08-10 08:14:00,89.3188,51.4731,2.4682
2026-08-10 08:15:00,89.3718,52.5499,2.2370
2026-08-10 08:16:00,88.6666,52.7047,2.5295
2026-08-10 08:17:00,89.2288,52.4468,2.1902
2026-08-10 08:18:00,89.2903,52.5169,2.3950
2026-08-10 08:19:00,89.4325,53.6846,2.3520
2026-08-10 08:20:00,89.7425,54.6373,2.2874
2026-08-10 08:21:00,89.2958,53.1588,2.2457
2026-08-10 08:22:00,88.9525,52.1884,2.3916
2026-08-10 08:23:00,88.6648,52.9163,2.4102
2026-08-10 08:24:00,89.4007,52.5698,2.3134
2026-08-10 08:25:00,88.9179,53.5523,2.2884
2026-08-10 08:26:00,89.4223,53.0582,2.4393
2026-08-10 08:27:00,89.5647,51.5523,2.2630
2026-08-10 08:28:00,88.6650,53.6791,2.2950
2026-08-10 08:29:00,89.2768,53.5599,2.2731
2026-08-10 08:30:00,89.4805,53.9677,2.5349
2026-08-10 08:31:00,89.3801,52.3432,2.1984
2026-08-10 08:32:00,88.4267,52.9814,2.3602
2026-08-10 08:33:00,88.7805,51.7766,2.1019
2026-08-10 08:34:00,88.6331,52.6668,2.1711
2026-08-10 08:35:00,89.1544,53.0082,2.2311
2026-08-10 08:36:00,89.1012,52.1642,2.2442
2026-08-10 08:37:00,88.1474,52.9288,2.2253
2026-08-10 08:38:00,88.8458,52.7709,2.2385
2026-08-10 08:39:00,89.1551,52.2576,2.1753
2026-08-10 08:40:00,88.9379,53.7161,2.3689
2026-08-10 08:41:00,88.9157,52.3907,2.1363
2026-08-10 08:42:00,88.7403,52.6642,2.3071
2026-08-10 08:43:00,88.5098,51.3637,2.2970
2026-08-10 08:44:00,88.7997,52.9314,2.1312
2026-08-10 08:45:00,88.7976,52.1129,2.1861
2026-08-10 08:46:00,88.9434,53.2381,2.2197
2026-08-10 08:47:00,88.9444,51.4010,2.3847
2026-08-10 08:48:00,88.7375,52.7716,2.1778
2026-08-10 08:49:00,89.0163,50.6581,2.5747
2026-08-10 08:50:00,88.5512,52.8728,2.2870
2026-08-10 08:51:00,88.2061,52.2161,2.2426
2026-08-10 08:52:00,88.7579,52.6509,2.2950
2026-08-10 08:53:00,88.6278,51.8264,2.0332
2026-08-10 08:54:00,88.7140,51.5218,2.3209
2026-08-10 08:55:00,88.1603,51.9079,2.0703
2026-08-10 08:56:00,89.0515,52.3830,2.2886
2026-08-10 08:57:00,88.7018,52.6642,2.1417
2026-08-10 08:58:00,88.3765,52.4192,2.1205
2026-08-10 08:59:00,88.1563,51.3995,2.3774
2026-08-10 09:00:00,88.7340,53.5915,2.1900
2026-08-10 09:01:00,88.0541,52.3596,2.0470
2026-08-10 09:02:00,89.0366,51.5672,2.2979
2026-08-10 09:03:00,88.1477,52.3758,2.0789
2026-08-10 09:04:00,88.8211,52.2122,2.3377
2026-08-10 09:05:00,88.2229,51.8378,2.2009
2026-08-10 09:06:00,88.7255,51.7141,2.0763
2026-08-10 09:07:00,88.0039,52.7062,2.2872
2026-08-10 09:08:00,88.2029,53.2702,2.2587
2026-08-10 09:09:00,88.4115,50.2285,1.9960
2026-08-10 09:10:00,88.3414,52.8107,2.2039
2026-08-10 09:11:00,88.4457,51.8109,2.2422
2026-08-10 09:12:00,87.9418,51.9527,2.2387
2026-08-10 09:13:00,88.0860,52.8127,2.1987
2026-08-10 09:14:00,88.4076,49.5754,2.2944
2026-08-10 09:15:00,87.7939,52.3185,2.2797
2026-08-10 09:16:00,88.1497,52.6599,2.2291
2026-08-10 09:17:00,87.8846,51.0500,2.2056
2026-08-10 09:18:00,87.9845,50.4523,2.2475
2026-08-10 09:19:00,87.9204,52.8458,2.1760
2026-08-10 09:20:00,87.6309,50.0949,2.1379
2026-08-10 09:21:00,87.7616,51.8008,2.1318
2026-08-10 09:22:00,87.8557,52.2500,2.2384
2026-08-10 09:23:00,87.7538,51.7141,2.1670
2026-08-10 09:24:00,88.2289,51.8137,2.2414
2026-08-10 09:25:00,88.0325,51.1149,2.3950
2026-08-10 09:26:00,87.7890,51.6617,2.2461
2026-08-10 09:27:00,87.4457,50.6892,2.2857
2026-08-10 09:28:00,87.4000,50.7571,2.2542
2026-08-10 09:29:00,88.2121,51.2127,2.4130
2026-08-10 09:30:00,87.2897,49.9162,2.4536
2026-08-10 09:31:00,87.5997,51.5733,2.2465
2026-08-10 09:32:00,87.6468,49.0905,2.3720
2026-08-10 09:33:00,87.4181,51.3286,2.5143
2026-08-10 09:34:00,87.1840,51.3669,2.1951
2026-08-10 09:35:00,87.2224,50.3287,2.4154
2026-08-10 09:36:00,87.2673,49.9399,2.1496
2026-08-10 09:37:00,87.1919,50.5631,2.3330
2026-08-10 09:38:00,87.7767,51.3638,2.3226
2026-08-10 09:39:00,87.3494,51.0909,2.1725
2026-08-10 09:40:00,87.1689,49.8872,2.4589
2026-08-10 09:41:00,87.3322,50.8230,2.3716
2026-08-10 09:42:00,87.4747,50.9099,2.2711
2026-08-10 09:43:00,87.1453,50.8377,2.4037
2026-08-10 09:44:00,87.4938,49.8345,2.4684
2026-08-10 09:45:00,86.8166,50.7098,2.2083
2026-08-10 09:46:00,87.5242,51.2809,2.0777
2026-08-10 09:47:00,87.1453,50.9376,2.3957
2026-08-10 09:48:00,87.1088,50.7985,2.3305
2026-08-10 09:49:00,86.8908,51.7446,2.5486
2026-08-10 09:50:00,86.7060,50.5258,2.3853
2026-08-10 09:51:00,86.5503,49.6791,2.4609
2026-08-10 09:52:00,86.7976,49.6426,2.4189
2026-08-10 09:53:00,87.1791,50.4153,2.2907
2026-08-10 09:54:00,86.6910,49.0853,2.4561
2026-08-10 09:55:00,86.4916,49.9474,2.3282
2026-08-10 09:56:00,86.6605,50.5283,2.3311
2026-08-10 09:57:00,86.7950,51.0547,2.3667
2026-08-10 09:58:00,86.7844,48.8433,2.3658
2026-08-10 09:59:00,86.8271,50.1185,2.4711
2026-08-10 10:00:00,87.1536,49.9454,2.4608
2026-08-10 10:01:00,87.1970,49.9907,2.5363
2026-08-10 10:02:00,87.4024,50.0347,2.3583
2026-08-10 10:03:00,86.2921,49.8569,2.4984
2026-08-10 10:04:00,86.5020,50.9568,2.4832
2026-08-10 10:05:00,86.9477,50.7990,2.5593
2026-08-10 10:06:00,86.5817,51.4793,2.5719
2026-08-10 10:07:00,86.9561,49.7170,2.5703
2026-08-10 10:08:00,86.7403,49.3579,2.4633
2026-08-10 10:09:00,87.1325,48.8732,2.5725
2026-08-10 10:10:00,86.9524,49.1929,2.5263
2026-08-10 10:11:00,86.9391,50.1412,2.7166
2026-08-10 10:12:00,86.4787,50.2255,2.6037
2026-08-10 10:13:00,86.5549,50.0324,2.6081
2026-08-10 10:14:00,86.4746,48.9217,2.4794
2026-08-10 10:15:00,86.0969,48.8875,2.5558
2026-08-10 10:16:00,86.9730,50.9414,2.6479
2026-08-10 10:17:00,86.7381,48.6723,2.6213
2026-08-10 10:18:00,86.3944,50.4329,2.6272
2026-08-10 10:19:00,86.8730,49.5852,2.4678
2026-08-10 10:20:00,86.2766,48.6375,2.5686
2026-08-10 10:21:00,85.8987,48.2381,2.6293
2026-08-10 10:22:00,86.7371,48.5968,2.7836
2026-08-10 10:23:00,86.0364,49.4445,2.4808
2026-08-10 10:24:00,86.3466,48.3452,2.5719
2026-08-10 10:25:00,86.4529,50.2792,2.4928
2026-08-10 10:26:00,86.4928,48.8323,2.7213
2026-08-10 10:27:00,86.6182,49.5220,2.8135
2026-08-10 10:28:00,86.5247,49.4207,2.7368
2026-08-10 10:29:00,86.5025,50.1858,2.7642
2026-08-10 10:30:00,86.0878,48.5016,2.6089
2026-08-10 10:31:00,86.4012,48.9006,2.7546
2026-08-10 10:32:00,85.8494,47.6587,2.6457
2026-08-10 10:33:00,86.7583,48.8265,2.7341
2026-08-10 10:34:00,85.8577,49.6205,2.7834
2026-08-10 10:35:00,86.1638,48.8487,2.7088
2026-08-10 10:36:00,85.8617,50.4882,2.8247
2026-08-10 10:37:00,86.0282,49.0189,2.7309
2026-08-10 10:38:00,86.2416,48.1362,2.7790
2026-08-10 10:39:00,86.0696,48.8987,2.9449
2026-08-10 10:40:00,86.5625,47.3293,2.8096
2026-08-10 10:41:00,86.2786,47.8269,2.6887
2026-08-10 10:42:00,86.0634,47.4589,2.7193
2026-08-10 10:43:00,86.1542,48.4120,2.8581
2026-08-10 10:44:00,86.5526,48.3177,2.8783
2026-08-10 10:45:00,86.4521,49.2974,2.7735
2026-08-10 10:46:00,85.8310,48.2215,2.6274
2026-08-10 10:47:00,85.9618,47.4665,2.6878
2026-08-10 10:48:00,86.3023,49.4841,2.8034
2026-08-10 10:49:00,86.2600,45.8493,2.8457
2026-08-10 10:50:00,85.8333,48.2045,2.8903
2026-08-10 10:51:00,86.3680,48.3168,2.5885
2026-08-10 10:52:00,85.8712,48.1038,2.8806
2026-08-10 10:53:00,86.5251,48.4818,2.9377
2026-08-10 10:54:00,86.2886,48.1402,2.5570
2026-08-10 10:55:00,85.7864,48.4217,2.7969
2026-08-10 10:56:00,85.9638,47.5108,2.8741
2026-08-10 10:57:00,85.9554,46.7964,2.6579
2026-08-10 10:58:00,86.1645,47.8979,2.7496
2026-08-10 10:59:00,86.0528,47.0854,2.8559
2026-08-10 11:00:00,84.3573,47.2959,2.7477
2026-08-10 11:01:00,84.2808,48.7803,2.7635
2026-08-10 11:02:00,84.8623,49.0703,2.8217
2026-08-10 11:03:00,84.7822,48.7112,2.6821
2026-08-10 11:04:00,84.7270,48.5365,2.6917
2026-08-10 11:05:00,84.7760,47.7924,2.8443
2026-08-10 11:06:00,84.5088,48.5311,2.8912
2026-08-10 11:07:00,84.7496,47.9780,2.8348
2026-08-10 11:08:00,85.4563,49.2266,2.9296
2026-08-10 11:09:00,85.0477,46.9096,2.8337
2026-08-10 11:10:00,84.6096,48.1580,2.9745
2026-08-10 11:11:00,84.5403,46.5848,2.7942
2026-08-10 11:12:00,83.8406,48.1156,2.8106
2026-08-10 11:13:00,85.0211,46.1748,2.8231
2026-08-10 11:14:00,84.9384,46.5568,2.7173
2026-08-10 11:15:00,84.5416,46.4795,2.6996
2026-08-10 11:16:00,84.2777,47.6857,2.6841
2026-08-10 11:17:00,84.3634,47.7464,2.7152
2026-08-10 11:18:00,84.8464,49.4025,2.9744
2026-08-10 11:19:00,84.6895,47.3487,2.9458
2026-08-10 11:20:00,84.9273,48.0200,2.7270
2026-08-10 11:21:00,84.7496,47.5112,2.7137
2026-08-10 11:22:00,85.0177,47.9147,2.5369
2026-08-10 11:23:00,84.8428,47.4600,2.6478
2026-08-10 11:24:00,84.9850,48.2067,2.6618
2026-08-10 11:25:00,84.1141,46.4672,2.6940
2026-08-10 11:26:00,84.3757,45.3343,2.6762
2026-08-10 11:27:00,84.6418,47.6095,2.7496
2026-08-10 11:28:00,85.0803,45.8153,2.8004
2026-08-10 11:29:00,85.3261,48.2930,2.6448
2026-08-10 11:30:00,84.7184,46.7899,2.8558
2026-08-10 11:31:00,84.5901,46.3830,2.7411
2026-08-10 11:32:00,84.1931,49.3597,2.7896
2026-08-10 11:33:00,85.0450,47.1707,2.6509
2026-08-10 11:34:00,84.6273,47.0040,2.7434
2026-08-10 11:35:00,85.6865,47.7576,2.7280
2026-08-10 11:36:00,84.5839,47.7992,2.8231
2026-08-10 11:37:00,85.4442,48.0462,2.7352
2026-08-10 11:38:00,85.0442,46.0572,2.7488
2026-08-10 11:39:00,84.5184,47.5415,2.6038
2026-08-10 11:40:00,84.9039,46.8677,2.7696
2026-08-10 11:41:00,85.0732,46.3555,2.5155
2026-08-10 11:42:00,84.7818,47.1214,2.5789
2026-08-10 11:43:00,85.1085,45.6250,2.6573
2026-08-10 11:44:00,85.1097,47.8039,2.5068
2026-08-10 11:45:00,85.0517,46.8251,2.5225
2026-08-10 11:46:00,84.8759,46.6682,2.5152
2026-08-10 11:47:00,84.5365,46.9332,2.6380
2026-08-10 11:48:00,84.8742,46.9029,2.5768
2026-08-10 11:49:00,84.9583,47.9436,2.6816
2026-08-10 11:50:00,84.3510,46.1491,2.7657
2026-08-10 11:51:00,84.9730,46.7150,2.5971
2026-08-10 11:52:00,84.9017,46.8432,2.5112
2026-08-10 11:53:00,84.5503,46.1605,2.5915
2026-08-10 11:54:00,84.8480,47.1367,2.4574
2026-08-10 11:55:00,84.8630,46.4273,2.5328
2026-08-10 11:56:00,85.5442,45.8807,2.7776
2026-08-10 11:57:00,85.0399,47.4233,2.5032
2026-08-10 11:58:00,85.2934,48.2388,2.5460
2026-08-10 11:59:00,84.9559,47.0390,2.4917
2026-08-10 12:00:00,84.4378,46.9174,2.4590
2026-08-10 12:01:00,85.2104,46.9007,2.5402
2026-08-10 12:02:00,84.8200,46.5883,2.3572
2026-08-10 12:03:00,84.9255,47.9384,2.4598
2026-08-10 12:04:00,84.7189,47.0794,2.3329
2026-08-10 12:05:00,85.0653,45.2635,2.6153
2026-08-10 12:06:00,85.3717,47.9684,2.5518
2026-08-10 12:07:00,85.3405,47.7757,2.3685
2026-08-10 12:08:00,85.5451,47.4977,2.2520
2026-08-10 12:09:00,85.5961,44.8165,2.4790
2026-08-10 12:10:00,84.4724,47.0233,2.4180
2026-08-10 12:11:00,84.7364,47.7458,2.6392
2026-08-10 12:12:00,84.5604,47.3405,2.5475
2026-08-10 12:13:00,85.3006,47.2075,2.4634
2026-08-10 12:14:00,84.9112,47.7666,2.3397
2026-08-10 12:15:00,84.9804,47.1691,2.3590
2026-08-10 12:16:00,85.0701,48.0285,2.4082
2026-08-10 12:17:00,85.2577,47.2034,2.4063
2026-08-10 12:18:00,84.7051,47.1486,2.2930
2026-08-10 12:19:00,84.7806,47.8062,2.2204
2026-08-10 12:20:00,85.1661,46.7834,2.5428
2026-08-10 12:21:00,85.5327,46.2348,2.3466
2026-08-10 12:22:00,85.1727,47.1266,2.3790
2026-08-10 12:23:00,84.9499,47.6072,2.2443
2026-08-10 12:24:00,84.5498,47.8871,2.4603
2026-08-10 12:25:00,85.4869,47.9039,2.4214
2026-08-10 12:26:00,84.9869,47.1172,2.3173
2026-08-10 12:27:00,84.8699,47.0483,2.3262
2026-08-10 12:28:00,84.7058,46.7256,2.3278
2026-08-10 12:29:00,84.7947,47.4135,2.3033
2026-08-10 12:30:00,84.9440,45.9155,2.3437
2026-08-10 12:31:00,85.1664,47.2618,2.3200
2026-08-10 12:32:00,84.8810,49.5391,2.2595
2026-08-10 12:33:00,85.3046,46.0725,2.1550
2026-08-10 12:34:00,85.1801,47.4177,2.2643
2026-08-10 12:35:00,85.9256,47.6117,2.3370
2026-08-10 12:36:00,84.7523,47.7322,2.3245
2026-08-10 12:37:00,85.3166,46.5717,2.3840
2026-08-10 12:38:00,85.3246,47.7760,2.3902
2026-08-10 12:39:00,84.9672,46.9549,2.3144
2026-08-10 12:40:00,85.3087,46.2599,2.2589
2026-08-10 12:41:00,85.5146,48.1833,2.2707
2026-08-10 12:42:00,85.3159,47.9738,2.1753
2026-08-10 12:43:00,85.7053,46.6896,2.3092
2026-08-10 12:44:00,84.6395,47.0490,2.3583
2026-08-10 12:45:00,85.0426,47.0416,2.3270
2026-08-10 12:46:00,85.7401,46.2128,2.2756
2026-08-10 12:47:00,85.5731,48.1600,2.1931
2026-08-10 12:48:00,85.4634,48.2129,2.1791
2026-08-10 12:49:00,85.6726,47.3302,2.1964
2026-08-10 12:50:00,84.7289,47.5974,2.1372
2026-08-10 12:51:00,85.5434,47.7358,2.2358
2026-08-10 12:52:00,85.6246,47.8641,1.9269
2026-08-10 12:53:00,85.1079,46.6155,2.1511
2026-08-10 12:54:00,86.0943,48.1095,2.2105
2026-08-10 12:55:00,85.3641,46.8041,2.4527
2026-08-10 12:56:00,84.6468,48.3157,2.2021
2026-08-10 12:57:00,85.4181,46.9451,2.2051
2026-08-10 12:58:00,85.0865,46.7838,2.1171
2026-08-10 12:59:00,85.6504,47.8287,2.3721
2026-08-10 13:00:00,85.4634,47.8383,2.1187
2026-08-10 13:01:00,85.1175,47.9896,2.4034
2026-08-10 13:02:00,85.7451,47.2207,2.1264
2026-08-10 13:03:00,85.5733,48.1259,2.2951
2026-08-10 13:04:00,85.0400,48.2302,2.1960
2026-08-10 13:05:00,85.2392,48.9545,2.1463
2026-08-10 13:06:00,85.4361,48.1997,2.3047
2026-08-10 13:07:00,85.1676,47.6022,2.3379
2026-08-10 13:08:00,85.1721,47.0344,2.1880
2026-08-10 13:09:00,85.2786,46.9185,2.2059
2026-08-10 13:10:00,84.9426,48.4321,2.1690
2026-08-10 13:11:00,84.5870,48.8396,2.2348
2026-08-10 13:12:00,85.3228,47.5245,2.1052
2026-08-10 13:13:00,84.6481,48.4728,1.9479
2026-08-10 13:14:00,84.9404,48.1614,2.0329
2026-08-10 13:15:00,84.6999,48.9079,2.2007
2026-08-10 13:16:00,84.7296,49.0589,2.1189
2026-08-10 13:17:00,85.3444,46.5862,2.2175
2026-08-10 13:18:00,85.1419,49.2582,2.1815
2026-08-10 13:19:00,85.1228,48.6679,2.1657
2026-08-10 13:20:00,84.7969,48.0749,2.1753
2026-08-10 13:21:00,84.9859,48.1314,2.3409
2026-08-10 13:22:00,85.2862,48.5939,2.2719
2026-08-10 13:23:00,85.1480,48.2002,2.4093
2026-08-10 13:24:00,85.4003,47.8884,2.2676
2026-08-10 13:25:00,85.4326,48.1069,2.0710
2026-08-10 13:26:00,85.0567,47.8763,2.1625
2026-08-10 13:27:00,84.5656,49.8213,2.2834
2026-08-10 13:28:00,84.8828,48.8245,2.3013
2026-08-10 13:29:00,85.0686,50.6180,2.2238
2026-08-10 13:30:00,84.8528,49.1488,2.2083
2026-08-10 13:31:00,84.7569,49.3595,2.2327
2026-08-10 13:32:00,85.0813,48.0756,2.2848
2026-08-10 13:33:00,85.7763,48.7871,2.3003
2026-08-10 13:34:00,84.8872,49.0567,2.2014
2026-08-10 13:35:00,85.0189,48.5259,2.3420
2026-08-10 13:36:00,84.6119,48.7011,2.3474
2026-08-10 13:37:00,85.3639,49.4465,2.3191
2026-08-10 13:38:00,85.2384,49.4998,2.2675
2026-08-10 13:39:00,85.2024,48.1161,2.4104
2026-08-10 13:40:00,85.3531,49.4505,2.4824
2026-08-10 13:41:00,84.8010,49.7040,2.3120
2026-08-10 13:42:00,84.8222,48.8274,2.3010
2026-08-10 13:43:00,85.4093,48.7844,2.4174
2026-08-10 13:44:00,85.0692,49.7294,2.2609
2026-08-10 13:45:00,84.1964,47.3563,2.2575
2026-08-10 13:46:00,84.9811,49.4550,2.3276
2026-08-10 13:47:00,84.6522,50.7995,2.4308
2026-08-10 13:48:00,85.0780,47.4536,2.3193
2026-08-10 13:49:00,84.9125,50.2278,2.4129
2026-08-10 13:50:00,84.2491,50.0440,2.2214
2026-08-10 13:51:00,84.8328,48.4969,2.4916
2026-08-10 13:52:00,84.7959,50.1028,2.5817
2026-08-10 13:53:00,84.8220,50.5266,2.3543
2026-08-10 13:54:00,84.8656,48.8233,2.4975
2026-08-10 13:55:00,85.1215,49.2380,2.4400
2026-08-10 13:56:00,84.7763,49.8639,2.4793
2026-08-10 13:57:00,84.6381,50.6644,2.4519
2026-08-10 13:58:00,84.9545,49.4886,2.4539
2026-08-10 13:59:00,85.2615,49.9271,2.4088
2026-08-10 14:00:00,84.8415,49.4681,2.3907
2026-08-10 14:01:00,84.6069,50.0589,2.6178
2026-08-10 14:02:00,84.6526,50.9159,2.3478
2026-08-10 14:03:00,84.5772,50.2025,2.5217
2026-08-10 14:04:00,84.4832,49.8710,2.5249
2026-08-10 14:05:00,85.1043,50.1700,2.5345
2026-08-10 14:06:00,84.2068,49.5949,2.6134
2026-08-10 14:07:00,84.7546,49.4790,2.5176
2026-08-10 14:08:00,84.3467,51.2763,2.6277
2026-08-10 14:09:00,83.9164,51.6628,2.7686
2026-08-10 14:10:00,84.2800,48.9584,2.5624
2026-08-10 14:11:00,84.1481,50.8962,2.3820
2026-08-10 14:12:00,84.4609,51.1565,2.5785
2026-08-10 14:13:00,84.2903,49.5387,2.5761
2026-08-10 14:14:00,83.9314,50.1693,2.6477
2026-08-10 14:15:00,84.6542,50.1236,2.4154
2026-08-10 14:16:00,84.5147,52.1445,2.6545
2026-08-10 14:17:00,84.6380,51.9841,2.5870
2026-08-10 14:18:00,84.2076,49.9634,2.7165
2026-08-10 14:19:00,84.1000,49.5711,2.5913
2026-08-10 14:20:00,84.2959,51.3948,2.7368
2026-08-10 14:21:00,83.8855,51.2495,2.5057
2026-08-10 14:22:00,84.0715,51.8472,2.6652
2026-08-10 14:23:00,83.9534,50.0424,2.5727
2026-08-10 14:24:00,83.5413,51.5059,2.6275
2026-08-10 14:25:00,83.9912,50.3789,2.9546
2026-08-10 14:26:00,83.7939,51.5000,2.5938
2026-08-10 14:27:00,83.8266,51.0087,2.6576
2026-08-10 14:28:00,83.9815,52.5956,2.5864
2026-08-10 14:29:00,84.2271,51.4696,2.6758
2026-08-10 14:30:00,83.5635,50.8969,2.6971
2026-08-10 14:31:00,83.6900,51.2946,2.6442
2026-08-10 14:32:00,83.5341,51.1398,2.8806
2026-08-10 14:33:00,83.4872,50.3324,2.8436
2026-08-10 14:34:00,83.5304,52.8314,2.6385
2026-08-10 14:35:00,83.6224,52.6058,2.8197
2026-08-10 14:36:00,83.8296,51.2209,2.6947
2026-08-10 14:37:00,83.7224,51.9567,2.6243
2026-08-10 14:38:00,83.2816,53.0726,2.6798
2026-08-10 14:39:00,83.9593,52.4554,2.6302
2026-08-10 14:40:00,83.8267,51.2541,2.8539
2026-08-10 14:41:00,83.2454,51.4635,2.6760
2026-08-10 14:42:00,83.8554,50.1935,2.8961
2026-08-10 14:43:00,83.5586,52.2207,2.7849
2026-08-10 14:44:00,83.3860,52.6282,2.7337
2026-08-10 14:45:00,83.5128,52.6665,2.7270
2026-08-10 14:46:00,83.3701,52.2601,2.9553
2026-08-10 14:47:00,83.5138,52.0133,2.7838
2026-08-10 14:48:00,83.3790,50.9651,2.7349
2026-08-10 14:49:00,83.1942,52.0507,2.8730
2026-08-10 14:50:00,82.6603,51.3210,2.8483
2026-08-10 14:51:00,83.3990,52.2774,2.6929
2026-08-10 14:52:00,83.1015,51.2769,2.7940
2026-08-10 14:53:00,83.4199,52.3334,2.6141
2026-08-10 14:54:00,83.3040,53.0068,2.7930
2026-08-10 14:55:00,83.0283,52.2798,2.8289
2026-08-10 14:56:00,83.4127,52.2702,2.8431
2026-08-10 14:57:00,83.1406,52.7668,2.6991
2026-08-10 14:58:00,83.1017,53.4813,2.7257
2026-08-10 14:59:00,82.9848,52.0075,2.8246
2026-08-10 15:00:00,83.5051,52.5381,2.9250
2026-08-10 15:01:00,82.7599,53.3579,2.8091
2026-08-10 15:02:00,82.8512,52.7116,2.7438
2026-08-10 15:03:00,82.5510,50.6011,2.8961
2026-08-10 15:04:00,83.1146,51.6569,2.8113
2026-08-10 15:05:00,82.6965,52.8564,2.8153
2026-08-10 15:06:00,82.7049,51.9611,2.8761
2026-08-10 15:07:00,82.6658,53.4588,2.7853
2026-08-10 15:08:00,82.8149,53.8178,2.7001
2026-08-10 15:09:00,82.3963,51.8838,2.7763
2026-08-10 15:10:00,82.0742,51.5541,2.9010
2026-08-10 15:11:00,82.8603,52.1148,2.9769
2026-08-10 15:12:00,82.0650,52.0919,2.6634
2026-08-10 15:13:00,82.9317,53.6788,2.9465
2026-08-10 15:14:00,83.1196,51.6441,2.7434
2026-08-10 15:15:00,82.5796,53.0884,2.7792
2026-08-10 15:16:00,82.9959,53.6263,2.9441
2026-08-10 15:17:00,82.5761,53.1926,2.7298
2026-08-10 15:18:00,83.0409,52.9071,2.7399
2026-08-10 15:19:00,82.4022,52.4485,2.6994
2026-08-10 15:20:00,81.8079,54.0773,2.7636
2026-08-10 15:21:00,82.4720,52.4213,2.7870
2026-08-10 15:22:00,82.9872,53.3951,2.6829
2026-08-10 15:23:00,82.6145,52.5280,2.8923
2026-08-10 15:24:00,82.2790,51.1997,2.6680
2026-08-10 15:25:00,82.5122,52.4749,2.7878
2026-08-10 15:26:00,82.6850,52.5827,2.7358
2026-08-10 15:27:00,82.3486,52.6097,2.8525
2026-08-10 15:28:00,83.1431,52.2124,2.6426
2026-08-10 15:29:00,82.1813,53.2570,2.7749
2026-08-10 15:30:00,82.6189,53.3613,2.9542
2026-08-10 15:31:00,82.5288,52.5418,2.5623
2026-08-10 15:32:00,82.0726,52.5494,2.6107
2026-08-10 15:33:00,82.1381,51.9740,2.9032
2026-08-10 15:34:00,82.5540,53.0314,2.6754
2026-08-10 15:35:00,82.2756,53.9431,2.6940
2026-08-10 15:36:00,82.3176,53.9561,2.6431
2026-08-10 15:37:00,81.7098,52.3857,2.8353
2026-08-10 15:38:00,82.3823,54.4694,2.5020
2026-08-10 15:39:00,82.2569,52.5976,2.7805
2026-08-10 15:40:00,82.1373,52.0850,2.5022
2026-08-10 15:41:00,82.2508,51.8182,2.4865
2026-08-10 15:42:00,82.0064,52.0561,2.5275
2026-08-10 15:43:00,81.9386,53.1930,2.6164
2026-08-10 15:44:00,82.0311,52.7285,2.5506
2026-08-10 15:45:00,81.9523,52.4367,2.5374
2026-08-10 15:46:00,82.7341,52.2718,2.5148
2026-08-10 15:47:00,82.3424,52.0878,2.5091
2026-08-10 15:48:00,81.7677,52.2512,2.4994
2026-08-10 15:49:00,82.6589,53.7813,2.6087
2026-08-10 15:50:00,81.9085,54.4170,2.5141
2026-08-10 15:51:00,82.0379,54.4713,2.3035
2026-08-10 15:52:00,82.2896,53.5332,2.5586
2026-08-10 15:53:00,81.4212,52.5936,2.6296
2026-08-10 15:54:00,81.9334,52.4565,2.5190
2026-08-10 15:55:00,81.8253,53.5985,2.4131
2026-08-10 15:56:00,82.0521,52.7988,2.6059
2026-08-10 15:57:00,82.0954,53.3272,2.3863
2026-08-10 15:58:00,81.9555,54.5433,2.4836
2026-08-10 15:59:00,81.9364,53.1732,2.5057
2026-08-10 16:00:00,82.2885,54.8223,2.6079
2026-08-10 16:01:00,82.0553,52.0982,2.5499
2026-08-10 16:02:00,81.9737,53.3569,2.5081
2026-08-10 16:03:00,82.0026,53.2487,2.5695
2026-08-10 16:04:00,82.5065,52.2086,2.3528
2026-08-10 16:05:00,82.0056,53.6349,2.6188
2026-08-10 16:06:00,81.7980,54.2154,2.1466
2026-08-10 16:07:00,81.3788,54.7496,2.5881
2026-08-10 16:08:00,81.5210,53.3126,2.3535
2026-08-10 16:09:00,81.8113,51.4591,2.4680
2026-08-10 16:10:00,81.9196,53.3559,2.5672
2026-08-10 16:11:00,81.7868,53.5625,2.4709
2026-08-10 16:12:00,82.0607,52.7749,2.4445
2026-08-10 16:13:00,81.7873,53.1288,2.4865
2026-08-10 16:14:00,81.6865,52.5630,2.2445
2026-08-10 16:15:00,82.1482,52.8354,2.2522
2026-08-10 16:16:00,82.3794,53.7484,2.4051
2026-08-10 16:17:00,81.6411,54.0372,2.3511
2026-08-10 16:18:00,82.0516,51.9005,2.3325
2026-08-10 16:19:00,81.4128,52.4986,2.4807
2026-08-10 16:20:00,81.5483,51.6270,2.4651
2026-08-10 16:21:00,81.8210,54.3580,2.2512
2026-08-10 16:22:00,82.3457,53.5731,2.3809
2026-08-10 16:23:00,81.7797,51.2643,2.1736
2026-08-10 16:24:00,81.7771,52.8015,2.1648
2026-08-10 16:25:00,82.0420,52.6140,2.2281
2026-08-10 16:26:00,82.0521,52.2232,2.3059
2026-08-10 16:27:00,81.8158,53.6436,2.2399
2026-08-10 16:28:00,82.6581,53.6115,2.3444
2026-08-10 16:29:00,81.9941,53.0020,2.2920
2026-08-10 16:30:00,82.1199,52.2583,2.3993
2026-08-10 16:31:00,81.9779,52.2498,2.3370
2026-08-10 16:32:00,82.2436,52.7758,2.1732
2026-08-10 16:33:00,82.4958,52.3587,2.3619
2026-08-10 16:34:00,82.6388,52.7031,2.1807
2026-08-10 16:35:00,81.9258,53.1371,2.3031
2026-08-10 16:36:00,82.5002,51.4462,2.2081
2026-08-10 16:37:00,82.3508,52.0484,2.3852
2026-08-10 16:38:00,82.4948,52.6095,2.3215
2026-08-10 16:39:00,82.1920,53.8698,2.1749
2026-08-10 16:40:00,82.1811,53.2743,2.2016
2026-08-10 16:41:00,82.5361,52.5754,2.5633
2026-08-10 16:42:00,82.5605,52.8798,2.1066
2026-08-10 16:43:00,82.7631,52.4560,2.1572
2026-08-10 16:44:00,82.3728,53.3778,2.1588
2026-08-10 16:45:00,82.3015,52.8414,2.1069
2026-08-10 16:46:00,81.6165,53.4954,2.1145
2026-08-10 16:47:00,81.8925,51.3657,2.2063
2026-08-10 16:48:00,82.2796,51.7821,2.2623
2026-08-10 16:49:00,82.0900,52.6234,2.0530
2026-08-10 16:50:00,82.6875,52.7749,2.1601
2026-08-10 16:51:00,82.0738,54.2762,2.1279
2026-08-10 16:52:00,82.3404,50.8852,2.0895
2026-08-10 16:53:00,82.3768,52.2801,2.3046
2026-08-10 16:54:00,82.9018,52.2189,2.1272
2026-08-10 16:55:00,82.3835,52.4458,2.0656
2026-08-10 16:56:00,82.7277,53.6160,2.2897
2026-08-10 16:57:00,82.6772,52.9040,2.3260
2026-08-10 16:58:00,82.9165,50.8929,2.2242
2026-08-10 16:59:00,82.9281,53.3759,2.1060
2026-08-10 17:00:00,82.6909,53.3260,2.1722
2026-08-10 17:01:00,82.2205,52.3038,2.1346
2026-08-10 17:02:00,82.6888,50.7709,2.1955
2026-08-10 17:03:00,82.7817,51.9151,2.2725
2026-08-10 17:04:00,82.9033,52.3824,2.1991
2026-08-10 17:05:00,82.6265,52.7753,2.2022
2026-08-10 17:06:00,83.2208,50.5320,2.1524
2026-08-10 17:07:00,82.9137,51.3030,2.2715
2026-08-10 17:08:00,82.6651,52.7664,2.2434
2026-08-10 17:09:00,82.8358,53.0587,2.0245
2026-08-10 17:10:00,83.5843,52.1707,2.0321
2026-08-10 17:11:00,83.2379,52.7138,2.1792
2026-08-10 17:12:00,83.3863,52.1276,2.3118
2026-08-10 17:13:00,82.7930,52.5019,2.3339
2026-08-10 17:14:00,82.9329,51.8153,2.2962
2026-08-10 17:15:00,82.9695,52.0507,2.2078
2026-08-10 17:16:00,83.2641,50.6565,2.3724
2026-08-10 17:17:00,83.1918,52.1786,2.1570
2026-08-10 17:18:00,83.1327,50.5656,2.1986
2026-08-10 17:19:00,83.2063,52.1107,2.0943
2026-08-10 17:20:00,83.1136,51.1488,2.2057
2026-08-10 17:21:00,83.3345,51.7619,2.1580
2026-08-10 17:22:00,83.7593,50.6692,2.4022
2026-08-10 17:23:00,83.0087,50.9940,2.3869
2026-08-10 17:24:00,83.6042,51.6563,2.2636
2026-08-10 17:25:00,83.9523,51.9303,2.3087
2026-08-10 17:26:00,83.5215,52.1666,2.2064
2026-08-10 17:27:00,83.4563,50.3359,2.0182
2026-08-10 17:28:00,83.9311,50.0193,2.2008
2026-08-10 17:29:00,83.3977,50.4040,2.3572
2026-08-10 17:30:00,83.7256,50.2956,2.3317
2026-08-10 17:31:00,83.4601,52.3651,2.2543
2026-08-10 17:32:00,83.2509,52.1473,2.3732
2026-08-10 17:33:00,83.8065,50.2411,2.2581
2026-08-10 17:34:00,83.5135,52.3697,2.1970
2026-08-10 17:35:00,83.9297,51.9887,2.3913
2026-08-10 17:36:00,84.3086,49.6234,2.2625
2026-08-10 17:37:00,84.5714,50.0654,2.4327
2026-08-10 17:38:00,84.0845,49.5246,2.1368
2026-08-10 17:39:00,84.4037,50.7451,2.2863
2026-08-10 17:40:00,84.2594,50.7904,2.4097
2026-08-10 17:41:00,84.0666,50.7509,2.4062
2026-08-10 17:42:00,83.6462,49.0790,2.3417
2026-08-10 17:43:00,84.7538,49.5203,2.3996
2026-08-10 17:44:00,83.9935,50.8319,2.3920
2026-08-10 17:45:00,84.7656,51.0830,2.2363
2026-08-10 17:46:00,84.5544,48.9309,2.3561
2026-08-10 17:47:00,84.1434,49.4831,2.4226
2026-08-10 17:48:00,84.5727,51.2872,2.4579
2026-08-10 17:49:00,85.1620,49.4510,2.4083
2026-08-10 17:50:00,85.0259,50.3798,2.3672
2026-08-10 17:51:00,84.4546,49.2970,2.2965
2026-08-10 17:52:00,84.4381,50.9788,2.5129
2026-08-10 17:53:00,84.7252,48.6609,2.5096
2026-08-10 17:54:00,84.6889,49.9918,2.5518
2026-08-10 17:55:00,85.1419,50.9485,2.3530
2026-08-10 17:56:00,85.0474,50.6450,2.4808
2026-08-10 17:57:00,84.3615,49.7465,2.4072
2026-08-10 17:58:00,85.0503,49.5196,2.4889
2026-08-10 17:59:00,84.9026,49.8530,2.7828
2026-08-10 18:00:00,85.0111,48.9685,2.5904
2026-08-10 18:01:00,85.1183,49.8807,2.4323
2026-08-10 18:02:00,85.4469,49.8552,2.4904
2026-08-10 18:03:00,85.4242,49.5479,2.4873
2026-08-10 18:04:00,84.9495,50.6433,2.5437
2026-08-10 18:05:00,85.2004,48.9474,2.3868
2026-08-10 18:06:00,85.1269,48.4011,2.5793
2026-08-10 18:07:00,84.8003,49.3052,2.3429
2026-08-10 18:08:00,85.3155,49.7856,2.3951
2026-08-10 18:09:00,85.9450,49.5620,2.7702
2026-08-10 18:10:00,84.9212,49.4875,2.5416
2026-08-10 18:11:00,85.4707,48.6684,2.7278
2026-08-10 18:12:00,85.5041,48.7447,2.5117
2026-08-10 18:13:00,85.6502,49.1013,2.3900
2026-08-10 18:14:00,85.3178,48.9995,2.5024
2026-08-10 18:15:00,85.2217,50.2932,2.8836
2026-08-10 18:16:00,85.2782,49.5874,2.4810
2026-08-10 18:17:00,86.1335,48.9119,2.8068
2026-08-10 18:18:00,85.4816,50.1757,2.6707
2026-08-10 18:19:00,85.6686,49.6186,2.6551
2026-08-10 18:20:00,86.4917,48.1375,2.5751
2026-08-10 18:21:00,85.6817,46.5923,2.5666
2026-08-10 18:22:00,86.0462,48.0870,2.7198
2026-08-10 18:23:00,86.3040,49.5863,2.8018
2026-08-10 18:24:00,86.3306,49.7861,2.6960
2026-08-10 18:25:00,85.6673,47.7075,2.7566
2026-08-10 18:26:00,85.8935,49.5255,2.6462
2026-08-10 18:27:00,86.2386,49.4582,2.9121
2026-08-10 18:28:00,86.7668,50.0409,2.7246
2026-08-10 18:29:00,85.9995,49.6486,2.9098
2026-08-10 18:30:00,86.1196,49.9335,2.6156
2026-08-10 18:31:00,86.4329,49.2065,2.7131
2026-08-10 18:32:00,86.5321,49.1437,2.8301
2026-08-10 18:33:00,86.5891,48.4742,2.7423
2026-08-10 18:34:00,86.1696,49.3647,2.7849
2026-08-10 18:35:00,86.3022,47.6072,2.6402
2026-08-10 18:36:00,86.5644,48.5271,2.7022
2026-08-10 18:37:00,86.9160,49.0351,2.6597
2026-08-10 18:38:00,86.5031,49.6951,2.7430
2026-08-10 18:39:00,86.6049,48.1518,2.7370
2026-08-10 18:40:00,86.3404,49.2733,2.7069
2026-08-10 18:41:00,87.2435,48.3084,2.8269
2026-08-10 18:42:00,86.7667,49.2222,2.6608
2026-08-10 18:43:00,87.0793,47.7581,2.5559
2026-08-10 18:44:00,86.8002,48.9469,2.7169
2026-08-10 18:45:00,86.8516,48.2570,2.9924
2026-08-10 18:46:00,86.4104,47.3527,2.8311
2026-08-10 18:47:00,86.2493,48.1459,2.6982
2026-08-10 18:48:00,87.3038,49.2940,2.8298
2026-08-10 18:49:00,86.9849,47.3897,2.7742
2026-08-10 18:50:00,87.0562,46.9863,2.8285
2026-08-10 18:51:00,86.6520,48.4617,2.8798
2026-08-10 18:52:00,86.7878,46.7698,2.8128
2026-08-10 18:53:00,87.4090,49.3324,2.8070
2026-08-10 18:54:00,87.6435,49.2822,2.9450
2026-08-10 18:55:00,86.9658,48.8526,2.8514
2026-08-10 18:56:00,87.3839,47.9836,2.8178
2026-08-10 18:57:00,87.2693,49.2953,2.8033
2026-08-10 18:58:00,87.2055,49.0113,2.7430
2026-08-10 18:59:00,87.8262,47.4805,2.6753
2026-08-10 19:00:00,87.1631,49.0297,2.8670
2026-08-10 19:01:00,87.6992,47.1218,2.9276
2026-08-10 19:02:00,87.4689,47.6663,2.8424
2026-08-10 19:03:00,87.3764,46.3623,2.8557
2026-08-10 19:04:00,87.8196,47.8873,2.7096
2026-08-10 19:05:00,87.5211,47.5089,2.7378
2026-08-10 19:06:00,87.4307,47.3570,2.6681
2026-08-10 19:07:00,87.8985,47.5610,2.7700
2026-08-10 19:08:00,87.8839,47.2049,2.8918
2026-08-10 19:09:00,87.8938,47.6774,2.7220
2026-08-10 19:10:00,86.3904,48.6468,2.7823
2026-08-10 19:11:00,87.7117,46.7468,2.8579
2026-08-10 19:12:00,87.6658,48.2630,2.9061
2026-08-10 19:13:00,87.6136,47.7223,2.6181
2026-08-10 19:14:00,87.8285,47.8269,2.7324
2026-08-10 19:15:00,87.7446,47.4810,2.7033
2026-08-10 19:16:00,87.8901,46.9101,2.6864
2026-08-10 19:17:00,87.6262,47.8187,2.7325
2026-08-10 19:18:00,88.1753,47.8572,2.5726
2026-08-10 19:19:00,87.9783,46.7814,2.7269
2026-08-10 19:20:00,87.9255,46.3311,2.7633
2026-08-10 19:21:00,87.9285,47.4508,2.6515
2026-08-10 19:22:00,88.1447,47.9673,2.7034
2026-08-10 19:23:00,88.1206,48.1491,2.7492
2026-08-10 19:24:00,87.7962,48.2896,2.7547
2026-08-10 19:25:00,88.1426,47.6065,2.5746
2026-08-10 19:26:00,87.9126,47.0817,2.8032
2026-08-10 19:27:00,88.4497,47.2738,2.8006
2026-08-10 19:28:00,88.2177,46.2648,2.6487
2026-08-10 19:29:00,87.7139,46.6975,2.8854
2026-08-10 19:30:00,88.6134,47.1858,2.7577
2026-08-10 19:31:00,87.2957,47.0003,2.7376
2026-08-10 19:32:00,88.1290,47.2729,2.7690
2026-08-10 19:33:00,87.7398,46.0856,2.5915
2026-08-10 19:34:00,88.5237,46.2509,2.6535
2026-08-10 19:35:00,88.0447,47.7797,2.7444
2026-08-10 19:36:00,87.7399,46.4802,2.5966
2026-08-10 19:37:00,87.9068,46.5940,2.6347
2026-08-10 19:38:00,87.7806,47.1996,2.7235
2026-08-10 19:39:00,87.9106,46.3677,2.6877
2026-08-10 19:40:00,87.9107,47.9873,2.6521
2026-08-10 19:41:00,87.7903,46.0868,2.6494
2026-08-10 19:42:00,88.1025,47.0841,2.6187
2026-08-10 19:43:00,88.1441,46.4751,2.7144
2026-08-10 19:44:00,87.7326,47.1905,2.8310
2026-08-10 19:45:00,87.5381,46.6597,2.6441
2026-08-10 19:46:00,88.1325,47.0313,2.7357
2026-08-10 19:47:00,88.2017,48.0204,2.5565
2026-08-10 19:48:00,88.2637,46.4870,2.5245
2026-08-10 19:49:00,88.2119,46.4744,2.5064
2026-08-10 19:50:00,88.5197,46.7729,2.4858
2026-08-10 19:51:00,88.3477,48.2000,2.5407
2026-08-10 19:52:00,88.8528,46.9446,2.6510
2026-08-10 19:53:00,88.9787,47.9999,2.6550
2026-08-10 19:54:00,87.5202,46.8677,2.4960
2026-08-10 19:55:00,87.3871,47.9581,2.5068
2026-08-10 19:56:00,88.0421,47.3300,2.5312
2026-08-10 19:57:00,88.1931,47.4460,2.5469
2026-08-10 19:58:00,88.0160,45.8524,2.5744
2026-08-10 19:59:00,88.2463,45.7329,2.4679
2026-08-10 20:00:00,87.9500,47.8562,2.4800
2026-08-10 20:01:00,87.8183,47.8465,2.6276
2026-08-10 20:02:00,87.8584,48.9382,2.4564
2026-08-10 20:03:00,87.9556,45.8136,2.4190
2026-08-10 20:04:00,88.2625,47.3928,2.4601
2026-08-10 20:05:00,87.8567,46.1874,2.4687
2026-08-10 20:06:00,87.9088,46.4168,2.2990
2026-08-10 20:07:00,88.1589,46.6108,2.4010
2026-08-10 20:08:00,87.9200,47.3223,2.4796
2026-08-10 20:09:00,88.3059,46.4896,2.6304
2026-08-10 20:10:00,87.6858,47.0526,2.3695
2026-08-10 20:11:00,87.6111,47.6967,2.4913
2026-08-10 20:12:00,88.0332,47.9393,2.4252
2026-08-10 20:13:00,88.0524,47.5974,2.5159
2026-08-10 20:14:00,87.6605,47.4117,2.3306
2026-08-10 20:15:00,88.3115,46.9443,2.4955
2026-08-10 20:16:00,88.4738,46.6104,2.5182
2026-08-10 20:17:00,87.6955,47.5052,2.5153
2026-08-10 20:18:00,88.3170,46.2422,2.5065
2026-08-10 20:19:00,87.1428,47.1876,2.3759
2026-08-10 20:20:00,88.1664,46.2417,2.4085
2026-08-10 20:21:00,87.5719,47.0796,2.3013
2026-08-10 20:22:00,88.1074,46.2806,2.1143
2026-08-10 20:23:00,87.5110,46.8145,2.3557
2026-08-10 20:24:00,87.7632,46.6061,2.3076
2026-08-10 20:25:00,87.5248,46.5220,2.4137
2026-08-10 20:26:00,87.6872,47.1022,2.3974
2026-08-10 20:27:00,88.2836,45.2464,2.1989
2026-08-10 20:28:00,87.6850,45.7573,2.5332
2026-08-10 20:29:00,88.3329,47.8565,2.3323
2026-08-10 20:30:00,87.5661,47.3463,2.1595
2026-08-10 20:31:00,88.1110,46.6649,2.1680
2026-08-10 20:32:00,87.1571,48.0385,2.0593
2026-08-10 20:33:00,87.5398,46.7642,2.3482
2026-08-10 20:34:00,87.4455,46.8285,2.2142
2026-08-10 20:35:00,88.0478,46.6827,2.1780
2026-08-10 20:36:00,87.6220,48.8523,2.1929
2026-08-10 20:37:00,86.9195,47.5331,2.2227
2026-08-10 20:38:00,87.1321,47.5201,2.3060
2026-08-10 20:39:00,87.2003,47.7556,2.0798
2026-08-10 20:40:00,87.7629,45.9198,2.1332
2026-08-10 20:41:00,87.7024,46.9466,2.2829
2026-08-10 20:42:00,87.3488,47.8061,2.1733
2026-08-10 20:43:00,87.2520,47.4595,2.2875
2026-08-10 20:44:00,87.6089,49.2483,2.1762
2026-08-10 20:45:00,87.0323,47.0774,2.3803
2026-08-10 20:46:00,87.4853,48.2822,2.2408
2026-08-10 20:47:00,87.4363,48.1949,2.3398
2026-08-10 20:48:00,87.2185,47.6872,2.2665
2026-08-10 20:49:00,87.3963,47.8558,2.2702
2026-08-10 20:50:00,87.2835,47.3878,2.1350
2026-08-10 20:51:00,87.3777,46.0655,2.3250
2026-08-10 20:52:00,86.8037,47.9479,2.2281
2026-08-10 20:53:00,87.3634,48.0362,2.1096
2026-08-10 20:54:00,87.4620,48.1873,1.9927
2026-08-10 20:55:00,87.2251,47.7950,2.2166
2026-08-10 20:56:00,87.2838,48.5469,2.3524
2026-08-10 20:57:00,87.0448,47.1042,2.1102
2026-08-10 20:58:00,87.3194,48.9986,2.1063
2026-08-10 20:59:00,87.0457,47.0608,2.1685
2026-08-10 21:00:00,86.6556,47.7924,2.3101
2026-08-10 21:01:00,87.2198,48.4513,2.0164
2026-08-10 21:02:00,86.4571,47.5230,2.1354
2026-08-10 21:03:00,87.0056,48.5628,2.1003
2026-08-10 21:04:00,86.7789,47.7184,2.2579
2026-08-10 21:05:00,86.7329,48.1165,2.1883
2026-08-10 21:06:00,86.8921,47.9068,2.1690
2026-08-10 21:07:00,86.6007,47.6202,2.1870
2026-08-10 21:08:00,86.9400,49.9129,2.2850
2026-08-10 21:09:00,86.7762,47.4709,2.3204
2026-08-10 21:10:00,86.5467,46.3448,2.3127
2026-08-10 21:11:00,87.1060,47.5621,2.2699
2026-08-10 21:12:00,86.7386,48.3417,2.3531
2026-08-10 21:13:00,86.8390,47.9671,2.1240
2026-08-10 21:14:00,87.0472,49.1156,2.2587
2026-08-10 21:15:00,87.0147,49.1190,2.4577
2026-08-10 21:16:00,86.7410,48.1114,2.0423
2026-08-10 21:17:00,86.4487,47.0534,2.1758
2026-08-10 21:18:00,86.0829,47.4060,2.1291
2026-08-10 21:19:00,86.5462,48.4404,2.2652
2026-08-10 21:20:00,86.7850,47.2484,2.3840
2026-08-10 21:21:00,86.5353,48.2399,2.2980
2026-08-10 21:22:00,85.3680,49.7056,2.2267
2026-08-10 21:23:00,86.6348,48.8774,2.3073
2026-08-10 21:24:00,86.6256,48.6746,2.2283
2026-08-10 21:25:00,86.2283,47.8405,2.2814
2026-08-10 21:26:00,86.5877,48.8539,2.3287
2026-08-10 21:27:00,86.4521,48.5372,2.4472
2026-08-10 21:28:00,86.0307,48.9707,2.3220
2026-08-10 21:29:00,86.5905,49.3974,2.3042
2026-08-10 21:30:00,85.8016,49.5704,2.4914
2026-08-10 21:31:00,86.1375,48.9914,2.0979
2026-08-10 21:32:00,86.0805,49.3344,2.2901
2026-08-10 21:33:00,85.8530,48.5521,2.2310
2026-08-10 21:34:00,86.1650,49.9046,2.2874
2026-08-10 21:35:00,86.4402,48.3260,2.3778
2026-08-10 21:36:00,86.3948,48.9070,2.4217
2026-08-10 21:37:00,86.2110,50.0997,2.2780
2026-08-10 21:38:00,85.4588,48.7626,2.4035
2026-08-10 21:39:00,85.5405,48.1131,2.2535
2026-08-10 21:40:00,85.9651,48.8949,2.2220
2026-08-10 21:41:00,85.8790,50.3749,2.3639
2026-08-10 21:42:00,85.7140,47.4831,2.3419
2026-08-10 21:43:00,86.4094,49.4198,2.5199
2026-08-10 21:44:00,85.8441,48.8691,2.5908
2026-08-10 21:45:00,85.9498,49.2806,2.3243
2026-08-10 21:46:00,86.0584,49.1745,2.2113
2026-08-10 21:47:00,85.7536,50.2603,2.2631
2026-08-10 21:48:00,86.4897,49.5737,2.3237
2026-08-10 21:49:00,85.4057,50.3779,2.4355
2026-08-10 21:50:00,85.4817,50.6357,2.3962
2026-08-10 21:51:00,85.3566,49.6713,2.3041
2026-08-10 21:52:00,86.0844,49.3988,2.6162
2026-08-10 21:53:00,85.8325,50.0272,2.5116
2026-08-10 21:54:00,85.4052,50.2208,2.6290
2026-08-10 21:55:00,85.2861,48.8812,2.2807
2026-08-10 21:56:00,85.9378,50.0318,2.5959
2026-08-10 21:57:00,85.6081,49.6794,2.4616
2026-08-10 21:58:00,85.9003,49.5852,2.4451
2026-08-10 21:59:00,85.4369,49.4080,2.4946
2026-08-10 22:00:00,85.5865,49.4994,2.4301
2026-08-10 22:01:00,85.5014,51.0438,2.4936
2026-08-10 22:02:00,85.2027,49.7873,2.6103
2026-08-10 22:03:00,85.3255,51.0328,2.3272
2026-08-10 22:04:00,84.9926,50.2618,2.6811
2026-08-10 22:05:00,85.4756,49.2900,2.5784
2026-08-10 22:06:00,85.5354,50.3880,2.5359
2026-08-10 22:07:00,85.5841,49.3242,2.6482
2026-08-10 22:08:00,85.4673,50.7993,2.5988
2026-08-10 22:09:00,85.2094,50.1864,2.5220
2026-08-10 22:10:00,85.6944,51.0757,2.5004
2026-08-10 22:11:00,85.4776,51.5773,2.7352
2026-08-10 22:12:00,85.6080,49.0810,2.4448
2026-08-10 22:13:00,85.6086,50.1391,2.5805
2026-08-10 22:14:00,85.1177,49.5791,2.4665
2026-08-10 22:15:00,85.2542,52.3119,2.6636
2026-08-10 22:16:00,85.3529,50.2715,2.6123
2026-08-10 22:17:00,84.7589,49.6100,2.5042
2026-08-10 22:18:00,84.7490,52.4926,2.5493
2026-08-10 22:19:00,84.6810,50.1576,2.6476
2026-08-10 22:20:00,85.0224,49.4790,2.6785
2026-08-10 22:21:00,84.9393,49.8876,2.4630
2026-08-10 22:22:00,84.5933,50.9666,2.5928
2026-08-10 22:23:00,85.0539,50.9262,2.6860
2026-08-10 22:24:00,84.9658,50.2582,2.7973
2026-08-10 22:25:00,85.3349,50.5763,2.7666
2026-08-10 22:26:00,85.5703,51.0439,2.6433
2026-08-10 22:27:00,85.0897,52.0975,2.7947
2026-08-10 22:28:00,84.7306,51.3417,2.6692
2026-08-10 22:29:00,85.1207,50.6611,2.3943
2026-08-10 22:30:00,84.9170,50.9653,2.8562
2026-08-10 22:31:00,84.8300,51.8000,2.7634
2026-08-10 22:32:00,84.6318,52.5643,2.7417
2026-08-10 22:33:00,84.7395,50.3723,2.7289
2026-08-10 22:34:00,84.8143,52.1828,2.7634
2026-08-10 22:35:00,85.0981,51.0766,2.7387
2026-08-10 22:36:00,84.9998,50.0626,2.7138
2026-08-10 22:37:00,85.3841,49.9391,2.6819
2026-08-10 22:38:00,85.0290,52.4988,2.7593
2026-08-10 22:39:00,84.9447,52.6285,2.6677
2026-08-10 22:40:00,84.7165,51.0447,2.6456
2026-08-10 22:41:00,84.4885,51.3642,2.7906
2026-08-10 22:42:00,84.6205,50.1416,2.8653
2026-08-10 22:43:00,84.5735,52.2105,2.6912
2026-08-10 22:44:00,84.0076,51.6112,2.7118
2026-08-10 22:45:00,84.4660,50.4249,2.6076
2026-08-10 22:46:00,85.2424,51.8630,2.6485
2026-08-10 22:47:00,84.8658,50.6199,2.6550
2026-08-10 22:48:00,84.6360,52.2094,2.8827
2026-08-10 22:49:00,84.8627,50.9287,2.6140
2026-08-10 22:50:00,84.1516,52.0959,2.8357
2026-08-10 22:51:00,84.8171,51.3349,2.7652
2026-08-10 22:52:00,85.1109,49.9954,2.8540
2026-08-10 22:53:00,84.6868,52.7152,2.9116
2026-08-10 22:54:00,84.1874,52.7891,2.7933
2026-08-10 22:55:00,84.5910,51.5606,2.9108
2026-08-10 22:56:00,85.0954,52.2269,2.9533
2026-08-10 22:57:00,84.7861,52.3869,2.9337
2026-08-10 22:58:00,84.2802,52.4415,2.7324
2026-08-10 22:59:00,85.4134,53.4739,2.6030
2026-08-10 23:00:00,84.3248,52.4548,2.7875
2026-08-10 23:01:00,84.6262,51.8628,2.8177
2026-08-10 23:02:00,84.3863,52.5185,2.6042
2026-08-10 23:03:00,84.3855,51.8590,2.8052
2026-08-10 23:04:00,84.5597,51.3770,2.5411
2026-08-10 23:05:00,84.8856,53.2313,2.9520
2026-08-10 23:06:00,85.0816,52.7085,2.8440
2026-08-10 23:07:00,84.5786,50.8172,2.7132
2026-08-10 23:08:00,84.3917,51.7845,2.8061
2026-08-10 23:09:00,84.8389,52.9621,2.8167
2026-08-10 23:10:00,84.8486,51.1290,2.8381
2026-08-10 23:11:00,84.7694,51.8014,2.7946
2026-08-10 23:12:00,84.7815,54.5563,2.8798
2026-08-10 23:13:00,84.6667,52.1851,2.6560
2026-08-10 23:14:00,84.7319,53.3385,2.7672
2026-08-10 23:15:00,84.6502,53.6948,2.9558
2026-08-10 23:16:00,85.0283,51.7892,2.7389
2026-08-10 23:17:00,85.3785,52.7503,2.7949
2026-08-10 23:18:00,84.7669,54.2050,2.6678
2026-08-10 23:19:00,84.7144,52.9458,2.9793
2026-08-10 23:20:00,84.7966,54.4905,2.7883
2026-08-10 23:21:00,84.5263,52.1080,2.6299
2026-08-10 23:22:00,84.9571,54.0741,2.8606
2026-08-10 23:23:00,84.8642,52.6683,2.6399
2026-08-10 23:24:00,84.6102,52.4110,2.8111
2026-08-10 23:25:00,85.0117,53.2027,2.8410
2026-08-10 23:26:00,84.7517,52.6186,2.9358
2026-08-10 23:27:00,84.4601,52.6568,2.7505
2026-08-10 23:28:00,84.8619,53.1288,2.7278
2026-08-10 23:29:00,84.8330,51.3102,2.5149
2026-08-10 23:30:00,85.0558,52.1327,2.6665
2026-08-10 23:31:00,85.0230,53.3645,2.6351
2026-08-10 23:32:00,84.7469,53.5940,2.6827
2026-08-10 23:33:00,84.6443,53.1004,2.6428
2026-08-10 23:34:00,84.7929,53.0486,2.7674
2026-08-10 23:35:00,84.9079,53.1627,2.6267
2026-08-10 23:36:00,84.9508,53.6194,2.7239
2026-08-10 23:37:00,84.9031,51.7241,2.6584
2026-08-10 23:38:00,84.7925,52.4689,2.6011
2026-08-10 23:39:00,85.1260,52.8278,2.5854
2026-08-10 23:40:00,84.6320,53.0544,2.6733
2026-08-10 23:41:00,85.5856,51.2200,2.7802
2026-08-10 23:42:00,85.0783,51.9112,2.5631
2026-08-10 23:43:00,84.5188,52.9127,2.6339
2026-08-10 23:44:00,84.9205,53.7450,2.6704
2026-08-10 23:45:00,85.1046,52.6071,2.6128
2026-08-10 23:46:00,84.7760,52.4163,2.4315
2026-08-10 23:47:00,84.4404,53.3796,2.6480
2026-08-10 23:48:00,84.5855,52.7006,2.4421
2026-08-10 23:49:00,85.0681,53.6737,2.4359
2026-08-10 23:50:00,84.3875,52.7973,2.4472
2026-08-10 23:51:00,84.4875,52.0870,2.5539
2026-08-10 23:52:00,85.0918,54.1200,2.4660
2026-08-10 23:53:00,84.8725,53.9772,2.4111
2026-08-10 23:54:00,84.7391,52.2264,2.5849
2026-08-10 23:55:00,84.8081,53.3101,2.5365
2026-08-10 23:56:00,84.5239,52.7346,2.6071
2026-08-10 23:57:00,85.1192,53.4929,2.4506
2026-08-10 23:58:00,84.7406,52.2984,2.5093
2026-08-10 23:59:00,84.8305,53.6972,2.5879
2026-08-11 00:00:00,85.1040,53.9560,2.3687
2026-08-11 00:01:00,84.9317,52.2419,2.4260
2026-08-11 00:02:00,84.8060,53.0531,2.5836
2026-08-11 00:03:00,84.4293,53.9705,2.4784
2026-08-11 00:04:00,85.1451,52.1948,2.4536
2026-08-11 00:05:00,85.0672,52.4585,2.4570
2026-08-11 00:06:00,84.8969,53.5201,2.5754
2026-08-11 00:07:00,84.7495,52.8589,2.4429
2026-08-11 00:08:00,85.0731,51.7233,2.4422
2026-08-11 00:09:00,85.2219,52.7230,2.4283
2026-08-11 00:10:00,85.1155,54.3715,2.2608
2026-08-11 00:11:00,85.5859,54.6193,2.4651
2026-08-11 00:12:00,85.3142,52.4534,2.3252
2026-08-11 00:13:00,85.0788,52.2260,2.2736
2026-08-11 00:14:00,85.3406,52.5834,2.2178
2026-08-11 00:15:00,85.1418,54.3839,2.2313
2026-08-11 00:16:00,85.1487,53.6081,2.1510
2026-08-11 00:17:00,85.5318,54.0973,2.2683
2026-08-11 00:18:00,84.8812,53.7161,2.3203
2026-08-11 00:19:00,85.1652,51.8522,2.4630
2026-08-11 00:20:00,85.5226,52.1387,2.3561
2026-08-11 00:21:00,85.2658,52.3304,2.3686
2026-08-11 00:22:00,85.0696,52.4589,2.4645
2026-08-11 00:23:00,84.6755,52.3224,2.0450
2026-08-11 00:24:00,84.5132,52.4036,2.3628
2026-08-11 00:25:00,85.8239,53.3532,2.3489
2026-08-11 00:26:00,85.3002,52.9366,2.3936
2026-08-11 00:27:00,85.0389,53.7904,2.1255
2026-08-11 00:28:00,85.3252,53.0022,2.2419
2026-08-11 00:29:00,84.9422,52.2454,2.2004
2026-08-11 00:30:00,85.1330,52.9224,2.1591
2026-08-11 00:31:00,84.9558,51.5473,2.5137
2026-08-11 00:32:00,84.8196,50.8912,2.2205
2026-08-11 00:33:00,84.6174,53.2390,2.3646
2026-08-11 00:34:00,84.7747,53.5224,2.3374
2026-08-11 00:35:00,85.5653,52.7483,2.1180
2026-08-11 00:36:00,84.9676,52.3600,2.2048
2026-08-11 00:37:00,85.4286,51.5815,2.2588
2026-08-11 00:38:00,85.5594,53.5700,2.2879
2026-08-11 00:39:00,85.2813,53.0115,2.2773
2026-08-11 00:40:00,85.1906,52.8310,2.4155
2026-08-11 00:41:00,85.3236,52.5744,2.3274
2026-08-11 00:42:00,85.1620,52.1823,2.2984
2026-08-11 00:43:00,85.6512,51.6466,2.3261
2026-08-11 00:44:00,85.8557,52.7182,2.3612
2026-08-11 00:45:00,85.7302,52.0636,2.1605
2026-08-11 00:46:00,84.6521,52.1332,2.0620
2026-08-11 00:47:00,85.1684,53.8242,2.1565
2026-08-11 00:48:00,85.3025,52.3886,2.0773
2026-08-11 00:49:00,85.4416,50.4414,2.1141
2026-08-11 00:50:00,84.7856,51.9517,2.2202
2026-08-11 00:51:00,84.7817,51.5548,2.1529
2026-08-11 00:52:00,85.6973,52.2201,2.2714
2026-08-11 00:53:00,85.1378,51.1670,2.2354
2026-08-11 00:54:00,84.8593,52.6281,2.2402
2026-08-11 00:55:00,84.9741,52.0187,2.0761
2026-08-11 00:56:00,85.4218,51.8489,2.1139
2026-08-11 00:57:00,85.0569,52.3227,2.0099
2026-08-11 00:58:00,85.3749,52.1148,2.2572
2026-08-11 00:59:00,85.0073,52.0411,2.3923
2026-08-11 01:00:00,84.7758,51.9420,2.2179
2026-08-11 01:01:00,85.7242,52.0771,2.2269
2026-08-11 01:02:00,85.4138,52.3396,2.1473
2026-08-11 01:03:00,85.1914,52.2108,2.1793
2026-08-11 01:04:00,85.1319,52.9089,2.3291
2026-08-11 01:05:00,85.7243,51.5407,2.2116
2026-08-11 01:06:00,85.4585,52.1388,2.2676
2026-08-11 01:07:00,85.6209,53.8752,2.3351
2026-08-11 01:08:00,85.0973,51.8552,2.3166
2026-08-11 01:09:00,85.2828,51.8555,2.2115
2026-08-11 01:10:00,85.3830,50.8156,2.2208
2026-08-11 01:11:00,85.0919,51.2244,2.1737
2026-08-11 01:12:00,85.2224,51.6783,2.2646
2026-08-11 01:13:00,85.0697,52.1582,2.1759
2026-08-11 01:14:00,85.3580,52.2185,2.2549
2026-08-11 01:15:00,84.8349,51.9277,2.3267
2026-08-11 01:16:00,85.3957,52.2772,2.0573
2026-08-11 01:17:00,85.3097,50.8014,2.0435
2026-08-11 01:18:00,85.1476,51.9586,2.2282
2026-08-11 01:19:00,85.3351,51.5446,2.3032
2026-08-11 01:20:00,85.0822,51.5999,2.2689
2026-08-11 01:21:00,84.9816,51.1760,2.1231
2026-08-11 01:22:00,85.3364,50.6691,2.3384
2026-08-11 01:23:00,85.3397,50.4247,2.4436
2026-08-11 01:24:00,85.0013,51.6185,2.1704
2026-08-11 01:25:00,84.9652,51.7251,2.1895
2026-08-11 01:26:00,85.0775,51.1879,2.2694
2026-08-11 01:27:00,84.9556,51.2441,2.2593
2026-08-11 01:28:00,85.5673,50.6440,2.3974
2026-08-11 01:29:00,85.1929,51.5867,2.3107
2026-08-11 01:30:00,85.0902,51.1966,2.2587
2026-08-11 01:31:00,84.7935,50.8192,2.2345
2026-08-11 01:32:00,85.2821,51.7680,2.1465
2026-08-11 01:33:00,84.8637,51.5544,2.4421
2026-08-11 01:34:00,84.8378,49.7727,2.3740
2026-08-11 01:35:00,85.2515,51.0036,2.3083
2026-08-11 01:36:00,85.1217,50.1605,2.3345
2026-08-11 01:37:00,84.2399,51.0012,2.3193
2026-08-11 01:38:00,84.9287,48.3306,2.1601
2026-08-11 01:39:00,84.9984,50.9720,2.2011
2026-08-11 01:40:00,84.8432,51.3460,2.3296
2026-08-11 01:41:00,84.9773,50.6498,2.3347
2026-08-11 01:42:00,84.3700,49.7686,2.3626
2026-08-11 01:43:00,84.0470,52.2272,2.5406
2026-08-11 01:44:00,84.5868,51.5485,2.3493
2026-08-11 01:45:00,84.9469,50.1604,2.3089
2026-08-11 01:46:00,83.8771,50.3379,2.3978
2026-08-11 01:47:00,84.5737,48.9232,2.2602
2026-08-11 01:48:00,84.2317,50.8480,2.4229
2026-08-11 01:49:00,84.7173,49.3351,2.3423
2026-08-11 01:50:00,85.3586,50.9247,2.4449
2026-08-11 01:51:00,84.6870,51.1734,2.4119
2026-08-11 01:52:00,84.7004,50.2574,2.4235
2026-08-11 01:53:00,84.9648,49.4229,2.5080
2026-08-11 01:54:00,84.6994,51.2346,2.5265
2026-08-11 01:55:00,84.6082,50.1979,2.6642
2026-08-11 01:56:00,84.9301,50.2316,2.5381
2026-08-11 01:57:00,84.7728,49.3726,2.4520
2026-08-11 01:58:00,84.6967,50.2330,2.4210
2026-08-11 01:59:00,84.5470,49.8769,2.5268
2026-08-11 02:00:00,84.4632,48.9372,2.6461
2026-08-11 02:01:00,84.8202,51.0327,2.5935
2026-08-11 02:02:00,84.4219,51.3288,2.4445
2026-08-11 02:03:00,84.8697,50.6968,2.5688
2026-08-11 02:04:00,84.1635,50.5381,2.5536
2026-08-11 02:05:00,84.8848,51.2159,2.6441
2026-08-11 02:06:00,84.5731,48.9266,2.5771
2026-08-11 02:07:00,84.1175,48.8779,2.5811
2026-08-11 02:08:00,84.5371,49.3549,2.4442
2026-08-11 02:09:00,84.1655,49.8857,2.6492
2026-08-11 02:10:00,84.3465,49.3743,2.4386
2026-08-11 02:11:00,84.1662,48.7535,2.5942
2026-08-11 02:12:00,84.2478,49.5352,2.5376
2026-08-11 02:13:00,84.5453,49.4164,2.5392
2026-08-11 02:14:00,84.3936,50.1264,2.6658
2026-08-11 02:15:00,83.8753,49.4504,2.6145
2026-08-11 02:16:00,83.8672,47.8526,2.3827
2026-08-11 02:17:00,84.2434,49.6463,2.6094
2026-08-11 02:18:00,84.2395,50.5651,2.5974
2026-08-11 02:19:00,83.9084,49.2847,2.7689
2026-08-11 02:20:00,84.5622,50.0131,2.5258
2026-08-11 02:21:00,84.3027,48.7816,2.8484
2026-08-11 02:22:00,83.8448,49.6006,2.7491
2026-08-11 02:23:00,83.7894,48.5147,2.6421
2026-08-11 02:24:00,83.9112,48.8757,2.6344
2026-08-11 02:25:00,83.8534,48.8448,2.6188
2026-08-11 02:26:00,84.3030,49.3799,2.7207
2026-08-11 02:27:00,84.1947,48.3023,2.6160
2026-08-11 02:28:00,83.8829,47.7530,2.6890
2026-08-11 02:29:00,84.0487,49.2644,2.5978
2026-08-11 02:30:00,84.0650,49.1980,2.7834
2026-08-11 02:31:00,83.8084,48.9058,2.7346
2026-08-11 02:32:00,83.8844,49.5261,2.6761
2026-08-11 02:33:00,83.9145,48.5819,2.7039
2026-08-11 02:34:00,83.8551,48.9335,2.6639
2026-08-11 02:35:00,83.4477,48.3932,2.7693
2026-08-11 02:36:00,83.4505,48.4311,2.6172
2026-08-11 02:37:00,83.5397,48.8753,2.8374
2026-08-11 02:38:00,83.3867,50.3818,2.7689
2026-08-11 02:39:00,83.1291,49.1280,2.7109
2026-08-11 02:40:00,83.7462,48.9389,2.8186
2026-08-11 02:41:00,83.6197,49.0849,2.8025
2026-08-11 02:42:00,83.0863,46.5543,2.6627
2026-08-11 02:43:00,83.3883,48.6545,2.9015
2026-08-11 02:44:00,83.3776,49.0945,2.5244
2026-08-11 02:45:00,83.4599,48.4008,2.8861
2026-08-11 02:46:00,83.0532,48.2662,2.7638
2026-08-11 02:47:00,82.9441,47.5166,2.8818
2026-08-11 02:48:00,83.4787,47.8899,2.9294
2026-08-11 02:49:00,82.8352,47.5382,2.7449
2026-08-11 02:50:00,83.1983,48.9733,2.7517
2026-08-11 02:51:00,83.1430,49.3441,2.8232
2026-08-11 02:52:00,83.1766,49.6601,2.6801
2026-08-11 02:53:00,83.2623,47.4017,2.7618
2026-08-11 02:54:00,83.6391,47.5169,2.7546
2026-08-11 02:55:00,82.6528,47.4222,2.6788
2026-08-11 02:56:00,83.3688,47.1778,2.7514
2026-08-11 02:57:00,82.3255,47.1617,2.8744
2026-08-11 02:58:00,83.4708,47.5225,2.8677
2026-08-11 02:59:00,82.4134,48.6062,2.7822
2026-08-11 03:00:00,83.7309,47.3044,2.8062
2026-08-11 03:01:00,82.8570,48.6936,2.7695
2026-08-11 03:02:00,83.3351,48.9179,2.6235
2026-08-11 03:03:00,83.2474,48.0251,2.6974
2026-08-11 03:04:00,82.7656,48.7539,2.8943
2026-08-11 03:05:00,82.7632,46.6555,2.9172
2026-08-11 03:06:00,82.5948,47.2722,2.7105
2026-08-11 03:07:00,83.0571,47.8450,2.9069
2026-08-11 03:08:00,82.6691,47.8471,2.6734
2026-08-11 03:09:00,82.5258,48.7874,2.7400
2026-08-11 03:10:00,82.9083,46.8209,2.7779
2026-08-11 03:11:00,82.4538,47.1667,2.7603
2026-08-11 03:12:00,82.6004,47.5050,2.7161
2026-08-11 03:13:00,82.7076,47.1352,2.7955
2026-08-11 03:14:00,82.4593,46.6935,2.8577
2026-08-11 03:15:00,82.4814,47.1244,2.6318
2026-08-11 03:16:00,83.0665,47.2876,2.7867
2026-08-11 03:17:00,82.5221,48.6209,2.8673
2026-08-11 03:18:00,82.4532,46.6259,2.7260
2026-08-11 03:19:00,82.4865,48.0739,2.7090
2026-08-11 03:20:00,82.6537,48.4196,2.6747
2026-08-11 03:21:00,82.1858,46.9724,2.9558
2026-08-11 03:22:00,82.6030,47.5715,2.9009
2026-08-11 03:23:00,82.5308,47.8058,2.7177
2026-08-11 03:24:00,81.8970,47.6558,2.8607
2026-08-11 03:25:00,82.9518,47.3751,2.6854
2026-08-11 03:26:00,82.8319,46.7492,2.7176
2026-08-11 03:27:00,82.1341,47.8055,2.6221
2026-08-11 03:28:00,82.0185,46.9598,2.5386
2026-08-11 03:29:00,82.4049,47.2665,2.6596
2026-08-11 03:30:00,81.8904,47.3690,2.6696
2026-08-11 03:31:00,82.7095,47.8984,2.7492
2026-08-11 03:32:00,82.1421,48.7416,2.7662
2026-08-11 03:33:00,82.7519,46.5952,2.6826
2026-08-11 03:34:00,82.0013,47.2141,2.5897
2026-08-11 03:35:00,82.1985,45.9717,2.6168
2026-08-11 03:36:00,82.5964,48.3320,2.8354
2026-08-11 03:37:00,82.1037,47.1700,2.7328
2026-08-11 03:38:00,82.2671,46.8838,2.8057
2026-08-11 03:39:00,82.4985,47.1544,2.8344
2026-08-11 03:40:00,81.9896,47.1844,2.5843
2026-08-11 03:41:00,81.7640,46.5068,2.7252
2026-08-11 03:42:00,81.6915,48.0333,2.5460
2026-08-11 03:43:00,82.2912,47.5898,2.7325
2026-08-11 03:44:00,82.2203,47.6929,2.7048
2026-08-11 03:45:00,82.4101,46.5136,2.4034
2026-08-11 03:46:00,81.9978,46.4629,2.6478
2026-08-11 03:47:00,81.6396,46.9525,2.5145
2026-08-11 03:48:00,81.3524,47.6769,2.5587
2026-08-11 03:49:00,82.9084,47.4324,2.5192
2026-08-11 03:50:00,82.1964,46.4035,2.6684
2026-08-11 03:51:00,82.0701,47.5550,2.5017
2026-08-11 03:52:00,82.1040,46.2387,2.4345
2026-08-11 03:53:00,81.5828,46.4833,2.4739
2026-08-11 03:54:00,81.7660,47.1354,2.5255
2026-08-11 03:55:00,82.5202,46.0692,2.5802
2026-08-11 03:56:00,82.1881,46.2333,2.6509
2026-08-11 03:57:00,81.7553,48.2440,2.5749
2026-08-11 03:58:00,81.6106,48.0940,2.5741
2026-08-11 03:59:00,81.8188,48.8320,2.5817
2026-08-11 04:00:00,81.8743,47.3605,2.5817
2026-08-11 04:01:00,82.5796,47.5161,2.5955
2026-08-11 04:02:00,81.9048,46.8771,2.7348
2026-08-11 04:03:00,81.6013,46.7220,2.5565
2026-08-11 04:04:00,81.9381,47.7016,2.4973
2026-08-11 04:05:00,82.0331,48.0960,2.4143
2026-08-11 04:06:00,81.5682,47.6386,2.4841
2026-08-11 04:07:00,82.0721,46.3407,2.5607
2026-08-11 04:08:00,82.3138,47.3297,2.3158
2026-08-11 04:09:00,81.9930,46.4047,2.5558
2026-08-11 04:10:00,81.7130,46.7661,2.3797
2026-08-11 04:11:00,81.7948,48.3400,2.3916
2026-08-11 04:12:00,81.4577,46.0773,2.4595
2026-08-11 04:13:00,81.9177,48.7783,2.3472
2026-08-11 04:14:00,82.0541,47.4899,2.4384
2026-08-11 04:15:00,81.6954,46.6848,2.2700
2026-08-11 04:16:00,82.5504,47.1201,2.4656
2026-08-11 04:17:00,82.2109,46.5260,2.3904
2026-08-11 04:18:00,81.4407,46.6454,2.3634
2026-08-11 04:19:00,81.4526,47.1509,2.3843
2026-08-11 04:20:00,81.6955,46.8391,2.3480
2026-08-11 04:21:00,82.4696,46.3663,2.3874
2026-08-11 04:22:00,82.2725,46.9464,2.3159
2026-08-11 04:23:00,82.5004,46.0832,2.3010
2026-08-11 04:24:00,82.0250,46.1294,2.1469
2026-08-11 04:25:00,81.9683,46.1336,2.4539
2026-08-11 04:26:00,81.6667,48.5091,2.1949
2026-08-11 04:27:00,82.1562,47.5099,2.4667
2026-08-11 04:28:00,82.0034,47.6759,2.2750
2026-08-11 04:29:00,82.0033,47.2226,2.4152
2026-08-11 04:30:00,82.5712,47.6334,2.3921
2026-08-11 04:31:00,82.0605,48.1843,2.3786
2026-08-11 04:32:00,82.5109,47.5856,2.2817
2026-08-11 04:33:00,81.6489,48.5878,2.1524
2026-08-11 04:34:00,82.9461,47.2625,2.2487
2026-08-11 04:35:00,82.0425,47.7885,2.2305
2026-08-11 04:36:00,82.3821,47.8902,2.2471
2026-08-11 04:37:00,82.4458,46.5994,2.1300
2026-08-11 04:38:00,82.0533,47.3977,2.2198
2026-08-11 04:39:00,82.4653,45.9094,1.9519
2026-08-11 04:40:00,82.4985,47.2980,2.2102
2026-08-11 04:41:00,82.0415,47.1985,2.2489
2026-08-11 04:42:00,82.0637,47.1709,2.1545
2026-08-11 04:43:00,82.3070,47.1368,2.2022
2026-08-11 04:44:00,82.2786,47.8936,2.2422
2026-08-11 04:45:00,82.7515,46.7969,2.3241
2026-08-11 04:46:00,82.5653,49.0156,2.3254
2026-08-11 04:47:00,82.3548,48.0041,2.2477
2026-08-11 04:48:00,82.5797,46.9306,2.2117
2026-08-11 04:49:00,81.8063,48.1140,2.2479
2026-08-11 04:50:00,82.2587,48.4158,2.3902
2026-08-11 04:51:00,82.5532,47.9393,2.2584
2026-08-11 04:52:00,82.8254,46.8639,2.2326
2026-08-11 04:53:00,82.5753,49.4833,2.3123
2026-08-11 04:54:00,82.9779,48.2304,2.2085
2026-08-11 04:55:00,82.8263,46.7464,2.1172
2026-08-11 04:56:00,82.4455,47.9379,2.2476
2026-08-11 04:57:00,82.5765,47.6208,2.2180
2026-08-11 04:58:00,82.7680,47.8290,2.1786
2026-08-11 04:59:00,82.5384,46.8961,2.2545
2026-08-11 05:00:00,83.1603,47.9221,2.0187
2026-08-11 05:01:00,82.3968,47.2416,2.1460
2026-08-11 05:02:00,82.8531,47.6553,2.1125
2026-08-11 05:03:00,83.0083,48.2736,2.1234
2026-08-11 05:04:00,82.7235,47.6113,2.1862
2026-08-11 05:05:00,82.6861,47.7896,2.1116
2026-08-11 05:06:00,82.8557,48.7078,2.3714
2026-08-11 05:07:00,83.1533,47.3708,2.2502
2026-08-11 05:08:00,82.7913,47.5933,2.1271
2026-08-11 05:09:00,82.6526,47.1390,2.0342
2026-08-11 05:10:00,83.3509,47.5154,2.1519
2026-08-11 05:11:00,83.1583,48.3083,2.1794
2026-08-11 05:12:00,83.3742,48.7482,2.1512
2026-08-11 05:13:00,83.3333,47.6236,2.4715
2026-08-11 05:14:00,83.7935,48.7886,2.0545
2026-08-11 05:15:00,83.5085,48.4175,2.2279
2026-08-11 05:16:00,82.9916,47.2600,2.2129
2026-08-11 05:17:00,83.3851,48.5388,2.2043
2026-08-11 05:18:00,83.1123,49.3880,2.0388
2026-08-11 05:19:00,83.1793,46.9524,2.2321
2026-08-11 05:20:00,82.9280,50.1042,2.2582
2026-08-11 05:21:00,83.3026,48.0457,2.3152
2026-08-11 05:22:00,83.5889,47.2492,2.2967
2026-08-11 05:23:00,83.4429,48.7139,2.3746
2026-08-11 05:24:00,83.1705,49.3029,2.0527
2026-08-11 05:25:00,83.0813,48.4488,2.2385
2026-08-11 05:26:00,84.2100,48.9577,2.5173
2026-08-11 05:27:00,83.7126,50.4398,2.3779
2026-08-11 05:28:00,83.4066,48.9443,2.1317
2026-08-11 05:29:00,83.8315,51.2018,2.2912
2026-08-11 05:30:00,84.3891,49.8637,2.1831
2026-08-11 05:31:00,83.9582,48.9296,2.2503
2026-08-11 05:32:00,82.9758,49.1581,2.4992
2026-08-11 05:33:00,84.6478,48.7061,2.4010
2026-08-11 05:34:00,83.3378,49.1982,2.1592
2026-08-11 05:35:00,83.8714,49.4849,2.2408
2026-08-11 05:36:00,83.6341,48.7496,2.3237
2026-08-11 05:37:00,83.7932,48.0064,2.3036
2026-08-11 05:38:00,84.1418,50.2050,2.3679
2026-08-11 05:39:00,83.4767,49.9645,2.2658
2026-08-11 05:40:00,84.1126,48.0899,2.3134
2026-08-11 05:41:00,84.5258,49.3983,2.2783
2026-08-11 05:42:00,83.9706,50.1213,2.3270
2026-08-11 05:43:00,83.8487,50.0769,2.4412
2026-08-11 05:44:00,84.2664,48.8211,2.4077
2026-08-11 05:45:00,84.2492,50.2004,2.3151
2026-08-11 05:46:00,84.2148,49.4654,2.5057
2026-08-11 05:47:00,84.0797,49.8029,2.5062
2026-08-11 05:48:00,84.6348,48.7951,2.4072
2026-08-11 05:49:00,84.7007,46.1639,2.3890
2026-08-11 05:50:00,84.2455,48.9866,2.5986
2026-08-11 05:51:00,84.3303,50.0766,2.5907
2026-08-11 05:52:00,84.6927,49.5221,2.2861
2026-08-11 05:53:00,84.4056,50.2456,2.5648
2026-08-11 05:54:00,84.7921,50.6495,2.6254
2026-08-11 05:55:00,85.2224,49.5394,2.5265
2026-08-11 05:56:00,84.8076,49.4998,2.4219
2026-08-11 05:57:00,84.5051,48.1327,2.4419
2026-08-11 05:58:00,85.0304,48.6833,2.6554
2026-08-11 05:59:00,84.9031,48.8888,2.5757
2026-08-11 06:00:00,84.9550,50.4453,2.5547
2026-08-11 06:01:00,85.1862,49.7828,2.7411
2026-08-11 06:02:00,85.2946,49.6511,2.4149
2026-08-11 06:03:00,85.1415,49.5988,2.5145
2026-08-11 06:04:00,85.1562,49.5338,2.5504
2026-08-11 06:05:00,85.8370,50.9350,2.5180
2026-08-11 06:06:00,85.6216,50.3101,2.3629
2026-08-11 06:07:00,85.5550,51.0676,2.6551
2026-08-11 06:08:00,85.3876,48.5589,2.4873
2026-08-11 06:09:00,85.0898,50.7788,2.4931
2026-08-11 06:10:00,85.7730,50.0045,2.5417
2026-08-11 06:11:00,85.5212,50.2053,2.5622
2026-08-11 06:12:00,85.3478,51.5516,2.5806
2026-08-11 06:13:00,85.4909,50.1962,2.6965
2026-08-11 06:14:00,85.3168,50.9402,2.7244
2026-08-11 06:15:00,85.9665,49.7709,2.5889
2026-08-11 06:16:00,85.8967,50.6526,2.5622
2026-08-11 06:17:00,85.7887,49.3891,2.6163
2026-08-11 06:18:00,85.7636,50.6545,2.5468
2026-08-11 06:19:00,85.6142,51.0468,2.6403
2026-08-11 06:20:00,85.2213,51.6616,2.5554
2026-08-11 06:21:00,85.4781,50.1600,2.8695
2026-08-11 06:22:00,85.7207,50.4289,2.6762
2026-08-11 06:23:00,85.7169,50.3743,2.6161
2026-08-11 06:24:00,86.1127,50.7238,2.7469
2026-08-11 06:25:00,86.3103,50.1932,2.5594
2026-08-11 06:26:00,86.0689,49.2756,2.6176
2026-08-11 06:27:00,86.5706,50.2042,2.7372
2026-08-11 06:28:00,85.9532,51.0359,2.7143
2026-08-11 06:29:00,86.1873,50.9932,2.8114
2026-08-11 06:30:00,86.2523,51.5897,2.4392
2026-08-11 06:31:00,86.6347,51.8580,2.7994
2026-08-11 06:32:00,86.3779,50.8606,2.6686
2026-08-11 06:33:00,86.4251,49.9874,2.6111
2026-08-11 06:34:00,85.9271,51.6141,2.5608
2026-08-11 06:35:00,86.1918,51.3190,2.6824
2026-08-11 06:36:00,86.8285,51.1552,2.9017
2026-08-11 06:37:00,85.9147,52.3732,2.8441
2026-08-11 06:38:00,86.9775,51.7919,2.9150
2026-08-11 06:39:00,86.7615,51.5642,2.7444
2026-08-11 06:40:00,86.4240,51.6311,2.7705
2026-08-11 06:41:00,86.4349,52.2136,2.6057
2026-08-11 06:42:00,87.2892,51.0159,2.6094
2026-08-11 06:43:00,87.1794,50.8967,2.7561
2026-08-11 06:44:00,86.7554,51.4466,2.6364
2026-08-11 06:45:00,86.8664,50.7244,2.6914
2026-08-11 06:46:00,86.6666,51.6629,2.7844
2026-08-11 06:47:00,86.9350,51.8090,2.9100
2026-08-11 06:48:00,86.7260,51.7083,2.7863
2026-08-11 06:49:00,86.9379,51.5058,2.6516
2026-08-11 06:50:00,87.5374,53.1487,2.6076
2026-08-11 06:51:00,86.9981,52.6098,2.8037
2026-08-11 06:52:00,86.7444,51.8102,2.7305
2026-08-11 06:53:00,86.6804,51.9927,2.8066
2026-08-11 06:54:00,87.1596,53.0494,2.7759
2026-08-11 06:55:00,86.9240,51.5104,2.7904
2026-08-11 06:56:00,87.2565,51.2349,2.9185
2026-08-11 06:57:00,86.7265,52.2179,2.9044
2026-08-11 06:58:00,87.4488,52.3962,2.8365
2026-08-11 06:59:00,86.9525,52.4842,2.7104
2026-08-11 07:00:00,87.3129,52.7835,2.7449
2026-08-11 07:01:00,87.2255,51.5628,2.8762
2026-08-11 07:02:00,87.8700,51.0494,2.9297
2026-08-11 07:03:00,87.4330,51.7353,2.6717
2026-08-11 07:04:00,87.9917,52.6949,2.9511
2026-08-11 07:05:00,87.6023,51.5180,2.7195
2026-08-11 07:06:00,87.8872,50.7341,2.8632
2026-08-11 07:07:00,87.4220,52.4219,3.0751
2026-08-11 07:08:00,87.6128,51.8778,2.6345
2026-08-11 07:09:00,87.8988,50.9743,2.8422
2026-08-11 07:10:00,87.8282,52.4396,2.7584
2026-08-11 07:11:00,87.7390,52.0947,2.8324
2026-08-11 07:12:00,87.5038,53.7678,2.7234
2026-08-11 07:13:00,87.5765,52.5210,2.5348
2026-08-11 07:14:00,87.9868,52.9412,2.7047
2026-08-11 07:15:00,88.0702,52.4806,2.8119
2026-08-11 07:16:00,87.5089,52.0380,2.9090
2026-08-11 07:17:00,87.4835,52.1471,2.8113
2026-08-11 07:18:00,87.4546,53.4227,2.9146
2026-08-11 07:19:00,87.9935,53.1765,2.7143
2026-08-11 07:20:00,87.4839,51.4072,2.7023
2026-08-11 07:21:00,88.0257,51.6186,2.7901
2026-08-11 07:22:00,87.9612,51.6820,2.7141
2026-08-11 07:23:00,87.6505,53.5030,2.8595
2026-08-11 07:24:00,88.2992,51.2879,2.6021
2026-08-11 07:25:00,87.4068,53.3198,2.8243
2026-08-11 07:26:00,88.3582,53.0264,2.8539
2026-08-11 07:27:00,87.9703,52.8419,2.7646
2026-08-11 07:28:00,87.2664,52.3622,2.8142
2026-08-11 07:29:00,88.3792,53.7073,2.6527
2026-08-11 07:30:00,88.2059,52.8624,2.6290
2026-08-11 07:31:00,87.7978,51.6311,2.7417
2026-08-11 07:32:00,87.6483,51.8317,2.6285
2026-08-11 07:33:00,87.4780,51.4988,2.7249
2026-08-11 07:34:00,88.6837,53.7882,2.7190
2026-08-11 07:35:00,87.6918,53.9802,2.6759
2026-08-11 07:36:00,87.5990,53.7222,2.7046
2026-08-11 07:37:00,88.0671,52.7506,2.7334
2026-08-11 07:38:00,87.5035,51.7354,2.6534
2026-08-11 07:39:00,87.7079,52.0442,2.6091
2026-08-11 07:40:00,88.3078,52.1067,2.7323
2026-08-11 07:41:00,88.1550,52.8711,2.6705
2026-08-11 07:42:00,87.9056,54.0271,2.6813
2026-08-11 07:43:00,88.0323,54.0328,2.6874
2026-08-11 07:44:00,87.8987,52.5438,2.6369
2026-08-11 07:45:00,88.0170,51.1531,2.5804
2026-08-11 07:46:00,87.8106,52.0162,2.5458
2026-08-11 07:47:00,87.8681,53.9075,2.5913
2026-08-11 07:48:00,87.8614,53.1484,2.6409
2026-08-11 07:49:00,87.8288,52.6844,2.6380
2026-08-11 07:50:00,88.3610,52.6340,2.5920
2026-08-11 07:51:00,88.2797,52.3785,2.6053
2026-08-11 07:52:00,87.7691,52.0205,2.4519
2026-08-11 07:53:00,87.6902,54.6451,2.5082
2026-08-11 07:54:00,88.0005,54.3655,2.6140
2026-08-11 07:55:00,88.6928,52.3361,2.4558
2026-08-11 07:56:00,87.7360,51.5928,2.5455
2026-08-11 07:57:00,87.9934,53.1329,2.5287
2026-08-11 07:58:00,88.0654,52.8810,2.5043
2026-08-11 07:59:00,88.0026,53.5023,2.5757
2026-08-11 08:00:00,87.8936,53.6837,2.5227
2026-08-11 08:01:00,88.3730,52.0637,2.3724
2026-08-11 08:02:00,88.1576,54.0231,2.5359
2026-08-11 08:03:00,88.2694,52.7152,2.4258
2026-08-11 08:04:00,88.1863,53.4822,2.3323
2026-08-11 08:05:00,88.2709,52.7844,2.5351
2026-08-11 08:06:00,88.4709,53.7287,2.3345
2026-08-11 08:07:00,88.3871,51.0976,2.4099
2026-08-11 08:08:00,88.6770,53.5742,2.4670
2026-08-11 08:09:00,88.3361,52.3137,2.4226
2026-08-11 08:10:00,87.7608,53.0331,2.3599
2026-08-11 08:11:00,88.2062,53.9647,2.3154
2026-08-11 08:12:00,88.1549,52.3205,2.3313
2026-08-11 08:13:00,88.5072,52.1887,2.2921
2026-08-11 08:14:00,87.6299,52.6522,2.3798
2026-08-11 08:15:00,88.0758,52.5943,2.3307
2026-08-11 08:16:00,87.6920,52.0943,2.2401
2026-08-11 08:17:00,88.0376,53.0110,2.3419
2026-08-11 08:18:00,87.8064,53.0436,2.2995
2026-08-11 08:19:00,88.0013,53.2781,2.3837
2026-08-11 08:20:00,87.4205,52.2421,2.3862
2026-08-11 08:21:00,88.0672,52.1322,2.4774
2026-08-11 08:22:00,87.8763,52.7816,2.4014
2026-08-11 08:23:00,87.8450,52.6690,2.2213
2026-08-11 08:24:00,88.3689,52.6725,2.1064
2026-08-11 08:25:00,87.6531,52.2750,2.1655
2026-08-11 08:26:00,87.8541,53.0920,2.2610
2026-08-11 08:27:00,87.7647,52.0606,2.1444
2026-08-11 08:28:00,87.7768,52.7030,2.2376
2026-08-11 08:29:00,88.3664,52.5413,2.2967
2026-08-11 08:30:00,87.7010,52.7449,2.2316
2026-08-11 08:31:00,87.4933,53.7046,2.3103
2026-08-11 08:32:00,88.2061,51.6890,2.2162
2026-08-11 08:33:00,87.5334,50.8114,2.1957
2026-08-11 08:34:00,87.1247,52.2324,2.4377
2026-08-11 08:35:00,87.3643,51.7696,2.2587
2026-08-11 08:36:00,87.1924,50.2630,2.2685
2026-08-11 08:37:00,87.0060,54.0520,2.3372
2026-08-11 08:38:00,87.4163,53.0842,2.3361
2026-08-11 08:39:00,87.4830,53.1512,2.2076
2026-08-11 08:40:00,87.8368,52.3697,2.3448
2026-08-11 08:41:00,87.6497,52.9149,2.1915
2026-08-11 08:42:00,87.6141,52.2198,2.3343
2026-08-11 08:43:00,87.1486,53.1886,2.1058
2026-08-11 08:44:00,87.6595,52.6673,2.1953
2026-08-11 08:45:00,87.7885,52.4652,2.2451
2026-08-11 08:46:00,87.4663,52.5035,2.2560
2026-08-11 08:47:00,87.4513,53.6223,2.1328
2026-08-11 08:48:00,86.9215,52.5609,2.0498
2026-08-11 08:49:00,87.5933,51.5801,2.2584
2026-08-11 08:50:00,87.7871,52.6490,2.1896
2026-08-11 08:51:00,87.3254,52.7472,2.1692
2026-08-11 08:52:00,87.0256,52.2157,2.3720
2026-08-11 08:53:00,87.1305,52.2648,2.1757
2026-08-11 08:54:00,87.0279,51.4282,2.1520
2026-08-11 08:55:00,87.0207,52.3332,2.0226
2026-08-11 08:56:00,87.2978,51.2578,2.0934
2026-08-11 08:57:00,87.1617,52.0023,2.2885
2026-08-11 08:58:00,87.3532,51.6407,2.1279
2026-08-11 08:59:00,87.1374,52.9352,2.2630
2026-08-11 09:00:00,86.7408,53.3613,2.0707
2026-08-11 09:01:00,86.8235,51.1779,2.1132
2026-08-11 09:02:00,86.7785,52.0614,2.1109
2026-08-11 09:03:00,86.8649,51.7881,2.2486
2026-08-11 09:04:00,87.4326,52.3789,2.1805
2026-08-11 09:05:00,87.4538,52.0550,2.0915
2026-08-11 09:06:00,87.0914,51.6384,2.2751
2026-08-11 09:07:00,86.8491,51.9933,2.2545
2026-08-11 09:08:00,86.3779,51.7162,2.2406
2026-08-11 09:09:00,86.8252,53.1286,2.2378
2026-08-11 09:10:00,86.4949,51.1914,2.1248
2026-08-11 09:11:00,87.1937,52.0010,2.3382
2026-08-11 09:12:00,86.1953,52.1711,2.2046
2026-08-11 09:13:00,86.7651,52.0822,2.2440
2026-08-11 09:14:00,86.3599,51.4609,2.2582
2026-08-11 09:15:00,86.5918,52.7613,2.1283
2026-08-11 09:16:00,86.7669,49.9628,2.4156
2026-08-11 09:17:00,86.8461,50.7257,2.2265
2026-08-11 09:18:00,86.4936,52.0984,2.2360
2026-08-11 09:19:00,86.7126,50.8298,2.1951
2026-08-11 09:20:00,86.2578,50.7492,2.3552
2026-08-11 09:21:00,86.5026,51.0921,2.3634
2026-08-11 09:22:00,86.7020,50.8030,2.2642
2026-08-11 09:23:00,86.4734,51.9065,2.1062
2026-08-11 09:24:00,86.1874,52.0855,2.2408
2026-08-11 09:25:00,86.2350,51.3975,2.2555
2026-08-11 09:26:00,86.5959,52.1352,2.2217
2026-08-11 09:27:00,85.9362,50.1468,2.1735
2026-08-11 09:28:00,85.9531,51.2809,2.1216
2026-08-11 09:29:00,86.3896,52.2626,2.4295
2026-08-11 09:30:00,86.0501,51.9295,2.3620
2026-08-11 09:31:00,85.7188,52.2607,2.2969
2026-08-11 09:32:00,86.5329,50.6031,2.2343
2026-08-11 09:33:00,85.7708,51.7721,2.3412
2026-08-11 09:34:00,86.0140,50.6600,2.3316
2026-08-11 09:35:00,85.8612,51.4404,2.2773
2026-08-11 09:36:00,85.9311,51.9758,2.3626
2026-08-11 09:37:00,85.7285,50.2544,2.3813
2026-08-11 09:38:00,86.1818,49.3674,2.4053
2026-08-11 09:39:00,85.9745,52.2924,2.2544
2026-08-11 09:40:00,86.2103,51.1670,2.3931
2026-08-11 09:41:00,85.7065,50.6528,2.4746
2026-08-11 09:42:00,86.5034,50.5707,2.3934
2026-08-11 09:43:00,85.2664,48.9851,2.5917
2026-08-11 09:44:00,85.3368,50.7907,2.3599
2026-08-11 09:45:00,86.3130,50.1608,2.2134
2026-08-11 09:46:00,85.9042,50.5887,2.3076
2026-08-11 09:47:00,85.8395,50.5323,2.3329
2026-08-11 09:48:00,85.8418,47.7671,2.4632
2026-08-11 09:49:00,85.8592,50.8224,2.4980
2026-08-11 09:50:00,85.7535,50.5428,2.4360
2026-08-11 09:51:00,85.3497,50.6112,2.4592
2026-08-11 09:52:00,85.8610,50.1668,2.6291
2026-08-11 09:53:00,85.7901,50.3136,2.3622
2026-08-11 09:54:00,85.9970,50.3736,2.4458
2026-08-11 09:55:00,86.0746,50.4156,2.4156
2026-08-11 09:56:00,85.6215,50.5375,2.3513
2026-08-11 09:57:00,85.1314,50.3440,2.2740
2026-08-11 09:58:00,86.0089,51.5583,2.6140
2026-08-11 09:59:00,85.1495,49.4585,2.4157
2026-08-11 10:00:00,85.5344,49.7000,2.4750
2026-08-11 10:01:00,85.3343,51.3151,2.5509
2026-08-11 10:02:00,85.2607,49.7978,2.3967
2026-08-11 10:03:00,85.5981,50.6275,2.4401
2026-08-11 10:04:00,85.4212,49.9514,2.5292
2026-08-11 10:05:00,85.4813,49.6215,2.4953
2026-08-11 10:06:00,85.0623,50.5536,2.4193
2026-08-11 10:07:00,85.2348,50.1402,2.6154
2026-08-11 10:08:00,85.0364,48.4592,2.5159
2026-08-11 10:09:00,85.1882,49.7862,2.5837
2026-08-11 10:10:00,85.1931,48.8124,2.5833
2026-08-11 10:11:00,85.7632,50.5864,2.6822
2026-08-11 10:12:00,85.1136,50.9336,2.6280
2026-08-11 10:13:00,84.5356,50.9911,2.5139
2026-08-11 10:14:00,85.5739,49.7393,2.7237
2026-08-11 10:15:00,85.2726,49.0455,2.5675
2026-08-11 10:16:00,85.0813,49.6337,2.5406
2026-08-11 10:17:00,84.9725,48.5861,2.5330
2026-08-11 10:18:00,84.8030,51.1761,2.4018
2026-08-11 10:19:00,85.6522,50.2170,2.5823
2026-08-11 10:20:00,85.0704,49.4672,2.6897
2026-08-11 10:21:00,84.5180,49.9833,2.5206
2026-08-11 10:22:00,85.1223,48.7546,2.8343
2026-08-11 10:23:00,85.3709,48.2240,2.4459
2026-08-11 10:24:00,85.0414,47.3023,2.5980
2026-08-11 10:25:00,84.7098,49.1021,2.5339
2026-08-11 10:26:00,84.6690,48.8321,2.7806
2026-08-11 10:27:00,84.6776,49.3771,2.7601
2026-08-11 10:28:00,85.3961,48.9354,2.6741
2026-08-11 10:29:00,84.9052,49.2674,2.5643
2026-08-11 10:30:00,84.4106,49.5008,2.5923
2026-08-11 10:31:00,85.0173,47.6476,2.7426
2026-08-11 10:32:00,84.9325,49.4749,2.6553
2026-08-11 10:33:00,84.7441,48.4188,2.6719
2026-08-11 10:34:00,84.5615,49.1225,2.7258
2026-08-11 10:35:00,84.5377,49.4909,2.6967
2026-08-11 10:36:00,85.1725,49.4613,2.5677
2026-08-11 10:37:00,84.9107,48.7065,2.6141
2026-08-11 10:38:00,84.9703,48.7113,2.6209
2026-08-11 10:39:00,84.8908,49.2477,2.6830
2026-08-11 10:40:00,84.9067,47.2991,2.7688
2026-08-11 10:41:00,84.6592,47.7049,2.7685
2026-08-11 10:42:00,84.7297,48.2091,2.8860
2026-08-11 10:43:00,85.1329,47.3329,2.6301
2026-08-11 10:44:00,85.2003,48.1487,2.8047
2026-08-11 10:45:00,84.4020,48.0722,2.6985
2026-08-11 10:46:00,84.6993,48.3705,2.9776
2026-08-11 10:47:00,85.0070,48.2231,2.7722
2026-08-11 10:48:00,85.3136,49.0921,2.7292
2026-08-11 10:49:00,85.2777,48.6634,2.8151
2026-08-11 10:50:00,84.4989,48.1169,2.8095
2026-08-11 10:51:00,85.1150,47.8761,2.7537
2026-08-11 10:52:00,84.7452,48.0740,2.8528
2026-08-11 10:53:00,85.0364,48.0578,2.9460
2026-08-11 10:54:00,84.9554,50.0667,2.8881
2026-08-11 10:55:00,84.3359,46.8559,2.7825
2026-08-11 10:56:00,84.8766,47.2516,2.9760
2026-08-11 10:57:00,85.0102,47.1053,2.8473
2026-08-11 10:58:00,84.6996,48.1504,2.6898
2026-08-11 10:59:00,84.6293,48.0904,2.8054
2026-08-11 11:00:00,84.2295,47.4202,2.7783
2026-08-11 11:01:00,84.9042,48.5680,2.7458
2026-08-11 11:02:00,84.7602,48.1196,2.8310
2026-08-11 11:03:00,84.4197,48.5475,2.6112
2026-08-11 11:04:00,84.5976,48.7333,2.9587
2026-08-11 11:05:00,84.7411,46.0396,2.8586
2026-08-11 11:06:00,84.5269,48.2673,2.6122
2026-08-11 11:07:00,84.6952,46.6614,2.8550
2026-08-11 11:08:00,84.1697,47.8681,2.8378
2026-08-11 11:09:00,85.1001,47.5857,2.9382
2026-08-11 11:10:00,84.7009,47.5958,2.9622
2026-08-11 11:11:00,84.3675,46.6325,2.9769
2026-08-11 11:12:00,83.9608,48.3973,2.7575
2026-08-11 11:13:00,85.0092,46.5177,2.8369
2026-08-11 11:14:00,84.8699,48.1280,2.7320
2026-08-11 11:15:00,84.7679,46.3601,2.8750
2026-08-11 11:16:00,84.9663,47.4697,2.5579
2026-08-11 11:17:00,84.9683,48.9063,2.6432
2026-08-11 11:18:00,84.7714,49.3314,2.7239
2026-08-11 11:19:00,84.6401,46.1268,2.7576
2026-08-11 11:20:00,84.5947,46.8383,2.7762
2026-08-11 11:21:00,84.8499,46.9644,2.8832
2026-08-11 11:22:00,85.1468,49.1676,2.6866
2026-08-11 11:23:00,84.7010,47.2904,2.6180
2026-08-11 11:24:00,85.1793,48.1867,2.7040
2026-08-11 11:25:00,84.8530,47.5491,2.6774
2026-08-11 11:26:00,84.8602,46.3329,2.7885
2026-08-11 11:27:00,85.4726,45.7877,2.8806
2026-08-11 11:28:00,85.2522,46.7689,2.8664
2026-08-11 11:29:00,85.2655,49.0971,2.8266
2026-08-11 11:30:00,84.5284,47.4345,2.6552
2026-08-11 11:31:00,85.4312,48.0571,2.6903
2026-08-11 11:32:00,84.7550,46.0647,2.7432
2026-08-11 11:33:00,84.7177,46.9252,2.6178
2026-08-11 11:34:00,84.1446,47.7952,2.6210
2026-08-11 11:35:00,84.8968,46.2863,2.7201
2026-08-11 11:36:00,84.4807,47.0957,2.5399
2026-08-11 11:37:00,84.9351,46.4311,2.7792
2026-08-11 11:38:00,84.4712,47.7847,2.6232
2026-08-11 11:39:00,85.3662,47.4314,2.7108
2026-08-11 11:40:00,84.9997,47.6489,2.6707
2026-08-11 11:41:00,85.5257,47.7892,2.7686
2026-08-11 11:42:00,84.5424,46.9008,2.4234
2026-08-11 11:43:00,85.3218,47.8766,2.7552
2026-08-11 11:44:00,84.3241,46.5937,2.7458
2026-08-11 11:45:00,84.9352,47.5582,2.6429
2026-08-11 11:46:00,84.6914,45.4735,2.6596
2026-08-11 11:47:00,84.7546,46.4462,2.6598
2026-08-11 11:48:00,84.7422,48.8896,2.5026
2026-08-11 11:49:00,84.6311,47.5198,2.5906
2026-08-11 11:50:00,84.5359,47.5147,2.6666
2026-08-11 11:51:00,84.7895,46.3617,2.3913
2026-08-11 11:52:00,84.9656,46.1411,2.6095
2026-08-11 11:53:00,85.2884,46.8011,2.5634
2026-08-11 11:54:00,85.0365,46.9555,2.6097
2026-08-11 11:55:00,85.3065,48.5380,2.4120
2026-08-11 11:56:00,84.5217,47.8193,2.4570
2026-08-11 11:57:00,84.8440,47.0895,2.3839
2026-08-11 11:58:00,85.1959,47.0536,2.3750
2026-08-11 11:59:00,85.0942,47.6068,2.5909
2026-08-11 12:00:00,84.7416,45.9450,2.4411
2026-08-11 12:01:00,85.2889,45.4632,2.4259
2026-08-11 12:02:00,84.8581,47.5957,2.5934
2026-08-11 12:03:00,84.7929,47.0599,2.4421
2026-08-11 12:04:00,85.1809,45.9544,2.5650
2026-08-11 12:05:00,85.0453,45.3305,2.3559
2026-08-11 12:06:00,84.8952,47.7243,2.4184
2026-08-11 12:07:00,84.8936,46.5953,2.3548
2026-08-11 12:08:00,84.7483,47.3366,2.4924
2026-08-11 12:09:00,84.9590,46.8098,2.4093
2026-08-11 12:10:00,85.4162,46.9983,2.4955
2026-08-11 12:11:00,85.1679,46.5572,2.4301
2026-08-11 12:12:00,85.3904,46.9757,2.2127
2026-08-11 12:13:00,85.2658,47.5050,2.3735
2026-08-11 12:14:00,84.9355,46.8297,2.2389
2026-08-11 12:15:00,84.6324,46.7914,2.4198
2026-08-11 12:16:00,84.8571,47.5516,2.4335
2026-08-11 12:17:00,84.9416,47.6133,2.4367
2026-08-11 12:18:00,84.9261,46.1729,2.3515
2026-08-11 12:19:00,85.4526,47.0692,2.1936
2026-08-11 12:20:00,85.4569,46.6832,2.3710
2026-08-11 12:21:00,85.8366,47.1236,2.3840
2026-08-11 12:22:00,84.9512,48.2707,2.3184
2026-08-11 12:23:00,85.6666,47.4221,2.3386
2026-08-11 12:24:00,85.6717,48.8782,2.1349
2026-08-11 12:25:00,85.1314,47.3349,2.3240
2026-08-11 12:26:00,85.3497,47.0389,2.3004
2026-08-11 12:27:00,85.5863,47.1697,2.1839
2026-08-11 12:28:00,85.2027,47.3134,2.3521
2026-08-11 12:29:00,85.1855,47.4719,2.2441
2026-08-11 12:30:00,85.0442,46.4348,2.3108
2026-08-11 12:31:00,84.5301,47.0571,2.3312
2026-08-11 12:32:00,85.2647,46.6798,2.3099
2026-08-11 12:33:00,85.0360,48.0993,2.1378
2026-08-11 12:34:00,84.9314,45.7517,2.2284
2026-08-11 12:35:00,85.3856,47.4349,2.4749
2026-08-11 12:36:00,84.8283,46.1124,2.3968
2026-08-11 12:37:00,85.5099,47.6908,2.3362
2026-08-11 12:38:00,85.4174,47.0444,2.2758
2026-08-11 12:39:00,85.1563,45.9291,2.1454
2026-08-11 12:40:00,85.2611,48.1557,2.2240
2026-08-11 12:41:00,84.9266,45.4087,2.1941
2026-08-11 12:42:00,85.5121,47.4169,2.2242
2026-08-11 12:43:00,85.3462,48.0158,2.0846
2026-08-11 12:44:00,85.3713,48.5854,2.3214
2026-08-11 12:45:00,85.4459,46.2175,1.9542
2026-08-11 12:46:00,85.1048,47.1148,2.3056
2026-08-11 12:47:00,84.8438,48.4170,2.3048
2026-08-11 12:48:00,85.5884,48.4939,2.4474
2026-08-11 12:49:00,85.5093,48.6208,2.1874
2026-08-11 12:50:00,85.1432,49.6692,2.1582
2026-08-11 12:51:00,85.4274,47.2371,2.2203
2026-08-11 12:52:00,85.6827,47.9665,2.2625
2026-08-11 12:53:00,85.6472,47.4168,2.1960
2026-08-11 12:54:00,85.1362,46.1387,2.0854
2026-08-11 12:55:00,84.8586,47.6725,2.2584
2026-08-11 12:56:00,84.9094,46.1751,2.2016
2026-08-11 12:57:00,85.2102,47.3804,2.1001
2026-08-11 12:58:00,85.7411,46.6494,2.0379
2026-08-11 12:59:00,85.0824,48.2022,2.4470
2026-08-11 13:00:00,85.1201,47.2559,2.2832
2026-08-11 13:01:00,85.1118,46.4785,2.2560
2026-08-11 13:02:00,85.1348,48.6275,2.1889
2026-08-11 13:03:00,85.2881,47.4806,2.2699
2026-08-11 13:04:00,84.9043,47.6469,2.0964
2026-08-11 13:05:00,85.6102,47.2398,2.2225
2026-08-11 13:06:00,85.2376,48.9709,2.2280
2026-08-11 13:07:00,86.0206,48.2981,2.1023
2026-08-11 13:08:00,84.9203,47.6216,2.1961
2026-08-11 13:09:00,85.7445,46.6115,2.1670
2026-08-11 13:10:00,85.6798,50.1822,2.1338
2026-08-11 13:11:00,85.1334,49.7885,2.1585
2026-08-11 13:12:00,85.1325,49.3911,2.0440
2026-08-11 13:13:00,84.9684,47.7060,2.3235
2026-08-11 13:14:00,84.9653,47.9000,2.3762
2026-08-11 13:15:00,85.2312,48.6538,2.1302
2026-08-11 13:16:00,85.2303,47.6510,2.3369
2026-08-11 13:17:00,84.7358,47.6076,2.2260
2026-08-11 13:18:00,85.8966,49.5994,2.2317
2026-08-11 13:19:00,85.1224,48.4220,2.1068
2026-08-11 13:20:00,85.2113,47.6041,2.1844
2026-08-11 13:21:00,84.9948,49.2963,2.2975
2026-08-11 13:22:00,85.0932,48.1094,2.1509
2026-08-11 13:23:00,85.0562,47.0197,2.1786
2026-08-11 13:24:00,85.1526,47.7302,2.2065
2026-08-11 13:25:00,85.1387,48.2599,1.9213
2026-08-11 13:26:00,85.3738,48.8844,2.2997
2026-08-11 13:27:00,85.1894,48.8814,2.3356
2026-08-11 13:28:00,85.3211,49.7620,2.3135
2026-08-11 13:29:00,85.0950,48.6261,2.3767
2026-08-11 13:30:00,85.1552,48.4794,2.2435
2026-08-11 13:31:00,85.0009,49.8844,2.4746
2026-08-11 13:32:00,85.3613,49.7079,2.2148
2026-08-11 13:33:00,85.1440,48.7909,2.2827
2026-08-11 13:34:00,84.9862,49.2322,2.2789
2026-08-11 13:35:00,84.9634,48.6554,2.3360
2026-08-11 13:36:00,84.9727,48.1432,2.2997
2026-08-11 13:37:00,85.0000,50.8682,2.3198
2026-08-11 13:38:00,84.9591,48.7144,2.2688
2026-08-11 13:39:00,84.7931,49.4217,2.2994
2026-08-11 13:40:00,85.1746,48.0113,2.1266
2026-08-11 13:41:00,85.1776,49.8507,2.4371
2026-08-11 13:42:00,85.4481,48.3350,2.2616
2026-08-11 13:43:00,84.7152,50.6803,2.3218
2026-08-11 13:44:00,85.0794,50.8142,2.2720
2026-08-11 13:45:00,84.2894,49.8672,2.4422
2026-08-11 13:46:00,85.0933,49.5452,2.3382
2026-08-11 13:47:00,84.3898,49.3420,2.1555
2026-08-11 13:48:00,84.5133,49.4927,2.4354
2026-08-11 13:49:00,84.8897,49.8969,2.3401
2026-08-11 13:50:00,84.5848,49.6802,2.4200
2026-08-11 13:51:00,84.5246,50.4328,2.5132
2026-08-11 13:52:00,84.5873,48.9518,2.3389
2026-08-11 13:53:00,84.9319,50.9480,2.4402
2026-08-11 13:54:00,84.4131,49.4265,2.3759
2026-08-11 13:55:00,84.6564,49.2071,2.5595
2026-08-11 13:56:00,84.5385,50.1331,2.4765
2026-08-11 13:57:00,84.8772,50.2235,2.4742
2026-08-11 13:58:00,84.8645,48.5321,2.3602
2026-08-11 13:59:00,84.0381,49.5758,2.5672
2026-08-11 14:00:00,84.8805,48.2624,2.5877
2026-08-11 14:01:00,84.3618,49.4987,2.4312
2026-08-11 14:02:00,84.5937,49.5724,2.5311
2026-08-11 14:03:00,84.2187,50.3557,2.5823
2026-08-11 14:04:00,84.5890,49.5268,2.7532
2026-08-11 14:05:00,85.2201,49.7554,2.5783
2026-08-11 14:06:00,84.4697,51.2785,2.5469
2026-08-11 14:07:00,84.2701,51.9259,2.5391
2026-08-11 14:08:00,84.3148,49.5769,2.5528
2026-08-11 14:09:00,83.9198,51.1680,2.6468
2026-08-11 14:10:00,84.7711,50.7018,2.4894
2026-08-11 14:11:00,84.4060,49.0394,2.6785
2026-08-11 14:12:00,83.9730,49.8364,2.4386
2026-08-11 14:13:00,83.9580,48.0858,2.6668
2026-08-11 14:14:00,84.2426,50.8056,2.7020
2026-08-11 14:15:00,84.4925,49.7238,2.6954
2026-08-11 14:16:00,83.8423,50.7309,2.6491
2026-08-11 14:17:00,84.4962,52.7189,2.6686
2026-08-11 14:18:00,84.1090,51.9748,2.5962
2026-08-11 14:19:00,83.8317,50.1249,2.5307
2026-08-11 14:20:00,83.9445,49.9694,2.6750
2026-08-11 14:21:00,84.5833,51.8487,2.6636
2026-08-11 14:22:00,83.6160,50.0482,2.7558
2026-08-11 14:23:00,83.7865,51.6825,2.6558
2026-08-11 14:24:00,84.2653,53.1157,2.6922
2026-08-11 14:25:00,84.0179,51.5047,2.7114
2026-08-11 14:26:00,83.6888,51.9486,2.7460
2026-08-11 14:27:00,84.1888,51.8928,2.7897
2026-08-11 14:28:00,84.1760,50.6294,2.6054
2026-08-11 14:29:00,83.9447,51.3438,2.7767
2026-08-11 14:30:00,83.6344,50.3829,2.6941
2026-08-11 14:31:00,83.6534,52.2162,2.7819
2026-08-11 14:32:00,83.8490,50.3521,2.8708
2026-08-11 14:33:00,83.3427,51.8168,2.5173
2026-08-11 14:34:00,84.1072,52.1969,2.8546
2026-08-11 14:35:00,84.1914,50.9336,2.7262
2026-08-11 14:36:00,83.5830,50.7852,2.6572
2026-08-11 14:37:00,83.7331,51.2611,2.7035
2026-08-11 14:38:00,83.9544,50.7175,2.6485
2026-08-11 14:39:00,84.1577,51.5910,2.8065
2026-08-11 14:40:00,84.0105,50.7664,2.6563
2026-08-11 14:41:00,82.9951,50.8582,2.8841
2026-08-11 14:42:00,83.3935,52.0050,2.8365
2026-08-11 14:43:00,83.6107,52.0949,2.7935
2026-08-11 14:44:00,83.2847,51.3991,2.5704
2026-08-11 14:45:00,83.9402,50.3496,2.6449
2026-08-11 14:46:00,83.8666,52.6359,2.7721
2026-08-11 14:47:00,83.1055,51.3727,2.7802
2026-08-11 14:48:00,83.2741,53.4132,2.8793
2026-08-11 14:49:00,83.0706,51.6891,2.4964
2026-08-11 14:50:00,83.2095,51.9349,2.7139
2026-08-11 14:51:00,83.1732,51.5119,2.8754
2026-08-11 14:52:00,83.4999,52.0827,2.7597
2026-08-11 14:53:00,82.9200,54.6996,2.7482
2026-08-11 14:54:00,82.3745,51.6692,2.6351
2026-08-11 14:55:00,82.6513,52.9991,2.9033
2026-08-11 14:56:00,82.7974,52.0799,2.7499
2026-08-11 14:57:00,82.8825,52.9754,2.9084
2026-08-11 14:58:00,83.1088,50.5196,2.9462
2026-08-11 14:59:00,82.7023,53.6493,2.9316
2026-08-11 15:00:00,82.6367,52.3941,2.7968
2026-08-11 15:01:00,82.6951,51.9347,2.7515
2026-08-11 15:02:00,82.6133,52.8988,2.7444
2026-08-11 15:03:00,82.7558,52.3181,2.9959
2026-08-11 15:04:00,82.7174,51.3111,2.7772
2026-08-11 15:05:00,83.0779,50.3169,2.9027
2026-08-11 15:06:00,82.5491,53.7421,2.8445
2026-08-11 15:07:00,82.7136,52.1282,2.7538
2026-08-11 15:08:00,82.6326,51.8411,2.7681
2026-08-11 15:09:00,83.0142,51.9278,2.9101
2026-08-11 15:10:00,82.7009,53.5516,2.7929
2026-08-11 15:11:00,83.0382,52.0117,2.7423
2026-08-11 15:12:00,82.3534,52.9425,2.7046
2026-08-11 15:13:00,82.6606,52.1822,2.8148
2026-08-11 15:14:00,82.4793,51.4685,2.7284
2026-08-11 15:15:00,82.2611,53.2154,2.8366
2026-08-11 15:16:00,82.5858,53.3984,3.0285
2026-08-11 15:17:00,83.1033,51.9937,2.8226
2026-08-11 15:18:00,82.3052,52.5277,2.9477
2026-08-11 15:19:00,82.5008,52.6558,2.6922
2026-08-11 15:20:00,82.1237,52.9542,2.8282
2026-08-11 15:21:00,82.0582,54.1945,2.8814
2026-08-11 15:22:00,82.2387,52.3774,2.8896
2026-08-11 15:23:00,82.3191,52.3909,2.8752
2026-08-11 15:24:00,82.3119,52.5328,2.7444
2026-08-11 15:25:00,82.3457,51.9368,2.8270
2026-08-11 15:26:00,81.8992,51.3300,2.6314
2026-08-11 15:27:00,82.1865,52.8314,2.8888
2026-08-11 15:28:00,82.5057,53.1625,2.6277
2026-08-11 15:29:00,81.9290,52.7583,2.8430
2026-08-11 15:30:00,82.2116,52.7215,2.8165
2026-08-11 15:31:00,82.3880,52.0674,2.8102
2026-08-11 15:32:00,82.0479,53.0027,2.9073
2026-08-11 15:33:00,82.3679,52.9505,2.8001
2026-08-11 15:34:00,81.7923,53.2078,2.5561
2026-08-11 15:35:00,82.4987,53.0997,2.7416
2026-08-11 15:36:00,82.3259,53.1682,2.4874
2026-08-11 15:37:00,82.2173,53.9201,2.6608
2026-08-11 15:38:00,82.5229,53.3342,2.6212
2026-08-11 15:39:00,82.0719,53.2719,2.7205
2026-08-11 15:40:00,81.9711,51.5038,2.5677
2026-08-11 15:41:00,82.5543,53.7505,2.5638
2026-08-11 15:42:00,82.6814,52.6788,2.6863
2026-08-11 15:43:00,81.9081,52.9894,2.7466
2026-08-11 15:44:00,82.0695,51.9161,2.6223
2026-08-11 15:45:00,82.4051,54.6143,2.8471
2026-08-11 15:46:00,82.0565,50.9704,2.5732
2026-08-11 15:47:00,82.2472,54.1472,2.6681
2026-08-11 15:48:00,82.2923,53.3032,2.6268
2026-08-11 15:49:00,81.8793,51.4447,2.5509
2026-08-11 15:50:00,82.1641,54.6035,2.7088
2026-08-11 15:51:00,82.0273,53.3902,2.4810
2026-08-11 15:52:00,81.6553,51.0969,2.3548
2026-08-11 15:53:00,81.7153,52.6494,2.5421
2026-08-11 15:54:00,81.8087,53.4184,2.5212
2026-08-11 15:55:00,82.2758,54.3642,2.6454
2026-08-11 15:56:00,82.2790,52.6685,2.4064
2026-08-11 15:57:00,82.2093,50.8802,2.5759
2026-08-11 15:58:00,82.1107,54.1662,2.5560
2026-08-11 15:59:00,82.0974,53.3983,2.5401
2026-08-11 16:00:00,82.0522,51.2140,2.6044
2026-08-11 16:01:00,82.0871,53.2739,2.4898
2026-08-11 16:02:00,82.1039,53.3578,2.4895
2026-08-11 16:03:00,81.5369,52.7379,2.5215
2026-08-11 16:04:00,81.7186,52.3341,2.4584
2026-08-11 16:05:00,81.6451,52.5058,2.3255
2026-08-11 16:06:00,82.2845,52.7305,2.4120
2026-08-11 16:07:00,82.4477,53.2712,2.4194
2026-08-11 16:08:00,81.3004,53.6143,2.3814
2026-08-11 16:09:00,82.4208,51.2609,2.3983
2026-08-11 16:10:00,81.9782,53.1791,2.4403
2026-08-11 16:11:00,82.2573,53.3593,2.3874
2026-08-11 16:12:00,82.1073,53.0984,2.4927
2026-08-11 16:13:00,82.3899,52.6328,2.4868
2026-08-11 16:14:00,82.0238,54.0856,2.1546
2026-08-11 16:15:00,81.5554,54.0179,2.2419
2026-08-11 16:16:00,81.9368,52.6415,2.1375
2026-08-11 16:17:00,82.1279,52.8596,2.3435
2026-08-11 16:18:00,81.9137,53.5346,2.3302
2026-08-11 16:19:00,82.1816,53.9338,2.3719
2026-08-11 16:20:00,81.9710,52.2454,2.4343
2026-08-11 16:21:00,81.8190,52.0504,2.3390
2026-08-11 16:22:00,81.6794,53.0958,2.2763
2026-08-11 16:23:00,81.8957,51.9662,2.3296
2026-08-11 16:24:00,82.0833,51.2972,2.2743
2026-08-11 16:25:00,81.4433,52.1845,2.1696
2026-08-11 16:26:00,81.8069,53.1617,2.4070
2026-08-11 16:27:00,81.4523,54.0575,2.3476
2026-08-11 16:28:00,81.8771,52.2337,2.4442
2026-08-11 16:29:00,82.4329,52.6870,2.1698
2026-08-11 16:30:00,81.7300,52.8961,2.1264
2026-08-11 16:31:00,82.3094,52.2375,2.1888
2026-08-11 16:32:00,82.9662,52.1589,2.3169
2026-08-11 16:33:00,82.5614,52.9924,2.3578
2026-08-11 16:34:00,82.1797,51.7498,2.2955
2026-08-11 16:35:00,82.4121,52.0767,2.2764
2026-08-11 16:36:00,81.7591,52.5109,2.3427
2026-08-11 16:37:00,81.7139,52.9129,2.2068
2026-08-11 16:38:00,82.2111,51.4243,2.3540
2026-08-11 16:39:00,82.3392,52.5128,2.4427
2026-08-11 16:40:00,82.5655,51.5654,2.1339
2026-08-11 16:41:00,82.0848,52.0309,2.2109
2026-08-11 16:42:00,82.3322,53.1888,2.0937
2026-08-11 16:43:00,82.3411,52.4781,2.1327
2026-08-11 16:44:00,82.2738,53.8513,2.2652
2026-08-11 16:45:00,82.3118,52.4367,2.0543
2026-08-11 16:46:00,82.0981,53.2468,2.1420
2026-08-11 16:47:00,82.4598,53.0857,2.3226
2026-08-11 16:48:00,82.4564,52.4165,2.2370
2026-08-11 16:49:00,82.2883,51.3512,2.2892
2026-08-11 16:50:00,82.6430,52.2960,2.0809
2026-08-11 16:51:00,82.7752,51.9297,2.2151
2026-08-11 16:52:00,82.6941,51.8743,2.3952
2026-08-11 16:53:00,82.2026,52.4312,2.1388
2026-08-11 16:54:00,82.5703,51.1216,2.1549
2026-08-11 16:55:00,82.2925,51.5564,2.2607
2026-08-11 16:56:00,82.6209,51.4198,2.1117
2026-08-11 16:57:00,82.3462,51.9996,2.2727
2026-08-11 16:58:00,83.0287,51.5616,2.0207
2026-08-11 16:59:00,82.9080,51.5870,1.9575
2026-08-11 17:00:00,83.0469,52.2297,2.2314
2026-08-11 17:01:00,83.0449,51.7368,2.1021
2026-08-11 17:02:00,82.6771,52.0689,2.1438
2026-08-11 17:03:00,82.6600,51.1438,2.2886
2026-08-11 17:04:00,83.3400,51.3447,2.2641
2026-08-11 17:05:00,82.7982,53.6107,2.0798
2026-08-11 17:06:00,82.4721,51.3904,2.2557
2026-08-11 17:07:00,83.2119,50.2332,2.1750
2026-08-11 17:08:00,82.9844,52.1617,2.2483
2026-08-11 17:09:00,83.4250,51.2909,2.2063
2026-08-11 17:10:00,83.0786,52.0214,2.0599
2026-08-11 17:11:00,83.0325,51.7233,2.1410
2026-08-11 17:12:00,83.5296,52.2033,1.9735
2026-08-11 17:13:00,82.6439,51.6517,2.2357
2026-08-11 17:14:00,82.9639,51.5180,2.2596
2026-08-11 17:15:00,82.9078,52.5850,2.1524
2026-08-11 17:16:00,82.5503,49.8594,2.2144
2026-08-11 17:17:00,83.5060,50.5405,2.1318
2026-08-11 17:18:00,83.1123,50.9074,2.3583
2026-08-11 17:19:00,83.5871,50.1796,2.1078
2026-08-11 17:20:00,83.4685,51.1165,2.2091
2026-08-11 17:21:00,83.5705,51.0034,2.1144
2026-08-11 17:22:00,83.2888,52.2112,2.2719
2026-08-11 17:23:00,83.2334,51.3262,2.3566
2026-08-11 17:24:00,83.5272,51.1916,2.0497
2026-08-11 17:25:00,83.8140,51.0230,2.3274
2026-08-11 17:26:00,83.5614,50.4499,2.4300
2026-08-11 17:27:00,83.4044,51.9686,2.2848
2026-08-11 17:28:00,83.2941,52.1883,2.2096
2026-08-11 17:29:00,83.7542,50.2145,2.2786
2026-08-11 17:30:00,83.5661,52.4441,2.2333
2026-08-11 17:31:00,83.7505,50.5749,2.4899
2026-08-11 17:32:00,83.7403,50.4731,2.3828
2026-08-11 17:33:00,83.7188,51.4166,2.3952
2026-08-11 17:34:00,83.9807,51.4511,2.5267
2026-08-11 17:35:00,84.0995,50.9073,2.4518
2026-08-11 17:36:00,84.5637,50.6500,2.3115
2026-08-11 17:37:00,84.2426,51.8275,2.3326
2026-08-11 17:38:00,84.5346,50.3534,2.5726
2026-08-11 17:39:00,83.8524,50.7593,2.2693
2026-08-11 17:40:00,83.6594,52.1315,2.3328
2026-08-11 17:41:00,84.1772,49.6688,2.2556
2026-08-11 17:42:00,84.4810,50.3334,2.1820
2026-08-11 17:43:00,84.4762,51.4822,2.2829
2026-08-11 17:44:00,84.6716,51.0461,2.2920
2026-08-11 17:45:00,83.5898,51.3005,2.3227
2026-08-11 17:46:00,84.7693,49.4884,2.4537
2026-08-11 17:47:00,84.5368,50.7649,2.3987
2026-08-11 17:48:00,84.0159,50.2411,2.5084
2026-08-11 17:49:00,84.7392,52.2484,2.4299
2026-08-11 17:50:00,84.6161,51.0391,2.4403
2026-08-11 17:51:00,84.7228,50.3348,2.4008
2026-08-11 17:52:00,84.9515,50.5423,2.6323
2026-08-11 17:53:00,84.8242,50.3179,2.4030
2026-08-11 17:54:00,84.2967,50.7946,2.5447
2026-08-11 17:55:00,84.7391,49.5112,2.3426
2026-08-11 17:56:00,84.3403,51.2492,2.4443
2026-08-11 17:57:00,85.0639,49.0580,2.6772
2026-08-11 17:58:00,85.3321,50.2426,2.5528
2026-08-11 17:59:00,84.5839,49.3798,2.3522
2026-08-11 18:00:00,84.7986,50.0343,2.3968
2026-08-11 18:01:00,84.7789,50.7511,2.6681
2026-08-11 18:02:00,84.9511,48.5516,2.5245
2026-08-11 18:03:00,85.2546,49.7466,2.4960
2026-08-11 18:04:00,85.0415,48.6912,2.4535
2026-08-11 18:05:00,85.4137,49.5803,2.5074
2026-08-11 18:06:00,85.5811,48.6107,2.6883
2026-08-11 18:07:00,85.6354,49.8549,2.4847
2026-08-11 18:08:00,85.0128,49.3455,2.5022
2026-08-11 18:09:00,85.8073,50.2451,2.6300
2026-08-11 18:10:00,85.8746,50.5913,2.4737
2026-08-11 18:11:00,85.9437,49.5780,2.4917
2026-08-11 18:12:00,85.4736,50.2456,2.5933
2026-08-11 18:13:00,85.3383,50.5979,2.6033
2026-08-11 18:14:00,85.3113,48.7156,2.5266
2026-08-11 18:15:00,85.3187,50.5627,2.6621
2026-08-11 18:16:00,85.6953,49.3467,2.6439
2026-08-11 18:17:00,85.9885,48.5552,2.4318
2026-08-11 18:18:00,86.1684,49.5384,2.7142
2026-08-11 18:19:00,85.6728,49.2039,2.5862
2026-08-11 18:20:00,85.8487,48.0979,2.7306
2026-08-11 18:21:00,85.8708,48.3048,2.8647
2026-08-11 18:22:00,85.7529,50.4578,2.6567
2026-08-11 18:23:00,86.2056,49.3332,2.6054
2026-08-11 18:24:00,86.1348,50.2584,2.8142
2026-08-11 18:25:00,86.1094,48.7024,2.5987
2026-08-11 18:26:00,86.2150,48.3573,2.8780
2026-08-11 18:27:00,86.3325,47.6150,2.6485
2026-08-11 18:28:00,86.3697,49.6993,2.6380
2026-08-11 18:29:00,85.9764,49.2168,2.9431
2026-08-11 18:30:00,86.5365,48.5259,2.7484
2026-08-11 18:31:00,86.3836,48.1816,2.8798
2026-08-11 18:32:00,86.2158,49.6813,2.7203
2026-08-11 18:33:00,86.4553,48.6022,2.7184
2026-08-11 18:34:00,86.5269,48.5752,2.4406
2026-08-11 18:35:00,86.7863,48.1925,2.8392
2026-08-11 18:36:00,86.1859,48.3121,2.7812
2026-08-11 18:37:00,86.9348,49.0433,2.7361
2026-08-11 18:38:00,86.5816,47.4354,2.8108
2026-08-11 18:39:00,86.4597,48.5987,2.7596
2026-08-11 18:40:00,86.4872,49.2645,2.6655
2026-08-11 18:41:00,86.3841,48.3983,2.7999
2026-08-11 18:42:00,86.1982,49.2759,2.7482
2026-08-11 18:43:00,86.9592,49.4716,2.8449
2026-08-11 18:44:00,87.3855,49.0889,2.7460
2026-08-11 18:45:00,86.3407,47.9035,2.7303
2026-08-11 18:46:00,86.5753,48.2724,2.7257
2026-08-11 18:47:00,87.1200,48.5452,2.6944
2026-08-11 18:48:00,86.9145,47.8608,2.7331
2026-08-11 18:49:00,87.2118,47.8025,2.8308
2026-08-11 18:50:00,86.9638,47.7231,2.7148
2026-08-11 18:51:00,86.8526,50.1776,2.6742
2026-08-11 18:52:00,86.9910,47.8952,2.8724
2026-08-11 18:53:00,86.3757,48.9366,2.7812
2026-08-11 18:54:00,86.7785,47.3561,2.8731
2026-08-11 18:55:00,87.4367,49.3834,2.7754
2026-08-11 18:56:00,87.5401,47.6898,2.7412
2026-08-11 18:57:00,87.6342,48.0060,2.6248
2026-08-11 18:58:00,87.3740,46.4688,2.6866
2026-08-11 18:59:00,86.5938,48.7999,2.7126
2026-08-11 19:00:00,87.1085,48.9453,2.8281
2026-08-11 19:01:00,87.7244,46.9013,2.7890
2026-08-11 19:02:00,87.8414,48.7637,2.6970
2026-08-11 19:03:00,87.7903,46.7272,2.5210
2026-08-11 19:04:00,87.3372,48.2762,2.8446
2026-08-11 19:05:00,87.0421,47.5141,2.8852
2026-08-11 19:06:00,87.4474,48.7878,2.8928
2026-08-11 19:07:00,87.4891,47.8928,2.6985
2026-08-11 19:08:00,87.9788,48.4137,2.8961
2026-08-11 19:09:00,87.6015,48.6343,2.8483
2026-08-11 19:10:00,87.5617,47.3871,2.8459
2026-08-11 19:11:00,87.6017,47.5731,2.7267
2026-08-11 19:12:00,87.7221,46.6840,2.7720
2026-08-11 19:13:00,87.8120,47.3101,2.9659
2026-08-11 19:14:00,87.4282,49.0693,2.9478
2026-08-11 19:15:00,87.3491,48.1102,2.7723
2026-08-11 19:16:00,88.0979,46.6483,2.7932
2026-08-11 19:17:00,87.2143,48.7680,2.5513
2026-08-11 19:18:00,88.2172,47.7533,2.8877
2026-08-11 19:19:00,87.1714,48.0861,2.8382
2026-08-11 19:20:00,87.5874,47.7943,2.7943
2026-08-11 19:21:00,88.0720,47.7183,2.6956
2026-08-11 19:22:00,87.7976,45.7654,2.7582
2026-08-11 19:23:00,87.4191,48.2306,2.8938
2026-08-11 19:24:00,87.9580,45.5235,2.7789
2026-08-11 19:25:00,87.8656,48.1222,3.0012
2026-08-11 19:26:00,87.7955,47.3719,2.8143
2026-08-11 19:27:00,87.6875,47.9439,2.6362
2026-08-11 19:28:00,87.8780,47.3861,2.6819
2026-08-11 19:29:00,87.7270,48.0786,2.6466
2026-08-11 19:30:00,88.6446,47.2413,2.7979
2026-08-11 19:31:00,87.8543,47.4383,2.8219
2026-08-11 19:32:00,87.8256,47.5231,2.8724
2026-08-11 19:33:00,87.7862,48.6883,2.6616
2026-08-11 19:34:00,88.4921,47.6523,2.7356
2026-08-11 19:35:00,87.4771,46.1057,2.8107
2026-08-11 19:36:00,88.0859,46.6956,2.8313
2026-08-11 19:37:00,87.9149,47.6133,2.5469
2026-08-11 19:38:00,87.5678,48.1313,2.7254
2026-08-11 19:39:00,87.7566,46.5349,2.5374
2026-08-11 19:40:00,88.1044,48.8941,2.5898
2026-08-11 19:41:00,87.7564,47.2328,2.5125
2026-08-11 19:42:00,88.0994,47.4193,2.5741
2026-08-11 19:43:00,88.5455,46.0707,2.4842
2026-08-11 19:44:00,88.0826,47.9579,2.5038
2026-08-11 19:45:00,87.5995,46.7010,2.5243
2026-08-11 19:46:00,87.7851,46.4535,2.6378
2026-08-11 19:47:00,87.9565,46.7896,2.6035
2026-08-11 19:48:00,87.9389,48.1432,2.4283
2026-08-11 19:49:00,88.0921,47.4036,2.8593
2026-08-11 19:50:00,88.1416,46.3144,2.5288
2026-08-11 19:51:00,88.5678,46.5965,2.4371
2026-08-11 19:52:00,88.0477,48.1441,2.6206
2026-08-11 19:53:00,87.7029,46.8235,2.5542
2026-08-11 19:54:00,88.3938,47.4576,2.4657
2026-08-11 19:55:00,88.4252,47.6505,2.5782
2026-08-11 19:56:00,88.1140,44.2691,2.4641
2026-08-11 19:57:00,87.9679,48.0138,2.4940
2026-08-11 19:58:00,88.2255,46.3191,2.6623
2026-08-11 19:59:00,87.9719,46.7118,2.5202
2026-08-11 20:00:00,87.4144,48.2315,2.5614
2026-08-11 20:01:00,88.1955,48.1578,2.4399
2026-08-11 20:02:00,88.2890,47.3953,2.4996
2026-08-11 20:03:00,88.4480,47.5851,2.3994
2026-08-11 20:04:00,87.7902,47.7865,2.3871
2026-08-11 20:05:00,88.0706,48.1505,2.4196
2026-08-11 20:06:00,88.0699,48.2552,2.3836
2026-08-11 20:07:00,88.0134,47.0987,2.5491
2026-08-11 20:08:00,88.0141,46.4266,2.4955
2026-08-11 20:09:00,87.9820,46.8167,2.2007
2026-08-11 20:10:00,88.0252,47.1274,2.5948
2026-08-11 20:11:00,88.1742,46.9886,2.4789
2026-08-11 20:12:00,88.3079,46.2272,2.5218
2026-08-11 20:13:00,87.7043,47.3928,2.3828
2026-08-11 20:14:00,87.8683,45.7960,2.2431
2026-08-11 20:15:00,87.7816,47.1260,2.2528
2026-08-11 20:16:00,87.7267,47.1852,2.5487
2026-08-11 20:17:00,87.3990,47.1662,2.2081
2026-08-11 20:18:00,87.8781,47.7639,2.2192
2026-08-11 20:19:00,88.0012,47.6672,2.3136
2026-08-11 20:20:00,87.7970,48.8804,2.2115
2026-08-11 20:21:00,87.8266,46.6985,2.3966
2026-08-11 20:22:00,87.9401,47.3470,2.3977
2026-08-11 20:23:00,88.2227,47.3071,2.3714
2026-08-11 20:24:00,87.6579,47.2814,2.2622
2026-08-11 20:25:00,87.4163,46.1473,2.3462
2026-08-11 20:26:00,87.7243,46.2253,2.4896
2026-08-11 20:27:00,88.2997,47.1906,2.1618
2026-08-11 20:28:00,87.3691,45.9385,2.4109
2026-08-11 20:29:00,87.8949,46.9462,2.3743
2026-08-11 20:30:00,88.0292,46.7103,2.2773
2026-08-11 20:31:00,86.9538,47.0052,2.2990
2026-08-11 20:32:00,87.7679,48.1652,2.3127
2026-08-11 20:33:00,87.8067,46.4129,2.1742
2026-08-11 20:34:00,87.5261,47.9881,2.1036
2026-08-11 20:35:00,87.3926,46.8524,2.3526
2026-08-11 20:36:00,87.3892,46.9696,2.1328
2026-08-11 20:37:00,87.4474,47.7175,2.1434
2026-08-11 20:38:00,87.4345,47.1442,2.1968
2026-08-11 20:39:00,87.3568,46.6685,2.2727
2026-08-11 20:40:00,87.3793,47.1057,2.1903
2026-08-11 20:41:00,87.8182,46.0005,2.1640
2026-08-11 20:42:00,87.0746,47.7470,2.3280
2026-08-11 20:43:00,86.8919,44.9813,2.1959
2026-08-11 20:44:00,87.7560,48.1944,2.1461
2026-08-11 20:45:00,87.3135,47.9978,2.2623
2026-08-11 20:46:00,87.2315,48.8088,2.2258
2026-08-11 20:47:00,87.2912,49.2957,2.2201
2026-08-11 20:48:00,87.3637,48.3216,2.2590
2026-08-11 20:49:00,87.1198,47.0943,2.1986
2026-08-11 20:50:00,87.4046,49.3580,2.2947
2026-08-11 20:51:00,86.9398,46.6889,2.0654
2026-08-11 20:52:00,87.1133,46.1464,2.3307
2026-08-11 20:53:00,86.5147,49.1754,2.1137
2026-08-11 20:54:00,87.5057,48.2000,2.0400
2026-08-11 20:55:00,87.0760,46.2438,2.1237
2026-08-11 20:56:00,87.3044,46.6863,2.1667
2026-08-11 20:57:00,87.2208,48.2381,2.1274
2026-08-11 20:58:00,87.2170,47.1279,2.1039
2026-08-11 20:59:00,87.0238,47.2702,2.3012
2026-08-11 21:00:00,87.1165,49.4518,2.1129
2026-08-11 21:01:00,86.6854,49.6252,1.9743
2026-08-11 21:02:00,86.5960,48.0523,2.1654
2026-08-11 21:03:00,86.8905,47.8432,2.4055
2026-08-11 21:04:00,86.6902,48.7146,2.0952
2026-08-11 21:05:00,87.2950,47.5727,2.1126
2026-08-11 21:06:00,86.9530,46.2672,2.1633
2026-08-11 21:07:00,86.5985,45.8725,2.3594
2026-08-11 21:08:00,86.7049,48.0532,2.1706
2026-08-11 21:09:00,86.7991,48.8482,2.1060
2026-08-11 21:10:00,86.7115,48.1865,2.2465
2026-08-11 21:11:00,86.7861,48.8530,2.2412
2026-08-11 21:12:00,86.6978,48.9645,2.2633
2026-08-11 21:13:00,86.2325,49.3774,2.1110
2026-08-11 21:14:00,85.9769,48.4498,2.1635
2026-08-11 21:15:00,86.4826,48.5540,2.3354
2026-08-11 21:16:00,86.7352,48.3366,2.2668
2026-08-11 21:17:00,86.4308,48.1924,2.3101
2026-08-11 21:18:00,86.8828,47.1749,2.2273
2026-08-11 21:19:00,86.4702,49.4037,2.3420
2026-08-11 21:20:00,86.8637,48.1930,2.2695
2026-08-11 21:21:00,86.7745,48.1813,2.1919
2026-08-11 21:22:00,86.7167,48.1352,2.3229
2026-08-11 21:23:00,86.0127,47.5308,2.1653
2026-08-11 21:24:00,86.3513,48.5696,2.4116
2026-08-11 21:25:00,86.6855,49.0863,2.3628
2026-08-11 21:26:00,86.3729,48.1442,2.2376
2026-08-11 21:27:00,86.4301,49.5741,2.2534
2026-08-11 21:28:00,85.8200,48.4851,2.2903
2026-08-11 21:29:00,86.7847,47.5896,2.2651
2026-08-11 21:30:00,85.9444,49.9509,2.4198
2026-08-11 21:31:00,85.5564,49.0471,2.2396
2026-08-11 21:32:00,86.0223,49.6155,2.1490
2026-08-11 21:33:00,85.3664,49.6711,2.2793
2026-08-11 21:34:00,85.7483,48.2417,2.3865
2026-08-11 21:35:00,86.8146,48.6182,2.4188
2026-08-11 21:36:00,85.9064,49.9004,2.3350
2026-08-11 21:37:00,85.5656,50.5785,2.2667
2026-08-11 21:38:00,85.9751,49.1986,2.3322
2026-08-11 21:39:00,85.6720,48.6839,2.2777
2026-08-11 21:40:00,86.1746,50.5694,2.1195
2026-08-11 21:41:00,85.6224,48.7602,2.2716
2026-08-11 21:42:00,85.9447,49.5628,2.4148
2026-08-11 21:43:00,85.4937,48.9957,2.3438
2026-08-11 21:44:00,86.5921,49.5915,2.3471
2026-08-11 21:45:00,85.9382,48.6584,2.4959
2026-08-11 21:46:00,85.7183,49.1536,2.2961
2026-08-11 21:47:00,85.6492,48.9901,2.3132
2026-08-11 21:48:00,85.5463,50.0605,2.4404
2026-08-11 21:49:00,85.4596,49.7001,2.3436
2026-08-11 21:50:00,85.4270,50.3126,2.3507
2026-08-11 21:51:00,86.1430,48.9868,2.5849
2026-08-11 21:52:00,85.4498,49.5197,2.3304
2026-08-11 21:53:00,84.9531,50.2255,2.3721
2026-08-11 21:54:00,85.2187,50.4516,2.4970
2026-08-11 21:55:00,85.8236,48.6472,2.4560
2026-08-11 21:56:00,85.4466,50.0972,2.3313
2026-08-11 21:57:00,85.4594,49.2316,2.6549
2026-08-11 21:58:00,85.8281,50.6489,2.4049
2026-08-11 21:59:00,85.2218,51.4491,2.4676
2026-08-11 22:00:00,85.6227,47.9105,2.5437
2026-08-11 22:01:00,85.2110,49.5145,2.7241
2026-08-11 22:02:00,85.5627,50.2895,2.4747
2026-08-11 22:03:00,85.2514,50.1147,2.4316
2026-08-11 22:04:00,85.2754,50.9087,2.5811
2026-08-11 22:05:00,85.5734,50.2595,2.7480
2026-08-11 22:06:00,85.5314,49.8116,2.5605
2026-08-11 22:07:00,85.2374,49.4582,2.5261
2026-08-11 22:08:00,85.1258,49.3628,2.6015
2026-08-11 22:09:00,85.7276,49.7584,2.3625
2026-08-11 22:10:00,85.4056,49.9395,2.5161
2026-08-11 22:11:00,85.0926,50.7375,2.4027
2026-08-11 22:12:00,84.9955,50.3439,2.5567
2026-08-11 22:13:00,85.4807,49.9873,2.5488
2026-08-11 22:14:00,85.1900,49.7393,2.3438
2026-08-11 22:15:00,85.0888,50.0232,2.6327
2026-08-11 22:16:00,85.1551,50.1725,2.6838
2026-08-11 22:17:00,85.2050,50.0636,2.6098
2026-08-11 22:18:00,85.0701,51.2388,2.4834
2026-08-11 22:19:00,85.4319,51.8329,2.7697
2026-08-11 22:20:00,85.4327,49.8356,2.8397
2026-08-11 22:21:00,85.1988,51.7097,2.6968
2026-08-11 22:22:00,85.4364,51.4066,2.6280
2026-08-11 22:23:00,85.0116,51.0335,2.6358
2026-08-11 22:24:00,85.2016,52.1484,2.7197
2026-08-11 22:25:00,85.2816,50.8281,2.6916
2026-08-11 22:26:00,85.2721,51.3229,2.7323
2026-08-11 22:27:00,85.2276,51.1373,2.7398
2026-08-11 22:28:00,85.1290,51.1146,2.6269
2026-08-11 22:29:00,85.5139,51.4789,2.6242
2026-08-11 22:30:00,84.7523,51.1852,2.6841
2026-08-11 22:31:00,84.8555,51.5571,2.7644
2026-08-11 22:32:00,84.8259,50.6844,2.5670
2026-08-11 22:33:00,84.7683,50.7451,2.7053
2026-08-11 22:34:00,84.2710,50.7520,2.7295
2026-08-11 22:35:00,85.2693,51.0350,2.6893
2026-08-11 22:36:00,84.5387,52.1726,2.8830
2026-08-11 22:37:00,84.8874,51.0271,2.8704
2026-08-11 22:38:00,84.4002,51.9534,2.7932
2026-08-11 22:39:00,85.0036,51.6782,2.9328
2026-08-11 22:40:00,84.5727,51.1469,2.8476
2026-08-11 22:41:00,84.4589,52.5812,2.7771
2026-08-11 22:42:00,84.8497,52.1564,2.7196
2026-08-11 22:43:00,84.5733,51.6023,2.7313
2026-08-11 22:44:00,84.6036,51.5690,2.8121
2026-08-11 22:45:00,84.8202,51.7417,2.7400
2026-08-11 22:46:00,85.0017,50.4756,2.6284
2026-08-11 22:47:00,84.5097,51.0715,2.7447
2026-08-11 22:48:00,84.4516,52.1334,2.8881
2026-08-11 22:49:00,84.7502,50.5286,2.5302
2026-08-11 22:50:00,84.8994,51.2282,2.9301
2026-08-11 22:51:00,85.1713,51.5432,2.8491
2026-08-11 22:52:00,84.4062,54.2109,2.7700
2026-08-11 22:53:00,84.6277,52.4573,2.8237
2026-08-11 22:54:00,85.0717,52.8262,2.8924
2026-08-11 22:55:00,85.3071,51.3339,2.8008
2026-08-11 22:56:00,84.4137,52.2970,2.8932
2026-08-11 22:57:00,84.4868,50.6283,2.8842
2026-08-11 22:58:00,84.8200,51.8006,2.8171
2026-08-11 22:59:00,84.5298,52.4977,2.6888
2026-08-11 23:00:00,84.4732,50.9873,2.7902
2026-08-11 23:01:00,84.7724,52.4634,2.5958
2026-08-11 23:02:00,85.1624,52.5570,2.8442
2026-08-11 23:03:00,84.3035,51.7210,2.7571
2026-08-11 23:04:00,85.1449,51.5616,2.7368
2026-08-11 23:05:00,84.5223,51.6833,2.8630
2026-08-11 23:06:00,84.7982,52.0037,2.6693
2026-08-11 23:07:00,85.1717,52.0531,2.8062
2026-08-11 23:08:00,84.7923,52.7391,2.7595
2026-08-11 23:09:00,84.6061,51.9284,2.7737
2026-08-11 23:10:00,84.9116,53.6618,2.8182
2026-08-11 23:11:00,84.6454,53.6797,2.9700
2026-08-11 23:12:00,84.8552,52.6160,2.8252
2026-08-11 23:13:00,84.6391,52.1742,2.9186
2026-08-11 23:14:00,84.9608,52.0458,2.9196
2026-08-11 23:15:00,84.2864,52.7478,2.8541
2026-08-11 23:16:00,84.4032,52.9094,2.5897
2026-08-11 23:17:00,84.2873,52.3764,2.7468
2026-08-11 23:18:00,84.6961,52.2434,2.6582
2026-08-11 23:19:00,84.2575,52.8604,3.0500
2026-08-11 23:20:00,84.5123,52.6533,2.6594
2026-08-11 23:21:00,84.3914,52.1598,2.6061
2026-08-11 23:22:00,85.1715,52.7269,2.4746
2026-08-11 23:23:00,84.4347,52.1707,2.6436
2026-08-11 23:24:00,84.3504,52.0717,2.7550
2026-08-11 23:25:00,84.8155,52.6866,2.8467
2026-08-11 23:26:00,85.2520,52.2480,2.6261
2026-08-11 23:27:00,84.7163,52.1380,2.8453
2026-08-11 23:28:00,84.7448,53.5772,2.7166
2026-08-11 23:29:00,85.1491,52.4426,2.6691
2026-08-11 23:30:00,85.0311,54.2463,2.7294
2026-08-11 23:31:00,84.9012,53.2877,2.8483
2026-08-11 23:32:00,84.6049,52.1442,2.7059
2026-08-11 23:33:00,84.9227,53.7424,2.5840
2026-08-11 23:34:00,84.3841,52.2546,2.7312
2026-08-11 23:35:00,84.6118,54.4195,2.7234
2026-08-11 23:36:00,85.2352,53.0341,2.6573
2026-08-11 23:37:00,85.2032,53.2991,2.7721
2026-08-11 23:38:00,84.9510,52.9012,2.4345
2026-08-11 23:39:00,84.2481,53.1001,2.6925
2026-08-11 23:40:00,84.4718,52.7145,2.7284
2026-08-11 23:41:00,84.6379,52.1670,2.4983
2026-08-11 23:42:00,84.7978,53.1888,2.4879
2026-08-11 23:43:00,84.4819,53.7459,2.7290
2026-08-11 23:44:00,84.7910,51.9819,2.7395
2026-08-11 23:45:00,85.4030,54.1747,2.7508
2026-08-11 23:46:00,85.0011,53.4307,2.5382
2026-08-11 23:47:00,84.9546,52.6071,2.6202
2026-08-11 23:48:00,84.5919,52.5992,2.6260
2026-08-11 23:49:00,84.4138,54.4603,2.4145
2026-08-11 23:50:00,84.5454,53.7253,2.5934
2026-08-11 23:51:00,84.4184,53.8912,2.5839
2026-08-11 23:52:00,84.9533,52.7827,2.6369
2026-08-11 23:53:00,85.0545,53.4318,2.4975
2026-08-11 23:54:00,84.6583,53.2703,2.6720
2026-08-11 23:55:00,85.0009,52.8539,2.5472
2026-08-11 23:56:00,85.4059,53.0833,2.7023
2026-08-11 23:57:00,85.5612,53.8857,2.5982
2026-08-11 23:58:00,85.2137,54.2786,2.5435
2026-08-11 23:59:00,84.9388,52.7985,2.3897
2026-08-12 00:00:00,85.2214,51.9496,2.3680
2026-08-12 00:01:00,85.4143,54.3146,2.6522
2026-08-12 00:02:00,84.4153,54.3239,2.5721
2026-08-12 00:03:00,85.4708,53.3180,2.4480
2026-08-12 00:04:00,84.8715,54.4300,2.4270
2026-08-12 00:05:00,84.8830,53.2557,2.4830
2026-08-12 00:06:00,84.9456,52.2635,2.3186
2026-08-12 00:07:00,85.1567,51.9377,2.3986
2026-08-12 00:08:00,84.7359,51.9262,2.4989
2026-08-12 00:09:00,84.9923,52.9829,2.5046
2026-08-12 00:10:00,85.2437,52.6013,2.3855
2026-08-12 00:11:00,85.1601,52.5059,2.5748
2026-08-12 00:12:00,85.2171,52.8775,2.5118
2026-08-12 00:13:00,85.0138,53.6430,2.3230
2026-08-12 00:14:00,85.3273,52.5122,2.2649
2026-08-12 00:15:00,85.4441,52.3700,2.4447
2026-08-12 00:16:00,85.4340,52.5496,2.3330
2026-08-12 00:17:00,85.2712,53.6628,2.3068
2026-08-12 00:18:00,85.4323,52.8611,2.3861
2026-08-12 00:19:00,85.4196,53.1316,2.4288
2026-08-12 00:20:00,85.9687,54.1402,2.4292
2026-08-12 00:21:00,85.5385,55.1620,2.3488
2026-08-12 00:22:00,85.1537,53.3888,2.1072
2026-08-12 00:23:00,84.9139,53.2981,2.4255
2026-08-12 00:24:00,85.1159,51.9055,2.2431
2026-08-12 00:25:00,85.1015,53.1356,2.3482
2026-08-12 00:26:00,85.3611,52.8775,2.2990
2026-08-12 00:27:00,85.0040,53.5284,2.5296
2026-08-12 00:28:00,85.5780,52.4873,2.5051
2026-08-12 00:29:00,84.8096,52.9470,2.2475
2026-08-12 00:30:00,84.7426,53.2558,2.1534
2026-08-12 00:31:00,85.1975,54.2752,2.1557
2026-08-12 00:32:00,84.9908,53.9917,2.3042
2026-08-12 00:33:00,84.8715,53.7373,2.2179
2026-08-12 00:34:00,85.0629,53.2895,2.1557
2026-08-12 00:35:00,85.0305,52.3456,2.2096
2026-08-12 00:36:00,85.2667,53.2543,2.3024
2026-08-12 00:37:00,85.0820,52.0371,2.2449
2026-08-12 00:38:00,85.1106,52.4715,2.2002
2026-08-12 00:39:00,85.2749,54.0402,2.2085
2026-08-12 00:40:00,85.5844,53.0285,2.2240
2026-08-12 00:41:00,85.7249,52.7598,2.2586
2026-08-12 00:42:00,85.3313,52.8425,2.2608
2026-08-12 00:43:00,85.3577,52.4621,2.0644
2026-08-12 00:44:00,85.2378,50.7914,2.2426
2026-08-12 00:45:00,85.4397,51.4829,2.1866
2026-08-12 00:46:00,85.4146,52.9662,2.1185
2026-08-12 00:47:00,85.6973,51.7135,2.1799
2026-08-12 00:48:00,84.7346,52.3410,2.3303
2026-08-12 00:49:00,85.2323,51.4218,2.2932
2026-08-12 00:50:00,85.4056,51.8051,2.2199
2026-08-12 00:51:00,85.2968,52.3525,2.1186
2026-08-12 00:52:00,85.0235,53.0705,2.0706
2026-08-12 00:53:00,84.9157,53.2060,2.1108
2026-08-12 00:54:00,85.5474,51.6935,2.2049
2026-08-12 00:55:00,85.0782,52.5009,2.2059
2026-08-12 00:56:00,84.7781,51.0891,2.1365
2026-08-12 00:57:00,85.5607,52.2481,2.2887
2026-08-12 00:58:00,85.4401,52.9388,2.2389
2026-08-12 00:59:00,85.2661,52.0953,1.9350
2026-08-12 01:00:00,85.0247,53.1739,2.2109
2026-08-12 01:01:00,85.2628,52.7629,2.2757
2026-08-12 01:02:00,85.6590,52.2581,2.2207
2026-08-12 01:03:00,84.8071,51.8366,2.2591
2026-08-12 01:04:00,84.8192,51.5799,2.1753
2026-08-12 01:05:00,85.0965,50.8117,2.1960
2026-08-12 01:06:00,85.2730,50.9122,2.1993
2026-08-12 01:07:00,85.1280,52.7143,2.2234
2026-08-12 01:08:00,85.4652,53.0989,2.1486
2026-08-12 01:09:00,85.5942,50.9925,2.3175
2026-08-12 01:10:00,85.3460,51.8808,2.3525
2026-08-12 01:11:00,85.4250,50.5354,2.1593
2026-08-12 01:12:00,85.3326,50.9819,2.0978
2026-08-12 01:13:00,85.2477,51.9393,2.0827
2026-08-12 01:14:00,84.8502,51.2843,2.2604
2026-08-12 01:15:00,84.9230,50.1338,2.2816
2026-08-12 01:16:00,84.8188,53.0090,2.2669
2026-08-12 01:17:00,85.1720,51.5615,2.2787
2026-08-12 01:18:00,85.2783,50.6840,2.1759
2026-08-12 01:19:00,84.7655,51.6363,2.0373
2026-08-12 01:20:00,85.2134,51.4353,2.1905
2026-08-12 01:21:00,84.9201,51.8033,2.4096
2026-08-12 01:22:00,84.8525,51.1596,2.2749
2026-08-12 01:23:00,84.9760,51.6483,2.2952
2026-08-12 01:24:00,84.8174,52.1169,2.3478
2026-08-12 01:25:00,85.3251,50.2723,2.1780
2026-08-12 01:26:00,85.0819,50.7369,2.2892
2026-08-12 01:27:00,85.3658,51.9274,2.3231
2026-08-12 01:28:00,84.9767,50.7791,2.1838
2026-08-12 01:29:00,84.9762,51.1189,2.3188
2026-08-12 01:30:00,85.6478,50.7717,2.4174
2026-08-12 01:31:00,84.5864,50.7853,2.2534
2026-08-12 01:32:00,85.4458,50.6808,2.1270
2026-08-12 01:33:00,85.5436,50.0314,2.3224
2026-08-12 01:34:00,85.2634,51.3688,2.2455
2026-08-12 01:35:00,84.9206,51.8142,2.3355
2026-08-12 01:36:00,85.4336,50.7859,2.2394
2026-08-12 01:37:00,84.8944,51.6492,2.3362
2026-08-12 01:38:00,84.7642,50.4592,2.4593
2026-08-12 01:39:00,84.8442,50.3742,2.3405
2026-08-12 01:40:00,84.7741,51.1050,2.1851
2026-08-12 01:41:00,84.6452,51.0804,2.3944
2026-08-12 01:42:00,85.2459,50.6101,2.3658
2026-08-12 01:43:00,84.6643,51.2034,2.3922
2026-08-12 01:44:00,84.8705,49.5942,2.4753
2026-08-12 01:45:00,84.4291,50.3421,2.3327
2026-08-12 01:46:00,84.8539,51.3186,2.3637
2026-08-12 01:47:00,84.4800,51.2777,2.2969
2026-08-12 01:48:00,84.4544,51.1381,2.4266
2026-08-12 01:49:00,84.7573,51.2471,2.4315
2026-08-12 01:50:00,85.0883,50.0935,2.3964
2026-08-12 01:51:00,84.8842,48.9885,2.5047
2026-08-12 01:52:00,84.8854,50.1066,2.3340
2026-08-12 01:53:00,84.6740,50.7833,2.4580
2026-08-12 01:54:00,84.5923,50.8749,2.5132
2026-08-12 01:55:00,84.9100,49.7752,2.4066
2026-08-12 01:56:00,84.4831,49.3826,2.3313
2026-08-12 01:57:00,84.8816,49.4230,2.3069
2026-08-12 01:58:00,84.9809,49.6436,2.4998
2026-08-12 01:59:00,84.3363,48.5216,2.6615
2026-08-12 02:00:00,84.3587,49.5783,2.4390
2026-08-12 02:01:00,84.3813,49.9990,2.5530
2026-08-12 02:02:00,84.0827,49.8432,2.2732
2026-08-12 02:03:00,84.3596,49.6180,2.5609
2026-08-12 02:04:00,84.8681,49.2916,2.4225
2026-08-12 02:05:00,84.1410,49.3455,2.4998
2026-08-12 02:06:00,84.8291,49.3205,2.5548
2026-08-12 02:07:00,84.2781,50.2899,2.3886
2026-08-12 02:08:00,85.0186,49.6857,2.8769
2026-08-12 02:09:00,84.1560,52.1809,2.5095
2026-08-12 02:10:00,84.2933,49.3426,2.6383
2026-08-12 02:11:00,84.0391,49.9198,2.7345
2026-08-12 02:12:00,84.0813,49.2827,2.6220
2026-08-12 02:13:00,84.6644,49.2245,2.4774
2026-08-12 02:14:00,84.3804,50.7032,2.6178
2026-08-12 02:15:00,84.5215,50.2128,2.4310
2026-08-12 02:16:00,83.7929,47.9725,2.5889
2026-08-12 02:17:00,84.3586,48.5199,2.7968
2026-08-12 02:18:00,83.8451,49.1907,2.4951
2026-08-12 02:19:00,83.7095,48.8478,2.5607
2026-08-12 02:20:00,84.1564,48.0169,2.8354
2026-08-12 02:21:00,84.1273,49.2783,2.6393
2026-08-12 02:22:00,84.0485,47.6455,2.5740
2026-08-12 02:23:00,84.2213,49.2118,2.7088
2026-08-12 02:24:00,84.2416,49.6569,2.6295
2026-08-12 02:25:00,84.3938,49.7339,2.4110
2026-08-12 02:26:00,83.5691,48.8831,2.5528
2026-08-12 02:27:00,84.3499,50.1703,2.9005
2026-08-12 02:28:00,84.4370,49.1902,2.7336
2026-08-12 02:29:00,83.7354,49.5650,2.8529
2026-08-12 02:30:00,83.3176,48.2629,2.6092
2026-08-12 02:31:00,83.3759,50.0331,2.7121
2026-08-12 02:32:00,83.6251,48.7774,2.7061
2026-08-12 02:33:00,84.3405,50.0054,2.6734
2026-08-12 02:34:00,83.7139,49.7950,2.7542
2026-08-12 02:35:00,83.4962,48.8792,2.6265
2026-08-12 02:36:00,83.4482,48.9626,2.8637
2026-08-12 02:37:00,83.2294,48.4592,2.7940
2026-08-12 02:38:00,83.8610,47.9132,2.7342
2026-08-12 02:39:00,83.5434,49.0103,2.7691
2026-08-12 02:40:00,84.1734,48.9352,2.7296
2026-08-12 02:41:00,83.7042,47.1712,2.5913
2026-08-12 02:42:00,83.7371,48.3663,2.6682
2026-08-12 02:43:00,83.3879,49.0936,2.7528
2026-08-12 02:44:00,83.1056,49.5387,2.7388
2026-08-12 02:45:00,83.1433,48.9135,2.8419
2026-08-12 02:46:00,82.9670,47.0870,2.8361
2026-08-12 02:47:00,83.6234,47.4250,2.7268
2026-08-12 02:48:00,83.2073,47.9598,2.6896
2026-08-12 02:49:00,83.5812,49.3241,2.8631
2026-08-12 02:50:00,83.3089,47.6881,2.8087
2026-08-12 02:51:00,83.1530,48.9896,2.7296
2026-08-12 02:52:00,82.8628,47.6135,2.6792
2026-08-12 02:53:00,83.2770,48.5078,2.7274
2026-08-12 02:54:00,83.0939,47.2996,2.8355
2026-08-12 02:55:00,83.4033,47.8669,2.9661
2026-08-12 02:56:00,82.8912,47.0873,2.7772
2026-08-12 02:57:00,83.2640,49.1181,2.7158
2026-08-12 02:58:00,83.5449,47.3791,3.0153
2026-08-12 02:59:00,83.1080,46.6689,2.7627
2026-08-12 03:00:00,83.2356,46.5776,2.7206
2026-08-12 03:01:00,83.1455,47.7827,2.7592
2026-08-12 03:02:00,83.5174,47.4574,2.7539
2026-08-12 03:03:00,83.0336,48.3160,2.9261
2026-08-12 03:04:00,83.1066,47.5825,2.6310
2026-08-12 03:05:00,82.8603,48.6773,2.8569
2026-08-12 03:06:00,82.6136,47.4104,2.7952
2026-08-12 03:07:00,82.4585,48.5147,2.7393
2026-08-12 03:08:00,83.1762,46.9065,2.7599
2026-08-12 03:09:00,82.4690,46.4414,2.7666
2026-08-12 03:10:00,82.9709,46.9613,2.7986
2026-08-12 03:11:00,82.8478,46.6932,2.7425
2026-08-12 03:12:00,82.9744,46.5804,2.7788
2026-08-12 03:13:00,82.5210,47.8810,2.7051
2026-08-12 03:14:00,82.4148,47.3162,2.9983
2026-08-12 03:15:00,82.7424,47.6190,2.8781
2026-08-12 03:16:00,82.5183,47.9060,2.8229
2026-08-12 03:17:00,82.2141,46.1143,2.7264
2026-08-12 03:18:00,83.1427,47.8980,2.8494
2026-08-12 03:19:00,82.3017,46.4576,2.7936
2026-08-12 03:20:00,82.2193,46.9405,2.7717
2026-08-12 03:21:00,82.4233,45.8688,2.7025
2026-08-12 03:22:00,82.8507,47.8872,2.7791
2026-08-12 03:23:00,81.8040,45.9938,2.9156
2026-08-12 03:24:00,82.7846,46.3669,2.7508
2026-08-12 03:25:00,82.1400,46.4073,2.7116
2026-08-12 03:26:00,82.4731,47.1892,2.7431
2026-08-12 03:27:00,82.1715,47.1482,2.7325
2026-08-12 03:28:00,82.9528,47.9089,2.6682
2026-08-12 03:29:00,82.3739,47.1600,2.6435
2026-08-12 03:30:00,82.1057,48.0010,2.7915
2026-08-12 03:31:00,82.2099,47.5170,2.8270
2026-08-12 03:32:00,82.3095,46.4429,2.9273
2026-08-12 03:33:00,82.3187,46.6517,2.7407
2026-08-12 03:34:00,82.3802,48.3805,2.7005
2026-08-12 03:35:00,82.2318,48.1412,2.7728
2026-08-12 03:36:00,81.8031,47.8061,2.5855
2026-08-12 03:37:00,82.0985,47.8993,2.7342
2026-08-12 03:38:00,82.3675,47.4956,2.7673
2026-08-12 03:39:00,81.9698,47.3807,2.7592
2026-08-12 03:40:00,82.3583,47.1420,2.8167
2026-08-12 03:41:00,82.1521,48.4514,2.5833
2026-08-12 03:42:00,82.0638,46.7112,2.5870
2026-08-12 03:43:00,82.4744,47.2662,2.6076
2026-08-12 03:44:00,81.5822,45.6989,2.5105
2026-08-12 03:45:00,81.8890,45.9131,2.6686
2026-08-12 03:46:00,82.4497,48.5024,2.6750
2026-08-12 03:47:00,82.6179,47.5368,2.6563
2026-08-12 03:48:00,82.7440,46.8668,2.6076
2026-08-12 03:49:00,82.0631,47.0937,2.6858
2026-08-12 03:50:00,82.1757,45.9392,2.6352
2026-08-12 03:51:00,82.2743,46.6783,2.5098
2026-08-12 03:52:00,82.4029,45.8499,2.2674
2026-08-12 03:53:00,82.1061,46.7763,2.5216
2026-08-12 03:54:00,82.2823,47.5535,2.5508
2026-08-12 03:55:00,82.1352,47.3691,2.5439
2026-08-12 03:56:00,82.1472,48.2754,2.5134
2026-08-12 03:57:00,81.7088,47.2381,2.4699
2026-08-12 03:58:00,81.8799,45.0182,2.4310
2026-08-12 03:59:00,81.8167,48.5608,2.4046
2026-08-12 04:00:00,81.6122,46.3274,2.5435
2026-08-12 04:01:00,81.4693,47.1299,2.6010
2026-08-12 04:02:00,81.8342,47.0825,2.3592
2026-08-12 04:03:00,81.8790,47.1950,2.4703
2026-08-12 04:04:00,81.9872,47.0426,2.5475
2026-08-12 04:05:00,82.1205,47.0590,2.4420
2026-08-12 04:06:00,82.0088,45.9519,2.5247
2026-08-12 04:07:00,81.8744,49.0822,2.5532
2026-08-12 04:08:00,81.6766,47.5376,2.4771
2026-08-12 04:09:00,82.2145,47.0623,2.3804
2026-08-12 04:10:00,81.9216,48.4992,2.5539
2026-08-12 04:11:00,81.8234,46.1735,2.3880
2026-08-12 04:12:00,81.8994,47.7316,2.3806
2026-08-12 04:13:00,81.7380,46.5992,2.4513
2026-08-12 04:14:00,81.8016,47.3721,2.3623
2026-08-12 04:15:00,81.7957,47.3972,2.3628
2026-08-12 04:16:00,81.8823,45.1964,2.3406
2026-08-12 04:17:00,82.1700,45.9286,2.3528
2026-08-12 04:18:00,82.1006,48.3520,2.3835
2026-08-12 04:19:00,82.4483,46.8906,2.1596
2026-08-12 04:20:00,82.3542,48.7035,2.3402
2026-08-12 04:21:00,82.5846,48.1607,2.1668
2026-08-12 04:22:00,82.1729,46.9473,2.2959
2026-08-12 04:23:00,82.1762,46.8881,2.3639
2026-08-12 04:24:00,81.8757,48.4656,2.2909
2026-08-12 04:25:00,82.2790,48.8416,2.3877
2026-08-12 04:26:00,81.8441,46.9428,2.3460
2026-08-12 04:27:00,81.6102,48.4160,2.0896
2026-08-12 04:28:00,82.5201,48.0233,2.4191
2026-08-12 04:29:00,81.6990,48.1756,2.3185
2026-08-12 04:30:00,82.2174,47.3093,2.2309
2026-08-12 04:31:00,81.8343,46.7057,2.2354
2026-08-12 04:32:00,82.4496,46.4159,2.0686
2026-08-12 04:33:00,82.5042,46.2322,2.2937
2026-08-12 04:34:00,82.2984,48.8210,2.3320
2026-08-12 04:35:00,82.5284,47.3181,2.1940
2026-08-12 04:36:00,82.1722,46.4112,2.1668
2026-08-12 04:37:00,82.8562,48.1470,2.2668
2026-08-12 04:38:00,82.4263,46.9805,2.3679
2026-08-12 04:39:00,81.9494,46.8617,2.3533
2026-08-12 04:40:00,82.2581,49.0563,2.3231
2026-08-12 04:41:00,82.2097,46.3572,2.4384
2026-08-12 04:42:00,82.1990,47.6301,2.3251
2026-08-12 04:43:00,81.7963,46.9901,2.3449
2026-08-12 04:44:00,82.4293,46.8836,2.2346
2026-08-12 04:45:00,81.9179,46.3345,2.1882
2026-08-12 04:46:00,81.5969,47.5753,2.3334
2026-08-12 04:47:00,82.2727,46.8510,2.1191
2026-08-12 04:48:00,82.1711,48.0461,2.2571
2026-08-12 04:49:00,82.1619,47.5586,2.1516
2026-08-12 04:50:00,81.5124,47.3698,2.2441
2026-08-12 04:51:00,82.2116,46.9492,2.2351
2026-08-12 04:52:00,82.4387,48.8131,2.2229
2026-08-12 04:53:00,82.3251,48.2820,2.2033
2026-08-12 04:54:00,82.6566,47.1737,2.2569
2026-08-12 04:55:00,82.9837,46.6571,2.2718
2026-08-12 04:56:00,82.7469,46.2602,2.0618
2026-08-12 04:57:00,82.9264,48.7069,2.1964
2026-08-12 04:58:00,82.9782,48.5512,2.1586
2026-08-12 04:59:00,82.3673,48.6884,2.2195
2026-08-12 05:00:00,82.8327,47.7824,2.1584
2026-08-12 05:01:00,83.0279,48.5514,2.3276
2026-08-12 05:02:00,82.6275,48.7567,2.1936
2026-08-12 05:03:00,82.5505,47.9078,2.2996
2026-08-12 05:04:00,82.9766,47.7061,2.1064
2026-08-12 05:05:00,82.4033,47.2409,2.1745
2026-08-12 05:06:00,82.5521,48.3926,2.1422
2026-08-12 05:07:00,82.7096,48.5291,2.2444
2026-08-12 05:08:00,83.0764,47.7868,2.0881
2026-08-12 05:09:00,83.0389,47.9117,2.0374
2026-08-12 05:10:00,83.3154,47.9999,2.1477
2026-08-12 05:11:00,82.7620,48.8380,2.2685
2026-08-12 05:12:00,82.7792,47.1372,2.1337
2026-08-12 05:13:00,83.2626,47.3844,2.2438
2026-08-12 05:14:00,82.8999,47.4322,2.1552
2026-08-12 05:15:00,82.9929,48.2145,2.0476
2026-08-12 05:16:00,82.6518,48.6183,2.3111
2026-08-12 05:17:00,83.3313,47.5441,2.2942
2026-08-12 05:18:00,83.7420,49.1597,2.2287
2026-08-12 05:19:00,83.0067,49.6362,2.2406
2026-08-12 05:20:00,83.6583,48.8310,2.2194
2026-08-12 05:21:00,83.3706,49.4324,2.1410
2026-08-12 05:22:00,82.8957,47.8364,2.3790
2026-08-12 05:23:00,83.1943,47.8901,2.2427
2026-08-12 05:24:00,83.2133,49.0497,2.2935
2026-08-12 05:25:00,83.4433,48.6424,2.2121
2026-08-12 05:26:00,83.7023,47.9939,2.3111
2026-08-12 05:27:00,84.1697,49.8841,2.3864
2026-08-12 05:28:00,83.2245,49.0188,2.2937
2026-08-12 05:29:00,83.5475,49.3775,2.3184
2026-08-12 05:30:00,83.4636,48.3125,2.3757
2026-08-12 05:31:00,83.3916,50.2323,2.3642
2026-08-12 05:32:00,83.8406,48.8002,2.4037
2026-08-12 05:33:00,83.8526,49.7769,2.3373
2026-08-12 05:34:00,83.3484,48.5323,2.3432
2026-08-12 05:35:00,83.9386,49.1706,2.3413
2026-08-12 05:36:00,83.6125,49.5192,2.4101
2026-08-12 05:37:00,84.0187,50.7067,2.2869
2026-08-12 05:38:00,84.4373,48.7962,2.3897
2026-08-12 05:39:00,84.2369,49.3477,2.5730
2026-08-12 05:40:00,84.1929,49.6970,2.3859
2026-08-12 05:41:00,84.0229,48.1297,2.2371
2026-08-12 05:42:00,84.2437,47.5602,2.3348
2026-08-12 05:43:00,84.4348,48.5412,2.4329
2026-08-12 05:44:00,84.4474,50.1500,2.3109
2026-08-12 05:45:00,84.3210,50.7879,2.2874
2026-08-12 05:46:00,84.4586,48.7149,2.2546
2026-08-12 05:47:00,84.0412,48.5186,2.3790
2026-08-12 05:48:00,84.2588,50.7585,2.5685
2026-08-12 05:49:00,84.7344,49.1172,2.3617
2026-08-12 05:50:00,84.8178,49.3110,2.5099
2026-08-12 05:51:00,84.6365,50.8147,2.4021
2026-08-12 05:52:00,85.0954,50.7222,2.3989
2026-08-12 05:53:00,84.8475,50.4727,2.4970
2026-08-12 05:54:00,84.6686,48.3954,2.2997
2026-08-12 05:55:00,84.4161,48.7970,2.6278
2026-08-12 05:56:00,85.2572,50.7394,2.5224
2026-08-12 05:57:00,85.1002,50.1365,2.5816
2026-08-12 05:58:00,85.4522,49.2993,2.4585
2026-08-12 05:59:00,85.6064,49.6851,2.5418
2026-08-12 06:00:00,81.6874,50.8888,2.5933
2026-08-12 06:01:00,81.7318,51.2614,2.4988
2026-08-12 06:02:00,81.3017,50.0738,2.4284
2026-08-12 06:03:00,82.4798,49.5682,2.4292
2026-08-12 06:04:00,82.4448,49.9366,2.4891
2026-08-12 06:05:00,82.3208,51.2707,2.5619
2026-08-12 06:06:00,81.9671,51.2942,2.5306
2026-08-12 06:07:00,82.3516,50.4299,2.5057
2026-08-12 06:08:00,82.4771,49.8900,2.6302
2026-08-12 06:09:00,82.6998,51.2188,2.5239
2026-08-12 06:10:00,82.5901,51.6899,2.5179
2026-08-12 06:11:00,82.7505,49.2677,2.6791
2026-08-12 06:12:00,82.5571,50.2834,2.6478
2026-08-12 06:13:00,82.9917,51.4328,2.4776
2026-08-12 06:14:00,82.8696,50.6056,2.4744
2026-08-12 06:15:00,82.3666,50.1944,2.5040
2026-08-12 06:16:00,83.1820,50.7719,2.6190
2026-08-12 06:17:00,83.1753,50.9587,2.7470
2026-08-12 06:18:00,82.9895,49.7989,2.7809
2026-08-12 06:19:00,82.9761,50.8111,2.7182
2026-08-12 06:20:00,83.4314,51.0703,2.8413
2026-08-12 06:21:00,82.4855,50.4216,2.6769
2026-08-12 06:22:00,83.3893,50.2285,2.7743
2026-08-12 06:23:00,82.9154,50.4593,2.6128
2026-08-12 06:24:00,83.4279,50.1503,2.5207
2026-08-12 06:25:00,83.1764,51.6448,2.6518
2026-08-12 06:26:00,82.8080,50.2145,2.6763
2026-08-12 06:27:00,83.0724,51.1896,2.9533
2026-08-12 06:28:00,83.5680,50.7757,2.7007
2026-08-12 06:29:00,83.2384,50.5467,2.6047
2026-08-12 06:30:00,83.1546,52.2451,2.8086
2026-08-12 06:31:00,83.1920,51.0796,2.6417
2026-08-12 06:32:00,83.6123,50.6847,2.7373
2026-08-12 06:33:00,83.9836,50.6439,2.8159
2026-08-12 06:34:00,82.8547,51.5628,2.6400
2026-08-12 06:35:00,84.3754,51.9881,2.8898
2026-08-12 06:36:00,83.6343,52.3786,2.8554
2026-08-12 06:37:00,83.7848,51.2627,2.7826
2026-08-12 06:38:00,83.5172,51.2493,2.9268
2026-08-12 06:39:00,83.6840,51.5706,2.7176
2026-08-12 06:40:00,83.7794,51.6337,2.8392
2026-08-12 06:41:00,83.4432,50.9162,2.7915
2026-08-12 06:42:00,83.5522,52.7374,2.7035
2026-08-12 06:43:00,84.1848,51.6186,2.7100
2026-08-12 06:44:00,83.3989,52.0617,2.9772
2026-08-12 06:45:00,84.0318,52.0063,2.8831
2026-08-12 06:46:00,83.8228,52.0224,2.8690
2026-08-12 06:47:00,83.6798,50.9282,2.7203
2026-08-12 06:48:00,84.5932,51.7582,2.8561
2026-08-12 06:49:00,83.7485,53.6196,2.7508
2026-08-12 06:50:00,83.7287,53.0960,2.9596
2026-08-12 06:51:00,84.0441,51.9829,2.9130
2026-08-12 06:52:00,83.9016,51.5945,2.8854
2026-08-12 06:53:00,84.1657,50.1441,2.8768
2026-08-12 06:54:00,84.2416,51.5505,2.7875
2026-08-12 06:55:00,84.2961,51.9153,2.8462
2026-08-12 06:56:00,84.2188,51.7535,2.9525
2026-08-12 06:57:00,84.0751,51.8383,2.8457
2026-08-12 06:58:00,84.5082,52.5630,2.7155
2026-08-12 06:59:00,84.3105,51.2931,2.9254
2026-08-12 07:00:00,84.2238,52.3394,2.7321
2026-08-12 07:01:00,84.8445,52.0607,2.7969
2026-08-12 07:02:00,84.3916,51.4703,2.7522
2026-08-12 07:03:00,84.7826,53.5423,2.5382
2026-08-12 07:04:00,84.8495,52.8277,2.8159
2026-08-12 07:05:00,84.8938,51.6264,3.0147
2026-08-12 07:06:00,84.7404,52.6950,2.8283
2026-08-12 07:07:00,84.5579,51.1950,3.0913
2026-08-12 07:08:00,84.5634,51.8007,2.7781
2026-08-12 07:09:00,84.5334,53.4180,2.8139
2026-08-12 07:10:00,83.9801,52.6613,2.7794
2026-08-12 07:11:00,84.8688,52.6207,2.7937
2026-08-12 07:12:00,84.7489,53.2166,2.8223
2026-08-12 07:13:00,84.9452,52.9389,2.9338
2026-08-12 07:14:00,84.6839,52.2595,2.6962
2026-08-12 07:15:00,84.9393,53.2435,2.7780
2026-08-12 07:16:00,84.3470,51.1648,2.8356
2026-08-12 07:17:00,84.4293,52.0032,2.8988
2026-08-12 07:18:00,84.0564,52.4804,2.5515
2026-08-12 07:19:00,84.7777,53.0164,2.6238
2026-08-12 07:20:00,84.6045,52.3381,2.7639
2026-08-12 07:21:00,84.5829,51.1902,2.8677
2026-08-12 07:22:00,84.9714,51.0969,2.7035
2026-08-12 07:23:00,84.7599,52.6005,2.8141
2026-08-12 07:24:00,84.4736,52.2908,2.9405
2026-08-12 07:25:00,85.6823,51.9626,2.7390
2026-08-12 07:26:00,84.9227,51.8459,2.7103
2026-08-12 07:27:00,84.6232,52.8315,2.7753
2026-08-12 07:28:00,84.7609,53.7824,2.7409
2026-08-12 07:29:00,84.9231,52.8635,2.7431
2026-08-12 07:30:00,84.9351,53.8241,2.6940
2026-08-12 07:31:00,85.3904,52.4872,2.6808
2026-08-12 07:32:00,84.9874,53.1555,2.6003
2026-08-12 07:33:00,85.5787,53.8962,2.7562
2026-08-12 07:34:00,84.9028,52.7016,2.5848
2026-08-12 07:35:00,85.1702,52.8616,2.6009
2026-08-12 07:36:00,85.3581,52.5536,2.5565
2026-08-12 07:37:00,85.4187,53.3391,2.6373
2026-08-12 07:38:00,85.4618,53.5983,2.6660
2026-08-12 07:39:00,84.9942,53.1684,2.5468
2026-08-12 07:40:00,85.0811,52.7142,2.6234
2026-08-12 07:41:00,84.3453,51.7079,2.6593
2026-08-12 07:42:00,85.0362,52.8784,2.4793
2026-08-12 07:43:00,85.4276,52.7725,2.5532
2026-08-12 07:44:00,85.3740,53.1232,2.8025
2026-08-12 07:45:00,85.0831,53.0358,2.5439
2026-08-12 07:46:00,85.6224,54.2077,2.6784
2026-08-12 07:47:00,85.0004,52.3995,2.5494
2026-08-12 07:48:00,84.9032,51.7029,2.6127
2026-08-12 07:49:00,84.9795,52.0549,2.5055
2026-08-12 07:50:00,84.7846,52.4674,2.3875
2026-08-12 07:51:00,85.3088,53.8448,2.5259
2026-08-12 07:52:00,85.2088,51.9458,2.6066
2026-08-12 07:53:00,85.3050,52.0564,2.6225
2026-08-12 07:54:00,84.9968,53.3219,2.5612
2026-08-12 07:55:00,85.1023,53.6730,2.4614
2026-08-12 07:56:00,84.4642,51.7565,2.6234
2026-08-12 07:57:00,85.2281,51.5800,2.4513
2026-08-12 07:58:00,85.1419,52.3697,2.4496
2026-08-12 07:59:00,84.7785,53.5256,2.4098
2026-08-12 08:00:00,85.0731,53.1146,2.4577
2026-08-12 08:01:00,85.0226,52.3998,2.4626
2026-08-12 08:02:00,85.6241,53.5905,2.5136
2026-08-12 08:03:00,84.7707,53.0971,2.3412
2026-08-12 08:04:00,85.1823,52.9098,2.4226
2026-08-12 08:05:00,84.7490,51.7021,2.3808
2026-08-12 08:06:00,84.9016,52.3743,2.4958
2026-08-12 08:07:00,85.1443,54.5530,2.4756
2026-08-12 08:08:00,84.9896,52.7145,2.3347
2026-08-12 08:09:00,85.0425,52.2138,2.4792
2026-08-12 08:10:00,85.1349,52.6685,2.4171
2026-08-12 08:11:00,84.8773,53.0642,2.4941
2026-08-12 08:12:00,85.2805,53.6697,2.3427
2026-08-12 08:13:00,84.9130,53.4535,2.4589
2026-08-12 08:14:00,84.9642,52.4085,2.4790
2026-08-12 08:15:00,85.0903,53.9596,2.3921
2026-08-12 08:16:00,85.0379,53.5862,2.5878
2026-08-12 08:17:00,85.1505,52.5699,2.4200
2026-08-12 08:18:00,85.0394,52.8146,2.5401
2026-08-12 08:19:00,85.0716,53.3882,2.6090
2026-08-12 08:20:00,84.8194,53.7575,2.1827
2026-08-12 08:21:00,84.5821,51.6724,2.4584
2026-08-12 08:22:00,84.4597,52.9328,2.3882
2026-08-12 08:23:00,84.3716,52.8402,2.3544
2026-08-12 08:24:00,85.3861,52.3967,2.2576
2026-08-12 08:25:00,84.1774,52.3801,2.2282
2026-08-12 08:26:00,85.1830,53.6714,2.2059
2026-08-12 08:27:00,84.5618,53.2423,2.5275
2026-08-12 08:28:00,85.1468,54.4860,2.3480
2026-08-12 08:29:00,84.1125,52.3306,2.1576
2026-08-12 08:30:00,84.6848,52.8813,2.1826
2026-08-12 08:31:00,85.1732,53.0041,2.0799
2026-08-12 08:32:00,84.9322,53.4575,2.3962
2026-08-12 08:33:00,84.5980,53.8112,2.2764
2026-08-12 08:34:00,84.0969,52.7826,2.3178
2026-08-12 08:35:00,84.2632,51.8148,2.2622
2026-08-12 08:36:00,85.0566,52.1043,2.3521
2026-08-12 08:37:00,84.5149,52.7691,2.2131
2026-08-12 08:38:00,84.5771,53.5347,2.2779
2026-08-12 08:39:00,84.6626,51.4604,2.2716
2026-08-12 08:40:00,84.1652,51.6621,2.1242
2026-08-12 08:41:00,84.6566,53.1839,2.1641
2026-08-12 08:42:00,84.3865,51.5230,2.2024
2026-08-12 08:43:00,84.5781,51.6372,2.2613
2026-08-12 08:44:00,84.2940,53.4252,2.3648
2026-08-12 08:45:00,83.9726,52.3174,2.2344
2026-08-12 08:46:00,84.2932,52.2341,2.2112
2026-08-12 08:47:00,84.5903,53.5446,2.2482
2026-08-12 08:48:00,84.4926,51.5767,2.1990
2026-08-12 08:49:00,84.3597,51.3926,2.2101
2026-08-12 08:50:00,84.5957,53.6834,2.3618
2026-08-12 08:51:00,84.2409,52.5426,2.1860
2026-08-12 08:52:00,84.2942,52.8752,2.2327
2026-08-12 08:53:00,84.1086,52.0577,2.1405
2026-08-12 08:54:00,84.5145,52.1959,2.3298
2026-08-12 08:55:00,84.2897,51.6925,2.1114
2026-08-12 08:56:00,84.0098,52.4839,2.1945
2026-08-12 08:57:00,83.7046,52.8681,2.2992
2026-08-12 08:58:00,84.4570,52.3329,2.1138
2026-08-12 08:59:00,83.8763,52.9976,2.2869
2026-08-12 09:00:00,84.0951,52.6512,1.9951
2026-08-12 09:01:00,84.7530,51.2546,2.0909
2026-08-12 09:02:00,84.2612,51.9493,2.1910
2026-08-12 09:03:00,84.4776,51.6777,2.4419
2026-08-12 09:04:00,83.8062,52.6101,2.2162
2026-08-12 09:05:00,84.2621,52.3473,2.2192
2026-08-12 09:06:00,83.9219,52.0503,2.3185
2026-08-12 09:07:00,83.9967,52.7292,2.0964
2026-08-12 09:08:00,84.4661,50.3954,1.9032
2026-08-12 09:09:00,83.7490,51.3748,2.3817
2026-08-12 09:10:00,83.8111,51.4117,2.2707
2026-08-12 09:11:00,83.5071,51.9964,2.1678
2026-08-12 09:12:00,84.0172,52.2056,2.2204
2026-08-12 09:13:00,83.5550,51.7304,2.3224
2026-08-12 09:14:00,84.0025,50.6473,2.2070
2026-08-12 09:15:00,83.1731,51.9921,2.2373
2026-08-12 09:16:00,83.8051,51.7364,2.4295
2026-08-12 09:17:00,83.4198,50.4259,2.1049
2026-08-12 09:18:00,83.8045,51.3312,2.2844
2026-08-12 09:19:00,83.5536,51.8331,2.1142
2026-08-12 09:20:00,83.3694,52.8226,2.3965
2026-08-12 09:21:00,83.3864,50.5946,2.2735
2026-08-12 09:22:00,83.2197,52.0636,2.1797
2026-08-12 09:23:00,83.6985,50.5357,2.1027
2026-08-12 09:24:00,83.1050,50.3455,2.2223
2026-08-12 09:25:00,83.3120,50.3576,2.2806
2026-08-12 09:26:00,83.4682,51.7755,2.3827
2026-08-12 09:27:00,83.8212,51.3599,2.1625
2026-08-12 09:28:00,83.3070,50.9685,2.1946
2026-08-12 09:29:00,83.2098,51.5505,2.2327
2026-08-12 09:30:00,83.3374,51.1807,2.2103
2026-08-12 09:31:00,82.6061,51.2001,2.2420
2026-08-12 09:32:00,82.8415,50.8323,2.2047
2026-08-12 09:33:00,83.0615,50.2163,2.3469
2026-08-12 09:34:00,82.9334,52.3545,2.2629
2026-08-12 09:35:00,82.6403,52.0847,2.3185
2026-08-12 09:36:00,83.3512,52.1992,2.3541
2026-08-12 09:37:00,83.1453,50.4582,2.1921
2026-08-12 09:38:00,83.0831,50.3065,2.3960
2026-08-12 09:39:00,82.8066,50.4828,2.3642
2026-08-12 09:40:00,83.0125,51.6357,2.3710
2026-08-12 09:41:00,83.1170,50.7383,2.3435
2026-08-12 09:42:00,82.8574,50.2658,2.3368
2026-08-12 09:43:00,83.0447,50.9532,2.3762
2026-08-12 09:44:00,82.6470,50.0346,2.3875
2026-08-12 09:45:00,82.8898,49.5010,2.2672
2026-08-12 09:46:00,83.1782,50.6501,2.5500
2026-08-12 09:47:00,83.1801,50.0952,2.3303
2026-08-12 09:48:00,83.1841,50.4583,2.4140
2026-08-12 09:49:00,82.8470,48.2826,2.5313
2026-08-12 09:50:00,82.7465,49.6779,2.3882
2026-08-12 09:51:00,82.5783,50.3166,2.4537
2026-08-12 09:52:00,82.1468,49.1005,2.2185
2026-08-12 09:53:00,82.2619,49.0886,2.2471
2026-08-12 09:54:00,82.5915,50.2664,2.4505
2026-08-12 09:55:00,82.5863,50.7575,2.4798
2026-08-12 09:56:00,83.0195,49.4436,2.5793
2026-08-12 09:57:00,82.9675,49.9081,2.5566
2026-08-12 09:58:00,82.3447,49.8873,2.3251
2026-08-12 09:59:00,82.7739,48.7894,2.6190
2026-08-12 10:00:00,82.3633,50.9471,2.3809
2026-08-12 10:01:00,82.6896,49.8144,2.5941
2026-08-12 10:02:00,82.7052,49.7837,2.4705
2026-08-12 10:03:00,82.8148,50.1806,2.7951
2026-08-12 10:04:00,82.2736,48.5950,2.4723
2026-08-12 10:05:00,82.7051,50.5397,2.5318
2026-08-12 10:06:00,81.8186,50.6051,2.5628
2026-08-12 10:07:00,82.7493,49.8379,2.5304
2026-08-12 10:08:00,82.3332,50.0562,2.4627
2026-08-12 10:09:00,82.3202,49.3865,2.7904
2026-08-12 10:10:00,81.6910,50.2991,2.5166
2026-08-12 10:11:00,82.1668,48.9112,2.5206
2026-08-12 10:12:00,82.6715,49.5048,2.5818
2026-08-12 10:13:00,82.1187,49.5138,2.6195
2026-08-12 10:14:00,82.4429,49.4223,2.5390
2026-08-12 10:15:00,82.2216,50.2700,2.7102
2026-08-12 10:16:00,82.5128,51.1268,2.6373
2026-08-12 10:17:00,82.2346,49.2500,2.6312
2026-08-12 10:18:00,81.8810,49.6760,2.6920
2026-08-12 10:19:00,82.1612,48.6196,2.5583
2026-08-12 10:20:00,82.6087,50.0491,2.5915
2026-08-12 10:21:00,82.2620,48.7717,2.6545
2026-08-12 10:22:00,82.0625,51.6641,2.7564
2026-08-12 10:23:00,82.7593,47.7738,2.6455
2026-08-12 10:24:00,82.4157,50.7909,2.6446
2026-08-12 10:25:00,82.2987,49.8287,2.4718
2026-08-12 10:26:00,82.1350,48.1008,2.6194
2026-08-12 10:27:00,82.2453,50.8172,2.5298
2026-08-12 10:28:00,82.2419,48.1822,2.5606
2026-08-12 10:29:00,81.3453,48.6369,2.7431
2026-08-12 10:30:00,82.1061,47.8147,3.0440
2026-08-12 10:31:00,81.9273,48.6986,2.7370
2026-08-12 10:32:00,81.8137,48.7376,2.7562
2026-08-12 10:33:00,81.8936,49.4080,2.6521
2026-08-12 10:34:00,81.4743,50.6591,2.6283
2026-08-12 10:35:00,81.3890,48.2628,2.9436
2026-08-12 10:36:00,82.2939,46.4359,2.6622
2026-08-12 10:37:00,82.0485,49.1220,2.5472
2026-08-12 10:38:00,81.1763,48.1283,2.7762
2026-08-12 10:39:00,81.7179,49.9889,2.7128
2026-08-12 10:40:00,82.1460,48.4723,2.8194
2026-08-12 10:41:00,81.7892,47.8588,2.9204
2026-08-12 10:42:00,82.2384,47.6221,2.8042
2026-08-12 10:43:00,82.1718,48.8975,2.7935
2026-08-12 10:44:00,81.4423,48.1459,2.8400
2026-08-12 10:45:00,81.7991,49.5075,3.0476
2026-08-12 10:46:00,81.7008,48.1323,3.0079
2026-08-12 10:47:00,81.4119,49.4003,2.7512
2026-08-12 10:48:00,81.3862,47.1325,2.8803
2026-08-12 10:49:00,81.5748,46.8141,2.9663
2026-08-12 10:50:00,81.6188,48.8371,2.8591
2026-08-12 10:51:00,81.8909,47.7712,2.7851
2026-08-12 10:52:00,82.1143,47.9012,2.7437
2026-08-12 10:53:00,81.9507,47.2719,2.8048
2026-08-12 10:54:00,82.0175,47.1833,2.6823
2026-08-12 10:55:00,81.7086,48.5305,2.8870
2026-08-12 10:56:00,81.9660,47.9775,2.9374
2026-08-12 10:57:00,81.7374,47.1154,2.7594
2026-08-12 10:58:00,81.6467,48.5674,2.7545
2026-08-12 10:59:00,82.3457,48.8466,2.6943
2026-08-12 11:00:00,84.0018,47.7916,2.8467
2026-08-12 11:01:00,84.1371,48.6537,2.7988
2026-08-12 11:02:00,84.8124,47.0224,2.6552
2026-08-12 11:03:00,84.6168,48.2588,3.0906
2026-08-12 11:04:00,84.2643,47.9000,2.6205
2026-08-12 11:05:00,84.3784,47.1112,2.6535
2026-08-12 11:06:00,84.4171,49.3612,2.8903
2026-08-12 11:07:00,84.9621,47.8797,2.8607
2026-08-12 11:08:00,85.0584,47.1959,2.7220
2026-08-12 11:09:00,85.1872,47.6597,2.7138
2026-08-12 11:10:00,84.2195,46.9242,2.8356
2026-08-12 11:11:00,84.2872,46.6707,2.8255
2026-08-12 11:12:00,84.2681,47.2134,2.7149
2026-08-12 11:13:00,85.0871,47.2447,2.8822
2026-08-12 11:14:00,84.8276,46.8843,2.8373
2026-08-12 11:15:00,84.7288,48.5065,2.9108
2026-08-12 11:16:00,84.7761,46.8714,2.7691
2026-08-12 11:17:00,84.6930,46.7170,2.8518
2026-08-12 11:18:00,84.3767,46.4935,2.7445
2026-08-12 11:19:00,84.8703,46.3962,2.8178
2026-08-12 11:20:00,84.6640,48.2239,2.7956
2026-08-12 11:21:00,84.3635,47.5890,2.8406
2026-08-12 11:22:00,84.8999,47.9158,2.8036
2026-08-12 11:23:00,84.6042,48.1598,2.5584
2026-08-12 11:24:00,84.8046,47.0603,2.6801
2026-08-12 11:25:00,84.7036,48.4872,2.7463
2026-08-12 11:26:00,85.0134,46.7907,2.7798
2026-08-12 11:27:00,84.8171,46.3990,2.8106
2026-08-12 11:28:00,84.4913,47.5583,2.7778
2026-08-12 11:29:00,84.8585,47.3593,2.6471
2026-08-12 11:30:00,84.8740,47.3427,2.8039
2026-08-12 11:31:00,84.9269,48.0258,2.6256
2026-08-12 11:32:00,85.0904,47.2842,2.8271
2026-08-12 11:33:00,84.6011,47.4359,2.8278
2026-08-12 11:34:00,84.9927,48.2598,2.6878
2026-08-12 11:35:00,84.2815,47.3726,2.6178
2026-08-12 11:36:00,84.7697,47.5422,2.6067
2026-08-12 11:37:00,84.7302,46.0008,2.5605
2026-08-12 11:38:00,85.2541,50.0989,2.5711
2026-08-12 11:39:00,84.7800,45.8400,2.6387
2026-08-12 11:40:00,85.0167,46.6708,2.5941
2026-08-12 11:41:00,84.3132,46.6367,2.4822
2026-08-12 11:42:00,84.7438,48.7693,2.5878
2026-08-12 11:43:00,84.6032,46.5935,2.6384
2026-08-12 11:44:00,85.6075,47.4191,2.5881
2026-08-12 11:45:00,84.6728,46.6074,2.5253
2026-08-12 11:46:00,84.9028,46.2182,2.3684
2026-08-12 11:47:00,84.9270,47.4996,2.7147
2026-08-12 11:48:00,84.4203,46.4618,2.5887
2026-08-12 11:49:00,84.7477,47.1971,2.6173
2026-08-12 11:50:00,85.0353,47.5270,2.5957
2026-08-12 11:51:00,84.9480,48.5462,2.6198
2026-08-12 11:52:00,84.2406,46.0067,2.5864
2026-08-12 11:53:00,84.7692,46.8903,2.5645
2026-08-12 11:54:00,85.2541,46.9201,2.6233
2026-08-12 11:55:00,85.1330,47.0072,2.6369
2026-08-12 11:56:00,85.3306,49.0592,2.6697
2026-08-12 11:57:00,84.6782,46.8636,2.4403
2026-08-12 11:58:00,85.3668,44.9846,2.5406
2026-08-12 11:59:00,84.9780,46.8415,2.3473
2026-08-12 12:00:00,85.4777,46.9053,2.4519
2026-08-12 12:01:00,85.0097,46.8074,2.4724
2026-08-12 12:02:00,84.4032,46.4261,2.5584
2026-08-12 12:03:00,85.2809,45.9453,2.4647
2026-08-12 12:04:00,84.9018,48.7317,2.5359
2026-08-12 12:05:00,84.9306,47.2611,2.4263
2026-08-12 12:06:00,84.6162,46.8555,2.3953
2026-08-12 12:07:00,85.5474,48.7147,2.3651
2026-08-12 12:08:00,84.9129,46.3215,2.5067
2026-08-12 12:09:00,85.5502,47.5027,2.3921
2026-08-12 12:10:00,84.9568,46.0264,2.1797
2026-08-12 12:11:00,84.8162,47.6317,2.4784
2026-08-12 12:12:00,85.4987,46.1293,2.3144
2026-08-12 12:13:00,85.0890,47.4197,2.4192
2026-08-12 12:14:00,85.1001,48.6128,2.2796
2026-08-12 12:15:00,84.7427,47.1324,2.3867
2026-08-12 12:16:00,84.9978,45.3115,2.0909
2026-08-12 12:17:00,85.2715,47.1026,2.3675
2026-08-12 12:18:00,84.7609,47.4673,2.2763
2026-08-12 12:19:00,84.9965,47.8131,2.2301
2026-08-12 12:20:00,85.0396,48.2811,2.4264
2026-08-12 12:21:00,85.1930,48.3323,2.3314
2026-08-12 12:22:00,85.6242,47.0188,2.3122
2026-08-12 12:23:00,85.0974,46.6074,2.2576
2026-08-12 12:24:00,84.9871,46.2520,2.4131
2026-08-12 12:25:00,86.0250,46.7272,2.2739
2026-08-12 12:26:00,85.0777,47.5533,2.4600
2026-08-12 12:27:00,85.1569,46.1065,2.4281
2026-08-12 12:28:00,85.1130,46.4578,2.4418
2026-08-12 12:29:00,85.1434,47.6634,2.3903
2026-08-12 12:30:00,85.2557,46.7112,2.2272
2026-08-12 12:31:00,85.5143,47.5396,2.2876
2026-08-12 12:32:00,85.3648,46.6079,2.2567
2026-08-12 12:33:00,85.5721,47.5058,2.3557
2026-08-12 12:34:00,85.5673,46.6747,2.2658
2026-08-12 12:35:00,85.3215,45.7878,2.2377
2026-08-12 12:36:00,85.3765,48.0917,2.4231
2026-08-12 12:37:00,85.6007,46.7883,2.2200
2026-08-12 12:38:00,84.9390,47.1646,2.1860
2026-08-12 12:39:00,86.0258,46.8296,2.2040
2026-08-12 12:40:00,85.1264,47.8375,2.3473
2026-08-12 12:41:00,85.1784,47.6883,2.2551
2026-08-12 12:42:00,84.9234,47.8758,2.2785
2026-08-12 12:43:00,84.9353,47.0232,2.2528
2026-08-12 12:44:00,85.5850,47.4442,2.0066
2026-08-12 12:45:00,85.9764,47.8392,2.1160
2026-08-12 12:46:00,85.1274,48.7638,2.1920
2026-08-12 12:47:00,85.4037,47.7953,2.2487
2026-08-12 12:48:00,85.3673,46.7703,2.1163
2026-08-12 12:49:00,85.6028,47.8106,2.1108
2026-08-12 12:50:00,85.9694,47.4879,2.1790
2026-08-12 12:51:00,85.7610,46.0451,2.3409
2026-08-12 12:52:00,85.2337,46.1924,1.9913
2026-08-12 12:53:00,85.4642,47.6403,1.9399
2026-08-12 12:54:00,85.4940,47.7330,2.3772
2026-08-12 12:55:00,85.2992,47.5087,2.0495
2026-08-12 12:56:00,84.9758,48.4779,2.1611
2026-08-12 12:57:00,85.0641,47.0489,2.0508
2026-08-12 12:58:00,85.6469,46.7149,2.1702
2026-08-12 12:59:00,85.6763,47.1905,2.1865
2026-08-12 13:00:00,85.2368,47.3909,2.3611
2026-08-12 13:01:00,85.3752,47.8601,2.2722
2026-08-12 13:02:00,85.6535,47.2968,2.0721
2026-08-12 13:03:00,84.7802,46.2502,2.0101
2026-08-12 13:04:00,85.1544,45.9372,2.2516
2026-08-12 13:05:00,85.8902,48.1205,2.1506
2026-08-12 13:06:00,85.3708,47.1484,2.1314
2026-08-12 13:07:00,84.9381,46.4774,2.3235
2026-08-12 13:08:00,85.3076,48.6120,2.0309
2026-08-12 13:09:00,85.5740,49.3789,2.1717
2026-08-12 13:10:00,84.4984,48.0981,2.2733
2026-08-12 13:11:00,85.3098,48.4198,2.0943
2026-08-12 13:12:00,85.1393,48.4582,2.3445
2026-08-12 13:13:00,84.7522,46.4180,2.1160
2026-08-12 13:14:00,85.2628,49.0117,2.2129
2026-08-12 13:15:00,85.1904,49.3252,2.1535
2026-08-12 13:16:00,85.2169,49.8355,1.9519
2026-08-12 13:17:00,85.1120,48.0491,2.1872
2026-08-12 13:18:00,84.9022,47.5244,2.3119
2026-08-12 13:19:00,84.7638,49.5530,2.1329
2026-08-12 13:20:00,84.9844,48.8991,2.1774
2026-08-12 13:21:00,85.4404,49.2339,2.1926
2026-08-12 13:22:00,85.2432,48.0509,2.3020
2026-08-12 13:23:00,85.1428,48.8204,2.2168
2026-08-12 13:24:00,84.8416,47.7953,2.2596
2026-08-12 13:25:00,85.0309,48.6689,2.2656
2026-08-12 13:26:00,85.3535,48.4302,2.2145
2026-08-12 13:27:00,85.2727,50.6189,2.4408
2026-08-12 13:28:00,84.9666,49.2187,2.1745
2026-08-12 13:29:00,84.3145,47.0942,2.3527
2026-08-12 13:30:00,84.8833,48.8507,2.4154
2026-08-12 13:31:00,84.9285,49.1829,2.2797
2026-08-12 13:32:00,84.7883,48.5457,2.3053
2026-08-12 13:33:00,84.9232,48.0794,2.3582
2026-08-12 13:34:00,85.2786,49.5270,2.2741
2026-08-12 13:35:00,85.0085,48.2666,2.1278
2026-08-12 13:36:00,85.3024,49.5333,2.2987
2026-08-12 13:37:00,84.5384,48.2737,2.4947
2026-08-12 13:38:00,84.8845,48.7208,2.3935
2026-08-12 13:39:00,84.3790,49.9506,2.3510
2026-08-12 13:40:00,84.8171,49.6149,2.4256
2026-08-12 13:41:00,84.6155,49.2867,2.3424
2026-08-12 13:42:00,85.2973,49.2757,2.3668
2026-08-12 13:43:00,85.0193,49.4104,2.3277
2026-08-12 13:44:00,85.1839,48.7430,2.4257
2026-08-12 13:45:00,84.7334,48.2014,2.3316
2026-08-12 13:46:00,84.5387,49.9086,2.3610
2026-08-12 13:47:00,84.5113,50.7160,2.4878
2026-08-12 13:48:00,84.8882,50.0141,2.3879
2026-08-12 13:49:00,85.3331,49.7729,2.4713
2026-08-12 13:50:00,84.8949,48.6416,2.4871
2026-08-12 13:51:00,84.6397,50.3491,2.4223
2026-08-12 13:52:00,84.6761,50.0715,2.4027
2026-08-12 13:53:00,84.7036,50.3336,2.3134
2026-08-12 13:54:00,85.3010,50.5917,2.3434
2026-08-12 13:55:00,85.0428,51.0726,2.5218
2026-08-12 13:56:00,84.7301,48.9512,2.5277
2026-08-12 13:57:00,84.6641,48.8510,2.3775
2026-08-12 13:58:00,84.6999,50.0400,2.5239
2026-08-12 13:59:00,84.7370,49.2227,2.5138
2026-08-12 14:00:00,84.4430,49.1234,2.5936
2026-08-12 14:01:00,84.2918,51.0153,2.7244
2026-08-12 14:02:00,84.8325,49.2713,2.5732
2026-08-12 14:03:00,84.5070,50.1089,2.4545
2026-08-12 14:04:00,84.7623,48.8519,2.6057
2026-08-12 14:05:00,84.9486,50.2466,2.4350
2026-08-12 14:06:00,84.5877,51.1816,2.7691
2026-08-12 14:07:00,84.5156,51.2450,2.4320
2026-08-12 14:08:00,85.3445,51.1496,2.6062
2026-08-12 14:09:00,84.4227,50.2899,2.5702
2026-08-12 14:10:00,84.0093,51.2808,2.5363
2026-08-12 14:11:00,84.2278,50.7745,2.5375
2026-08-12 14:12:00,84.7531,50.1181,2.7289
2026-08-12 14:13:00,83.8747,50.8134,2.6568
2026-08-12 14:14:00,84.0123,51.2552,2.5923
2026-08-12 14:15:00,84.5448,49.5231,2.7880
2026-08-12 14:16:00,84.1061,49.7754,2.6102
2026-08-12 14:17:00,84.1291,50.5472,2.7026
2026-08-12 14:18:00,84.4585,49.7229,2.5022
2026-08-12 14:19:00,83.8957,49.7496,2.5144
2026-08-12 14:20:00,83.6442,50.4400,2.7210
2026-08-12 14:21:00,83.6420,51.6079,2.6876
2026-08-12 14:22:00,84.2070,51.6306,2.8781
2026-08-12 14:23:00,84.0838,51.1465,2.5994
2026-08-12 14:24:00,83.7718,51.0713,2.7439
2026-08-12 14:25:00,83.6053,52.6343,2.6581
2026-08-12 14:26:00,83.8450,50.5699,2.7736
2026-08-12 14:27:00,84.2343,51.2312,2.7717
2026-08-12 14:28:00,83.6216,50.6039,2.6980
2026-08-12 14:29:00,83.6465,50.0817,2.6325
2026-08-12 14:30:00,83.4610,52.0960,2.6782
2026-08-12 14:31:00,83.6807,50.9401,2.6063
2026-08-12 14:32:00,83.8650,51.7761,2.7594
2026-08-12 14:33:00,84.3708,51.0591,2.4472
2026-08-12 14:34:00,83.7742,52.2888,2.6750
2026-08-12 14:35:00,83.6652,50.5291,2.8284
2026-08-12 14:36:00,83.9127,52.2931,2.8307
2026-08-12 14:37:00,83.8351,52.1122,2.5860
2026-08-12 14:38:00,83.4254,49.9958,2.8099
2026-08-12 14:39:00,84.2617,51.0524,2.6417
2026-08-12 14:40:00,83.5361,52.3167,2.7220
2026-08-12 14:41:00,83.5867,52.8437,2.8402
2026-08-12 14:42:00,83.6536,52.1399,2.6698
2026-08-12 14:43:00,83.5643,51.2836,2.9135
2026-08-12 14:44:00,83.8905,50.8592,2.7998
2026-08-12 14:45:00,83.2284,52.1200,2.8234
2026-08-12 14:46:00,83.6128,51.3584,2.8878
2026-08-12 14:47:00,83.3997,51.4246,2.8718
2026-08-12 14:48:00,83.6176,51.5840,2.8656
2026-08-12 14:49:00,83.2309,52.5004,2.7219
2026-08-12 14:50:00,83.1630,53.2714,2.6787
2026-08-12 14:51:00,83.4604,52.6788,2.7635
2026-08-12 14:52:00,83.3210,51.8956,2.8409
2026-08-12 14:53:00,82.9404,51.1990,2.6664
2026-08-12 14:54:00,83.5632,52.4824,2.8546
2026-08-12 14:55:00,83.3524,53.3104,2.8349
2026-08-12 14:56:00,83.0836,52.8102,2.7802
2026-08-12 14:57:00,82.9387,52.2026,2.8052
2026-08-12 14:58:00,83.1619,51.6739,2.8061
2026-08-12 14:59:00,83.2244,52.3695,2.8441
2026-08-12 15:00:00,82.5218,53.0450,2.8746
2026-08-12 15:01:00,83.0866,52.3348,3.0870
2026-08-12 15:02:00,83.1437,52.0934,2.8165
2026-08-12 15:03:00,82.2164,51.6532,2.7347
2026-08-12 15:04:00,82.9554,54.3010,2.6077
2026-08-12 15:05:00,83.0796,51.5428,2.6566
2026-08-12 15:06:00,83.0202,51.4945,2.7206
2026-08-12 15:07:00,83.0617,52.4378,2.8639
2026-08-12 15:08:00,82.6978,52.1699,2.7540
2026-08-12 15:09:00,82.4595,53.1746,2.8324
2026-08-12 15:10:00,82.2072,53.2257,2.7166
2026-08-12 15:11:00,83.0507,51.4323,2.8332
2026-08-12 15:12:00,82.9100,51.8226,2.8726
2026-08-12 15:13:00,83.0260,51.7496,2.7426
2026-08-12 15:14:00,82.4345,53.1000,2.8236
2026-08-12 15:15:00,82.8700,52.8371,2.7331
2026-08-12 15:16:00,82.1552,52.2188,2.6509
2026-08-12 15:17:00,82.3226,52.7103,2.8261
2026-08-12 15:18:00,82.5989,51.6569,2.8086
2026-08-12 15:19:00,82.7380,51.9842,2.8230
2026-08-12 15:20:00,83.0211,51.5581,2.8554
2026-08-12 15:21:00,82.4239,52.7339,2.7309
2026-08-12 15:22:00,82.2151,52.7498,2.7341
2026-08-12 15:23:00,82.1789,51.8675,2.7187
2026-08-12 15:24:00,82.2272,53.0100,2.7772
2026-08-12 15:25:00,83.0798,53.5363,2.7241
2026-08-12 15:26:00,82.6208,51.8834,2.7457
2026-08-12 15:27:00,82.7080,52.4634,2.6561
2026-08-12 15:28:00,82.2835,53.1515,2.6202
2026-08-12 15:29:00,82.3360,52.7513,2.6267
2026-08-12 15:30:00,82.5279,51.6740,2.7538
2026-08-12 15:31:00,82.1484,52.4338,2.7022
2026-08-12 15:32:00,82.1952,52.4216,2.6514
2026-08-12 15:33:00,82.0630,52.6782,2.7612
2026-08-12 15:34:00,82.1144,52.7257,2.8346
2026-08-12 15:35:00,82.2469,54.0936,2.6332
2026-08-12 15:36:00,81.9697,52.6864,2.5679
2026-08-12 15:37:00,82.2864,51.4906,2.7644
2026-08-12 15:38:00,82.2708,52.9494,2.6649
2026-08-12 15:39:00,82.1170,54.2856,2.6384
2026-08-12 15:40:00,81.9082,52.7641,2.7518
2026-08-12 15:41:00,82.1741,52.5572,2.6169
2026-08-12 15:42:00,81.9777,52.6730,2.6759
2026-08-12 15:43:00,82.1301,53.3933,2.6452
2026-08-12 15:44:00,82.4331,52.6869,2.9465
2026-08-12 15:45:00,81.7157,51.7299,2.6014
2026-08-12 15:46:00,82.7320,52.4123,2.7012
2026-08-12 15:47:00,82.0471,52.9049,2.5751
2026-08-12 15:48:00,82.1817,53.3916,2.6377
2026-08-12 15:49:00,81.8222,52.5028,2.5656
2026-08-12 15:50:00,82.3810,52.7374,2.6572
2026-08-12 15:51:00,81.9914,53.0151,2.5605
2026-08-12 15:52:00,81.9022,52.3616,2.6127
2026-08-12 15:53:00,81.8395,52.9140,2.4791
2026-08-12 15:54:00,81.9239,53.3645,2.4673
2026-08-12 15:55:00,82.1228,52.0444,2.3510
2026-08-12 15:56:00,82.0424,53.2411,2.5679
2026-08-12 15:57:00,81.9724,52.1254,2.4586
2026-08-12 15:58:00,81.7653,52.1427,2.7353
2026-08-12 15:59:00,81.7428,52.4695,2.4606
2026-08-12 16:00:00,81.8306,54.0923,2.6246
2026-08-12 16:01:00,82.1029,51.6276,2.6066
2026-08-12 16:02:00,82.1599,52.6278,2.4597
2026-08-12 16:03:00,82.1973,52.9765,2.4028
2026-08-12 16:04:00,81.9553,53.9296,2.4552
2026-08-12 16:05:00,82.0688,54.5519,2.5743
2026-08-12 16:06:00,81.9018,52.6531,2.6816
2026-08-12 16:07:00,81.4288,53.4189,2.3218
2026-08-12 16:08:00,81.8864,52.9079,2.4391
2026-08-12 16:09:00,81.8388,52.8984,2.3695
2026-08-12 16:10:00,81.6404,53.1930,2.3862
2026-08-12 16:11:00,81.7833,51.7006,2.5855
2026-08-12 16:12:00,81.9959,52.9248,2.3303
2026-08-12 16:13:00,81.6179,53.3173,2.2391
2026-08-12 16:14:00,81.7476,52.2620,2.4127
2026-08-12 16:15:00,82.4288,53.3083,2.4232
2026-08-12 16:16:00,81.4877,51.5517,2.3359
2026-08-12 16:17:00,81.9183,53.0009,2.3027
2026-08-12 16:18:00,81.6286,53.9909,2.3798
2026-08-12 16:19:00,81.7588,52.7328,2.2219
2026-08-12 16:20:00,81.9314,52.1152,2.3922
2026-08-12 16:21:00,81.7014,51.7473,2.3085
2026-08-12 16:22:00,82.1774,53.1889,2.4753
2026-08-12 16:23:00,82.4186,53.6075,2.3619
2026-08-12 16:24:00,82.2744,52.8083,2.3083
2026-08-12 16:25:00,82.3385,52.4698,2.2944
2026-08-12 16:26:00,81.6270,51.2832,2.1178
2026-08-12 16:27:00,81.9784,52.9138,2.2928
2026-08-12 16:28:00,82.2025,52.2493,2.2789
2026-08-12 16:29:00,82.3351,52.2810,2.2986
2026-08-12 16:30:00,82.6118,54.0648,2.2688
2026-08-12 16:31:00,82.4191,51.3151,2.4252
2026-08-12 16:32:00,82.3805,51.4064,2.2502
2026-08-12 16:33:00,82.9154,52.9095,2.1875
2026-08-12 16:34:00,82.1685,52.3995,2.1004
2026-08-12 16:35:00,82.0678,52.2756,2.2174
2026-08-12 16:36:00,82.2232,52.8911,2.1526
2026-08-12 16:37:00,81.9114,52.8597,2.1230
2026-08-12 16:38:00,82.2228,51.8575,2.2172
2026-08-12 16:39:00,81.7015,52.1441,2.3580
2026-08-12 16:40:00,82.0784,52.6377,2.3337
2026-08-12 16:41:00,82.2208,52.7119,2.1082
2026-08-12 16:42:00,82.5590,52.9445,2.2364
2026-08-12 16:43:00,82.6267,52.0707,2.2715
2026-08-12 16:44:00,82.0241,52.7937,2.2844
2026-08-12 16:45:00,82.9564,53.2547,2.3832
2026-08-12 16:46:00,82.3990,52.5099,2.1030
2026-08-12 16:47:00,82.4479,52.3677,2.1286
2026-08-12 16:48:00,81.9125,52.2386,2.1484
2026-08-12 16:49:00,82.2343,51.9099,2.2490
2026-08-12 16:50:00,82.7583,51.6297,1.9380
2026-08-12 16:51:00,82.5178,52.1174,2.1854
2026-08-12 16:52:00,82.5232,52.6921,2.0283
2026-08-12 16:53:00,82.5835,51.5952,2.2048
2026-08-12 16:54:00,82.1074,52.2209,2.4107
2026-08-12 16:55:00,82.5370,52.1024,2.2927
2026-08-12 16:56:00,83.0145,53.6517,2.0790
2026-08-12 16:57:00,82.9445,52.7812,2.1591
2026-08-12 16:58:00,82.6079,52.7414,2.1114
2026-08-12 16:59:00,83.1421,52.8849,2.3296
2026-08-12 17:00:00,82.3232,51.6848,1.9798
2026-08-12 17:01:00,82.4379,53.1948,2.1562
2026-08-12 17:02:00,83.3174,52.1924,2.1308
2026-08-12 17:03:00,82.9611,52.0007,2.0836
2026-08-12 17:04:00,82.7308,51.0356,2.3675
2026-08-12 17:05:00,82.8312,51.6567,2.0459
2026-08-12 17:06:00,82.6365,50.5356,2.0843
2026-08-12 17:07:00,82.9926,51.7198,2.3646
2026-08-12 17:08:00,83.0005,51.4269,2.1966
2026-08-12 17:09:00,82.9792,51.5386,2.1907
2026-08-12 17:10:00,82.6578,50.7175,2.1477
2026-08-12 17:11:00,83.1180,52.3579,2.2121
2026-08-12 17:12:00,82.9130,52.2374,2.1718
2026-08-12 17:13:00,82.8097,53.0833,2.1437
2026-08-12 17:14:00,83.5196,53.0284,2.0798
2026-08-12 17:15:00,83.8249,51.7917,2.2269
2026-08-12 17:16:00,83.7916,52.4526,2.1662
2026-08-12 17:17:00,83.4390,51.8099,2.1823
2026-08-12 17:18:00,83.1999,51.2256,2.2987
2026-08-12 17:19:00,83.2944,51.3114,2.1858
2026-08-12 17:20:00,83.4735,52.0111,2.2292
2026-08-12 17:21:00,83.2623,54.7362,2.4116
2026-08-12 17:22:00,83.8210,52.3650,2.2868
2026-08-12 17:23:00,82.8519,51.5940,2.1988
2026-08-12 17:24:00,83.4116,51.7490,2.1476
2026-08-12 17:25:00,83.7785,51.7068,2.2487
2026-08-12 17:26:00,83.3229,51.2193,2.3456
2026-08-12 17:27:00,83.5430,51.8612,2.2129
2026-08-12 17:28:00,83.8319,51.0958,2.2727
2026-08-12 17:29:00,84.1484,50.3750,2.2208
2026-08-12 17:30:00,83.3442,51.5334,2.2471
2026-08-12 17:31:00,83.3616,51.6039,2.1658
2026-08-12 17:32:00,83.5281,50.9585,2.3203
2026-08-12 17:33:00,83.3909,51.2862,2.3135
2026-08-12 17:34:00,83.4526,51.7701,2.4526
2026-08-12 17:35:00,83.6414,50.9229,2.3217
2026-08-12 17:36:00,84.3441,50.5694,2.2459
2026-08-12 17:37:00,83.9215,50.3222,2.4688
2026-08-12 17:38:00,84.0659,50.6490,2.3665
2026-08-12 17:39:00,83.8113,52.0422,2.3556
2026-08-12 17:40:00,84.3297,50.6178,2.3420
2026-08-12 17:41:00,84.7443,51.0260,2.3654
2026-08-12 17:42:00,83.9573,50.4408,2.2706
2026-08-12 17:43:00,84.7832,50.3339,2.3555
2026-08-12 17:44:00,84.4175,49.9203,2.3489
2026-08-12 17:45:00,84.3558,50.6655,2.4137
2026-08-12 17:46:00,84.5134,50.1330,2.4970
2026-08-12 17:47:00,84.5533,51.5270,2.4893
2026-08-12 17:48:00,85.0362,50.3833,2.4513
2026-08-12 17:49:00,84.6782,50.3949,2.2353
2026-08-12 17:50:00,84.7275,50.2474,2.3718
2026-08-12 17:51:00,84.4820,50.6495,2.2406
2026-08-12 17:52:00,84.9035,51.5063,2.5387
2026-08-12 17:53:00,84.4080,49.4427,2.4262
2026-08-12 17:54:00,84.7712,50.4576,2.4312
2026-08-12 17:55:00,85.6470,48.9412,2.3852
2026-08-12 17:56:00,84.0743,51.1356,2.5879
2026-08-12 17:57:00,84.9391,50.0313,2.4795
2026-08-12 17:58:00,84.9942,48.8826,2.4658
2026-08-12 17:59:00,84.8879,49.0187,2.4976
2026-08-12 18:00:00,84.9386,50.6511,2.5131
2026-08-12 18:01:00,85.0711,48.6290,2.4873
2026-08-12 18:02:00,85.0117,50.1441,2.6349
2026-08-12 18:03:00,85.1975,49.5394,2.6417
2026-08-12 18:04:00,85.0282,49.6872,2.5337
2026-08-12 18:05:00,85.8247,49.2647,2.4543
2026-08-12 18:06:00,85.1859,49.0023,2.5725
2026-08-12 18:07:00,85.4758,49.3355,2.4881
2026-08-12 18:08:00,85.1476,50.1440,2.6980
2026-08-12 18:09:00,85.6715,49.4133,2.7200
2026-08-12 18:10:00,85.6548,49.9454,2.6426
2026-08-12 18:11:00,85.6037,49.3757,2.4621
2026-08-12 18:12:00,85.2127,50.0197,2.5391
2026-08-12 18:13:00,85.3381,49.8239,2.5731
2026-08-12 18:14:00,86.1125,49.0207,2.5164
2026-08-12 18:15:00,85.4202,48.6518,2.5775
2026-08-12 18:16:00,85.8841,50.1408,2.6383
2026-08-12 18:17:00,85.4508,48.6872,2.6749
2026-08-12 18:18:00,86.0789,49.7003,2.7580
2026-08-12 18:19:00,85.6125,49.2864,2.6341
2026-08-12 18:20:00,85.5714,48.8531,2.6131
2026-08-12 18:21:00,85.6883,49.5293,2.5210
2026-08-12 18:22:00,85.7774,50.2423,2.6912
2026-08-12 18:23:00,86.1062,49.6108,2.6178
2026-08-12 18:24:00,86.0467,49.1764,2.6486
2026-08-12 18:25:00,85.7383,50.3329,2.6192
2026-08-12 18:26:00,86.0991,47.6592,2.6282
2026-08-12 18:27:00,85.8048,48.0719,2.7598
2026-08-12 18:28:00,86.3811,48.5533,2.6883
2026-08-12 18:29:00,86.4760,50.0238,2.8559
2026-08-12 18:30:00,86.2605,49.6062,2.5936
2026-08-12 18:31:00,86.3885,47.4427,2.8359
2026-08-12 18:32:00,86.8718,48.4307,2.6669
2026-08-12 18:33:00,86.3377,47.6850,2.7159
2026-08-12 18:34:00,86.1403,48.6761,2.7758
2026-08-12 18:35:00,86.6355,49.3946,2.8339
2026-08-12 18:36:00,86.1599,49.4186,2.8426
2026-08-12 18:37:00,86.4742,48.8176,2.8452
2026-08-12 18:38:00,86.3949,48.2285,2.7241
2026-08-12 18:39:00,86.4010,48.4578,2.9304
2026-08-12 18:40:00,86.5732,49.0466,2.8146
2026-08-12 18:41:00,86.9545,50.3440,2.4627
2026-08-12 18:42:00,87.0521,47.4844,2.7665
2026-08-12 18:43:00,87.0339,49.6702,2.7286
2026-08-12 18:44:00,86.8921,48.5613,2.7387
2026-08-12 18:45:00,86.7487,48.9895,2.8368
2026-08-12 18:46:00,86.1531,48.4489,2.8068
2026-08-12 18:47:00,87.0048,49.3919,2.7112
2026-08-12 18:48:00,86.2444,48.5004,2.9316
2026-08-12 18:49:00,86.3844,47.6860,2.6551
2026-08-12 18:50:00,86.9458,48.5338,2.6505
2026-08-12 18:51:00,87.1061,49.0441,2.6791
2026-08-12 18:52:00,86.9234,48.1122,2.8339
2026-08-12 18:53:00,87.5510,46.4224,2.8277
2026-08-12 18:54:00,87.2601,47.9597,2.7111
2026-08-12 18:55:00,87.0774,48.1004,2.7339
2026-08-12 18:56:00,87.5984,47.9567,2.7939
2026-08-12 18:57:00,87.6819,47.5672,2.6882
2026-08-12 18:58:00,87.3955,48.9933,2.8755
2026-08-12 18:59:00,87.0380,46.0083,2.9525
2026-08-12 19:00:00,87.1340,47.9539,2.7782
2026-08-12 19:01:00,86.8930,47.9375,2.8306
2026-08-12 19:02:00,87.3418,49.4998,2.8064
2026-08-12 19:03:00,87.0665,47.7855,2.9318
2026-08-12 19:04:00,87.3093,48.1271,2.9885
2026-08-12 19:05:00,87.5122,47.8445,2.7577
2026-08-12 19:06:00,86.8645,47.7943,2.7956
2026-08-12 19:07:00,87.1055,49.1038,2.8768
2026-08-12 19:08:00,87.3571,46.7792,2.8240
2026-08-12 19:09:00,87.5174,47.1103,2.6966
2026-08-12 19:10:00,87.4085,48.2233,2.6049
2026-08-12 19:11:00,87.4985,47.8017,2.7240
2026-08-12 19:12:00,87.3903,47.3464,2.8141
2026-08-12 19:13:00,87.1893,47.4936,2.7394
2026-08-12 19:14:00,87.4851,48.2588,2.6706
2026-08-12 19:15:00,87.6025,47.8937,2.7152
2026-08-12 19:16:00,87.5936,46.9136,2.9532
2026-08-12 19:17:00,87.7401,47.6530,2.6540
2026-08-12 19:18:00,87.8515,47.4022,2.7319
2026-08-12 19:19:00,87.9491,47.7981,2.7081
2026-08-12 19:20:00,87.5727,47.1451,2.9515
2026-08-12 19:21:00,87.3077,46.4159,2.6046
2026-08-12 19:22:00,88.1790,47.9014,2.6691
2026-08-12 19:23:00,87.9297,47.7839,2.7498
2026-08-12 19:24:00,87.5436,48.4592,2.7557
2026-08-12 19:25:00,87.9288,46.2564,2.8463
2026-08-12 19:26:00,88.1807,47.2359,2.8311
2026-08-12 19:27:00,88.3934,47.0913,2.6539
2026-08-12 19:28:00,87.9636,46.9424,2.7505
2026-08-12 19:29:00,88.2195,46.0108,2.6965
2026-08-12 19:30:00,87.5513,46.3753,2.6625
2026-08-12 19:31:00,87.9155,47.4300,2.8043
2026-08-12 19:32:00,87.8373,46.7995,2.7224
2026-08-12 19:33:00,88.0515,46.5243,2.8505
2026-08-12 19:34:00,88.4424,48.3164,2.7326
2026-08-12 19:35:00,88.0438,49.0582,2.7715
2026-08-12 19:36:00,87.6968,47.1017,2.4011
2026-08-12 19:37:00,87.6077,45.9332,2.6752
2026-08-12 19:38:00,88.4886,47.4407,2.7030
2026-08-12 19:39:00,88.1565,45.4443,2.7056
2026-08-12 19:40:00,88.1437,46.0221,2.8011
2026-08-12 19:41:00,87.9126,47.4232,2.7015
2026-08-12 19:42:00,88.1019,45.9759,2.5116
2026-08-12 19:43:00,87.7307,46.8371,2.6797
2026-08-12 19:44:00,88.1476,45.8787,2.7024
2026-08-12 19:45:00,87.6831,47.1027,2.5505
2026-08-12 19:46:00,87.9314,47.9488,2.5631
2026-08-12 19:47:00,87.8493,46.5531,2.6757
2026-08-12 19:48:00,87.0674,47.0214,2.5899
2026-08-12 19:49:00,87.9425,46.3784,2.6916
2026-08-12 19:50:00,87.7782,46.4290,2.5933
2026-08-12 19:51:00,87.9855,46.3557,2.3489
2026-08-12 19:52:00,88.0494,47.6452,2.5654
2026-08-12 19:53:00,88.5789,45.8818,2.5122
2026-08-12 19:54:00,88.1391,46.7438,2.6058
2026-08-12 19:55:00,88.1465,47.3343,2.5789
2026-08-12 19:56:00,88.1930,47.7320,2.4345
2026-08-12 19:57:00,88.3033,47.3548,2.5408
2026-08-12 19:58:00,88.1750,46.9429,2.5667
2026-08-12 19:59:00,88.1197,46.5451,2.5497
2026-08-12 20:00:00,88.2445,47.7403,2.5951
2026-08-12 20:01:00,87.2985,46.3065,2.3874
2026-08-12 20:02:00,88.6480,46.3193,2.4661
2026-08-12 20:03:00,88.4926,48.0843,2.2511
2026-08-12 20:04:00,88.0746,47.2923,2.5841
2026-08-12 20:05:00,87.5788,47.3229,2.4705
2026-08-12 20:06:00,88.3586,47.4881,2.4419
2026-08-12 20:07:00,87.7797,46.9367,2.4325
2026-08-12 20:08:00,88.1398,45.8663,2.4857
2026-08-12 20:09:00,87.5860,47.2217,2.5340
2026-08-12 20:10:00,88.6296,47.0111,2.3932
2026-08-12 20:11:00,87.5193,46.3438,2.4557
2026-08-12 20:12:00,87.9625,46.1657,2.4471
2026-08-12 20:13:00,87.2945,47.0061,2.1800
2026-08-12 20:14:00,87.9077,45.9640,2.3217
2026-08-12 20:15:00,87.7808,46.9429,2.4287
2026-08-12 20:16:00,88.2375,46.8543,2.5014
2026-08-12 20:17:00,87.7562,46.9787,2.5068
2026-08-12 20:18:00,88.2124,47.4050,2.2413
2026-08-12 20:19:00,87.5502,47.5899,2.4568
2026-08-12 20:20:00,87.7590,46.5330,2.4533
2026-08-12 20:21:00,87.7507,47.8085,2.3845
2026-08-12 20:22:00,87.9632,46.9480,2.1346
2026-08-12 20:23:00,87.9099,48.5376,2.2764
2026-08-12 20:24:00,88.0005,46.6785,2.3345
2026-08-12 20:25:00,87.8478,45.8701,2.2938
2026-08-12 20:26:00,87.9498,47.8390,2.0943
2026-08-12 20:27:00,87.4652,47.5259,2.2790
2026-08-12 20:28:00,87.8340,48.1606,2.2062
2026-08-12 20:29:00,88.1823,47.4613,2.3526
2026-08-12 20:30:00,87.1779,49.1004,2.3359
2026-08-12 20:31:00,87.8102,47.0925,2.3347
2026-08-12 20:32:00,87.8478,48.0964,2.2401
2026-08-12 20:33:00,88.0641,46.8552,2.2739
2026-08-12 20:34:00,87.8241,47.6857,2.2585
2026-08-12 20:35:00,87.6166,47.8518,2.3534
2026-08-12 20:36:00,87.6954,47.9930,2.2040
2026-08-12 20:37:00,87.3254,47.9661,2.1770
2026-08-12 20:38:00,87.4088,44.7742,2.3446
2026-08-12 20:39:00,87.1034,47.3276,2.3263
2026-08-12 20:40:00,87.9288,46.9418,2.2868
2026-08-12 20:41:00,87.5960,47.1195,2.3943
2026-08-12 20:42:00,87.1641,47.2154,2.4415
2026-08-12 20:43:00,87.4980,48.2448,2.3523
2026-08-12 20:44:00,87.7418,47.6461,2.1512
2026-08-12 20:45:00,87.6690,47.0996,2.3059
2026-08-12 20:46:00,87.0697,46.3530,2.2309
2026-08-12 20:47:00,86.3844,48.7765,2.1610
2026-08-12 20:48:00,87.4195,47.0551,2.1406
2026-08-12 20:49:00,87.0109,47.4917,2.2393
2026-08-12 20:50:00,87.4396,49.3310,2.2919
2026-08-12 20:51:00,87.5136,47.1480,2.3462
2026-08-12 20:52:00,87.5380,47.4480,2.2740
2026-08-12 20:53:00,87.7025,47.8792,2.2624
2026-08-12 20:54:00,87.5250,46.4340,2.1831
2026-08-12 20:55:00,87.6537,46.3670,2.2242
2026-08-12 20:56:00,87.5171,47.3853,2.0522
2026-08-12 20:57:00,87.5177,47.4394,2.2574
2026-08-12 20:58:00,87.0398,47.9313,2.2436
2026-08-12 20:59:00,86.6393,47.0687,2.3915
2026-08-12 21:00:00,87.7447,48.2259,2.1960
2026-08-12 21:01:00,86.9926,46.1813,2.3192
2026-08-12 21:02:00,87.3160,47.8787,2.1530
2026-08-12 21:03:00,86.7557,48.2517,2.3706
2026-08-12 21:04:00,87.1833,48.2554,2.3466
2026-08-12 21:05:00,86.1339,47.8917,2.3158
2026-08-12 21:06:00,86.7173,47.5234,2.2097
2026-08-12 21:07:00,86.7839,47.9282,2.1828
2026-08-12 21:08:00,86.9252,49.0992,2.1695
2026-08-12 21:09:00,87.0808,47.6631,2.1110
2026-08-12 21:10:00,86.4037,48.9562,2.2570
2026-08-12 21:11:00,86.9026,49.1148,2.1875
2026-08-12 21:12:00,87.0452,46.8479,2.2530
2026-08-12 21:13:00,87.3535,48.1660,2.2342
2026-08-12 21:14:00,86.8342,47.5186,2.1126
2026-08-12 21:15:00,86.4568,47.1318,2.3290
2026-08-12 21:16:00,86.1856,48.9997,2.2355
2026-08-12 21:17:00,87.0882,48.7778,2.3154
2026-08-12 21:18:00,86.7331,48.6433,2.1162
2026-08-12 21:19:00,86.4776,47.5977,2.1600
2026-08-12 21:20:00,85.9706,48.6684,2.2010
2026-08-12 21:21:00,86.1496,47.4858,2.2685
2026-08-12 21:22:00,86.5907,48.6303,2.2380
2026-08-12 21:23:00,86.4799,48.0739,2.3892
2026-08-12 21:24:00,85.7623,49.4787,2.3608
2026-08-12 21:25:00,86.5084,48.3826,2.1889
2026-08-12 21:26:00,85.8207,48.8935,2.5615
2026-08-12 21:27:00,86.6700,48.9307,2.2634
2026-08-12 21:28:00,86.2990,48.7192,2.4062
2026-08-12 21:29:00,86.0701,48.9000,2.2539
2026-08-12 21:30:00,86.4789,49.0950,2.3503
2026-08-12 21:31:00,86.2608,48.1712,2.3885
2026-08-12 21:32:00,86.5251,49.2472,2.1488
2026-08-12 21:33:00,86.1248,49.6527,2.4799
2026-08-12 21:34:00,86.1155,49.3165,2.2331
2026-08-12 21:35:00,85.9615,48.7523,2.2825
2026-08-12 21:36:00,86.0993,49.2125,2.2631
2026-08-12 21:37:00,86.5033,48.8194,2.2734
2026-08-12 21:38:00,85.8167,49.0530,2.2846
2026-08-12 21:39:00,86.1357,48.2355,2.2239
2026-08-12 21:40:00,85.6511,50.3276,2.4261
2026-08-12 21:41:00,85.2692,50.8099,2.3684
2026-08-12 21:42:00,85.9257,48.7365,2.3500
2026-08-12 21:43:00,85.9490,49.9668,2.4725
2026-08-12 21:44:00,85.7794,50.5426,2.5546
2026-08-12 21:45:00,85.3383,48.6486,2.2292
2026-08-12 21:46:00,85.8533,47.7265,2.5548
2026-08-12 21:47:00,85.8170,50.7054,2.3975
2026-08-12 21:48:00,85.4457,49.5224,2.2722
2026-08-12 21:49:00,85.2818,49.1539,2.4561
2026-08-12 21:50:00,85.5878,49.6463,2.4107
2026-08-12 21:51:00,85.8353,49.3521,2.5160
2026-08-12 21:52:00,85.7406,52.0540,2.4522
2026-08-12 21:53:00,85.3277,49.3009,2.4810
2026-08-12 21:54:00,85.6096,50.0265,2.4095
2026-08-12 21:55:00,85.8114,50.8376,2.3580
2026-08-12 21:56:00,85.1705,50.8729,2.5428
2026-08-12 21:57:00,85.5186,50.7590,2.4240
2026-08-12 21:58:00,85.8791,49.5809,2.5245
2026-08-12 21:59:00,85.0725,49.8391,2.6407
2026-08-12 22:00:00,85.7797,48.2604,2.4840
2026-08-12 22:01:00,85.8971,49.9797,2.5779
2026-08-12 22:02:00,85.3233,50.1048,2.5126
2026-08-12 22:03:00,85.2659,50.7112,2.4871
2026-08-12 22:04:00,85.6578,51.5934,2.3751
2026-08-12 22:05:00,85.2715,50.7653,2.5352
2026-08-12 22:06:00,84.6011,51.0919,2.5305
2026-08-12 22:07:00,85.2574,50.2605,2.4676
2026-08-12 22:08:00,85.4084,51.3410,2.3589
2026-08-12 22:09:00,85.4699,50.3615,2.4030
2026-08-12 22:10:00,84.9646,51.3041,2.7562
2026-08-12 22:11:00,85.1290,51.0741,2.5890
2026-08-12 22:12:00,85.4845,50.7835,2.4491
2026-08-12 22:13:00,85.1553,49.2755,2.5399
2026-08-12 22:14:00,84.6968,51.4214,2.6085
2026-08-12 22:15:00,85.5091,50.8878,2.6597
2026-08-12 22:16:00,85.0563,51.1858,2.5987
2026-08-12 22:17:00,85.4310,50.9129,2.8313
2026-08-12 22:18:00,84.6684,51.0891,2.8430
2026-08-12 22:19:00,85.0345,51.7790,2.6814
2026-08-12 22:20:00,85.2078,50.3973,2.6134
2026-08-12 22:21:00,85.0131,51.1884,2.6950
2026-08-12 22:22:00,84.6691,50.2301,2.5305
2026-08-12 22:23:00,84.2931,51.3510,2.7699
2026-08-12 22:24:00,85.4515,51.1281,2.6935
2026-08-12 22:25:00,85.0547,50.4595,2.5619
2026-08-12 22:26:00,85.3164,51.0764,2.6304
2026-08-12 22:27:00,85.2314,50.5834,2.7522
2026-08-12 22:28:00,85.1186,50.7727,2.5342
2026-08-12 22:29:00,84.8303,51.3955,2.6172
2026-08-12 22:30:00,85.0611,51.3628,2.6655
2026-08-12 22:31:00,85.3318,49.6478,2.8151
2026-08-12 22:32:00,84.9151,51.5166,2.8944
2026-08-12 22:33:00,85.4493,51.0133,2.7660
2026-08-12 22:34:00,84.4178,50.9601,2.4171
2026-08-12 22:35:00,84.3748,50.4251,2.6263
2026-08-12 22:36:00,85.1429,51.3257,3.0923
2026-08-12 22:37:00,84.5908,50.9784,2.7630
2026-08-12 22:38:00,85.4397,52.4503,2.4910
2026-08-12 22:39:00,85.2186,50.0663,2.9931
2026-08-12 22:40:00,85.2846,50.7289,2.6262
2026-08-12 22:41:00,85.0650,50.7086,2.8210
2026-08-12 22:42:00,84.5149,51.7744,2.6527
2026-08-12 22:43:00,84.2857,52.5393,2.9910
2026-08-12 22:44:00,85.2245,52.0364,2.6324
2026-08-12 22:45:00,84.3188,50.7910,2.7186
2026-08-12 22:46:00,85.2372,51.3558,2.8850
2026-08-12 22:47:00,84.9561,51.0841,2.7275
2026-08-12 22:48:00,84.7261,52.1695,2.8340
2026-08-12 22:49:00,84.8757,51.4353,2.8707
2026-08-12 22:50:00,84.8772,50.6960,2.8075
2026-08-12 22:51:00,84.6717,52.3250,2.6806
2026-08-12 22:52:00,85.1553,52.8986,2.7147
2026-08-12 22:53:00,85.1405,51.7754,2.7566
2026-08-12 22:54:00,84.7657,52.0447,2.8550
2026-08-12 22:55:00,84.5351,50.7730,2.8786
2026-08-12 22:56:00,85.1034,50.3600,2.8189
2026-08-12 22:57:00,84.1017,50.5571,2.8693
2026-08-12 22:58:00,84.8388,52.0293,2.6404
2026-08-12 22:59:00,84.9250,51.8470,2.8297
2026-08-12 23:00:00,84.4525,52.5583,2.7935
2026-08-12 23:01:00,84.9912,51.9908,2.8494
2026-08-12 23:02:00,84.6896,52.9663,2.8748
2026-08-12 23:03:00,84.5326,52.9008,2.6940
2026-08-12 23:04:00,84.9844,51.9715,2.7874
2026-08-12 23:05:00,84.3691,51.4528,2.9309
2026-08-12 23:06:00,84.9552,50.7483,2.8267
2026-08-12 23:07:00,84.0997,53.4534,2.7850
2026-08-12 23:08:00,84.7804,51.5774,2.6717
2026-08-12 23:09:00,84.7085,51.1588,2.8460
2026-08-12 23:10:00,84.5343,52.4839,2.6508
2026-08-12 23:11:00,84.8142,51.2137,2.7698
2026-08-12 23:12:00,84.6749,52.5301,2.7362
2026-08-12 23:13:00,85.0169,52.1809,2.8221
2026-08-12 23:14:00,84.8705,53.2113,2.7202
2026-08-12 23:15:00,84.8405,53.1638,2.7443
2026-08-12 23:16:00,84.7948,53.3987,2.6830
2026-08-12 23:17:00,84.5684,52.7022,2.7459
2026-08-12 23:18:00,84.6225,51.8712,2.7888
2026-08-12 23:19:00,84.7908,51.7487,2.7289
2026-08-12 23:20:00,84.6679,52.1735,2.7285
2026-08-12 23:21:00,85.0571,54.2129,2.7722
2026-08-12 23:22:00,84.7557,52.4371,2.8517
2026-08-12 23:23:00,84.8447,52.7838,2.8217
2026-08-12 23:24:00,84.3156,53.8879,2.6133
2026-08-12 23:25:00,85.0240,52.8943,2.8147
2026-08-12 23:26:00,84.5716,52.1088,2.8699
2026-08-12 23:27:00,84.4383,53.3086,2.7987
2026-08-12 23:28:00,85.2503,52.3979,2.4816
2026-08-12 23:29:00,84.9712,52.9877,2.7441
2026-08-12 23:30:00,85.0608,53.1814,2.8505
2026-08-12 23:31:00,84.9099,52.3910,2.6616
2026-08-12 23:32:00,84.7517,52.9498,2.9908
2026-08-12 23:33:00,84.7020,54.0946,2.4768
2026-08-12 23:34:00,85.0261,52.3267,2.7034
2026-08-12 23:35:00,85.1387,53.8943,2.7550
2026-08-12 23:36:00,84.7853,52.3808,2.6935
2026-08-12 23:37:00,85.4344,54.3067,2.6853
2026-08-12 23:38:00,84.7605,52.1921,2.5594
2026-08-12 23:39:00,84.4087,52.5723,2.5992
2026-08-12 23:40:00,84.3178,54.1044,2.7074
2026-08-12 23:41:00,84.3354,54.1495,2.4318
2026-08-12 23:42:00,84.7252,53.5719,2.7267
2026-08-12 23:43:00,84.7875,52.0605,2.6177
2026-08-12 23:44:00,85.0697,53.0004,2.6772
2026-08-12 23:45:00,84.8642,52.9434,2.6994
2026-08-12 23:46:00,85.1339,52.2651,2.9805
2026-08-12 23:47:00,84.9024,53.5141,2.7400
2026-08-12 23:48:00,84.9012,52.3417,2.4725
2026-08-12 23:49:00,84.7322,51.9365,2.8014
2026-08-12 23:50:00,85.3406,51.6776,2.3063
2026-08-12 23:51:00,84.4628,54.3490,2.5257
2026-08-12 23:52:00,85.0211,52.5752,2.5797
2026-08-12 23:53:00,84.8848,52.5958,2.5223
2026-08-12 23:54:00,85.1824,52.1662,2.5751
2026-08-12 23:55:00,84.9503,54.0879,2.5223
2026-08-12 23:56:00,84.9678,51.8917,2.6598
2026-08-12 23:57:00,84.8939,52.0344,2.4753
2026-08-12 23:58:00,85.4005,52.7415,2.5041
2026-08-12 23:59:00,84.9920,52.9825,2.6850
2026-08-13 00:00:00,85.5909,53.5269,2.5968
2026-08-13 00:01:00,85.0904,52.4593,2.4752
2026-08-13 00:02:00,85.0240,54.2344,2.5315
2026-08-13 00:03:00,84.9826,52.4627,2.6637
2026-08-13 00:04:00,85.2041,52.1890,2.3302
2026-08-13 00:05:00,84.8670,52.1106,2.3521
2026-08-13 00:06:00,85.0958,52.3716,2.3956
2026-08-13 00:07:00,85.0631,52.0526,2.4670
2026-08-13 00:08:00,85.1668,53.5843,2.5345
2026-08-13 00:09:00,85.1827,52.1785,2.3535
2026-08-13 00:10:00,85.2068,52.8681,2.3282
2026-08-13 00:11:00,85.1230,52.1453,2.2836
2026-08-13 00:12:00,85.5735,52.0235,2.3131
2026-08-13 00:13:00,85.2378,53.8419,2.3343
2026-08-13 00:14:00,85.9009,54.2320,2.1761
2026-08-13 00:15:00,85.1421,53.9576,2.3291
2026-08-13 00:16:00,85.4228,51.7574,2.2730
2026-08-13 00:17:00,84.9251,51.8600,2.3545
2026-08-13 00:18:00,85.5709,54.4998,2.5336
2026-08-13 00:19:00,84.9470,52.7042,2.1975
2026-08-13 00:20:00,85.3025,51.7979,2.4514
2026-08-13 00:21:00,85.0938,53.7532,2.5100
2026-08-13 00:22:00,85.3159,52.9304,2.4331
2026-08-13 00:23:00,85.1169,53.3207,2.3643
2026-08-13 00:24:00,84.9575,51.0629,2.4551
2026-08-13 00:25:00,85.1196,52.5798,2.3807
2026-08-13 00:26:00,85.6701,53.5870,2.4223
2026-08-13 00:27:00,85.3543,52.3023,2.3170
2026-08-13 00:28:00,84.8337,53.7887,2.1932
2026-08-13 00:29:00,85.5551,51.7330,2.4099
2026-08-13 00:30:00,84.9649,52.6816,2.5488
2026-08-13 00:31:00,85.4611,54.0723,2.2483
2026-08-13 00:32:00,85.4096,51.8199,2.2793
2026-08-13 00:33:00,85.4338,52.9416,2.2831
2026-08-13 00:34:00,85.8100,53.1758,2.1200
2026-08-13 00:35:00,85.0104,52.7637,2.1772
2026-08-13 00:36:00,85.4469,52.4730,2.2877
2026-08-13 00:37:00,85.6460,51.9539,2.2434
2026-08-13 00:38:00,85.0794,52.7937,2.2501
2026-08-13 00:39:00,85.0526,52.5354,2.2469
2026-08-13 00:40:00,85.1940,51.4490,2.2286
2026-08-13 00:41:00,85.3811,53.4581,2.1598
2026-08-13 00:42:00,84.8638,51.8299,2.2762
2026-08-13 00:43:00,85.4554,51.4089,2.2621
2026-08-13 00:44:00,84.8703,52.0395,2.1379
2026-08-13 00:45:00,85.6833,51.7802,2.2643
2026-08-13 00:46:00,85.4517,52.2658,2.1576
2026-08-13 00:47:00,85.8735,51.4560,2.2825
2026-08-13 00:48:00,85.5019,52.7854,2.2104
2026-08-13 00:49:00,85.2112,53.5086,2.2518
2026-08-13 00:50:00,85.0642,52.4648,2.2278
2026-08-13 00:51:00,85.3764,51.2005,2.2027
2026-08-13 00:52:00,85.2962,51.6009,2.2393
2026-08-13 00:53:00,85.6614,52.4835,2.2892
2026-08-13 00:54:00,85.0270,50.7077,2.2157
2026-08-13 00:55:00,85.9115,51.2693,2.2130
2026-08-13 00:56:00,85.6870,50.9114,2.1663
2026-08-13 00:57:00,85.2426,52.2953,2.0191
2026-08-13 00:58:00,85.8418,53.9059,2.2038
2026-08-13 00:59:00,85.0660,51.1401,2.0735
2026-08-13 01:00:00,85.3607,52.7744,2.1434
2026-08-13 01:01:00,84.9139,51.6423,2.1135
2026-08-13 01:02:00,85.8483,51.0089,2.1287
2026-08-13 01:03:00,84.7973,53.2877,2.1354
2026-08-13 01:04:00,84.8562,53.7353,2.2502
2026-08-13 01:05:00,85.0944,52.3075,2.2358
2026-08-13 01:06:00,85.6777,52.2384,2.2148
2026-08-13 01:07:00,85.5633,51.9681,2.3260
2026-08-13 01:08:00,85.3090,51.7694,2.5124
2026-08-13 01:09:00,85.5732,52.1293,2.2590
2026-08-13 01:10:00,85.2278,52.3672,2.3010
2026-08-13 01:11:00,85.3836,53.1256,2.2404
2026-08-13 01:12:00,85.7465,51.3452,2.2795
2026-08-13 01:13:00,85.1708,51.8333,2.0548
2026-08-13 01:14:00,85.0084,51.6285,1.9495
2026-08-13 01:15:00,85.3725,52.4860,2.0114
2026-08-13 01:16:00,85.4462,53.5540,2.1635
2026-08-13 01:17:00,85.2497,52.4477,2.3659
2026-08-13 01:18:00,85.5096,52.2061,2.2582
2026-08-13 01:19:00,85.1399,52.2602,2.1973
2026-08-13 01:20:00,85.2299,52.5139,2.2971
2026-08-13 01:21:00,85.2950,53.3974,2.2795
2026-08-13 01:22:00,85.2595,50.0832,2.1129
2026-08-13 01:23:00,85.6476,51.8765,2.2997
2026-08-13 01:24:00,85.2644,49.2970,2.3405
2026-08-13 01:25:00,85.0519,52.0879,2.4721
2026-08-13 01:26:00,85.2907,51.7324,2.2589
2026-08-13 01:27:00,85.4239,50.8185,2.4413
2026-08-13 01:28:00,85.3420,49.0842,2.2366
2026-08-13 01:29:00,85.3136,51.1727,2.5150
2026-08-13 01:30:00,84.6364,51.3263,2.2284
2026-08-13 01:31:00,84.3255,51.0612,2.3578
2026-08-13 01:32:00,85.4430,50.5780,2.3279
2026-08-13 01:33:00,85.1789,50.3209,2.4541
2026-08-13 01:34:00,85.0272,50.9600,2.4467
2026-08-13 01:35:00,85.2280,50.3228,2.2131
2026-08-13 01:36:00,85.5837,51.5745,2.2900
2026-08-13 01:37:00,85.4150,50.8267,2.5427
2026-08-13 01:38:00,85.2646,49.4723,2.3465
2026-08-13 01:39:00,84.6947,50.9557,2.4246
2026-08-13 01:40:00,84.7181,51.1078,2.2430
2026-08-13 01:41:00,84.2133,52.0329,2.3323
2026-08-13 01:42:00,85.1030,51.4428,2.2929
2026-08-13 01:43:00,85.2289,49.9431,2.4634
2026-08-13 01:44:00,85.2365,51.7644,2.4517
2026-08-13 01:45:00,85.0648,49.4764,2.5076
2026-08-13 01:46:00,84.7984,50.5692,2.2840
2026-08-13 01:47:00,84.6575,51.1113,2.4547
2026-08-13 01:48:00,84.5609,51.6363,2.4093
2026-08-13 01:49:00,84.7410,51.9416,2.1703
2026-08-13 01:50:00,84.4779,51.4114,2.4687
2026-08-13 01:51:00,85.2789,50.2433,2.5592
2026-08-13 01:52:00,84.3420,50.7773,2.5947
2026-08-13 01:53:00,84.6539,50.4540,2.4418
2026-08-13 01:54:00,84.1121,49.6678,2.5360
2026-08-13 01:55:00,84.7616,50.1037,2.5154
2026-08-13 01:56:00,84.6514,51.5953,2.3926
2026-08-13 01:57:00,84.5242,50.6347,2.3868
2026-08-13 01:58:00,84.3303,51.7260,2.4795
2026-08-13 01:59:00,84.5894,49.1733,2.4686
2026-08-13 02:00:00,84.4036,49.6948,2.5088
2026-08-13 02:01:00,84.5040,50.2929,2.4661
2026-08-13 02:02:00,85.1101,50.5154,2.5369
2026-08-13 02:03:00,84.5520,49.7888,2.4169
2026-08-13 02:04:00,84.6375,50.4834,2.6837
2026-08-13 02:05:00,84.3154,50.4382,2.3572
2026-08-13 02:06:00,84.1962,48.6543,2.5388
2026-08-13 02:07:00,84.4012,50.3282,2.5343
2026-08-13 02:08:00,85.1356,50.5450,2.5488
2026-08-13 02:09:00,84.2743,49.8843,2.4856
2026-08-13 02:10:00,84.4449,48.1365,2.4265
2026-08-13 02:11:00,84.0636,49.3481,2.6092
2026-08-13 02:12:00,83.4610,49.8810,2.5722
2026-08-13 02:13:00,84.0260,48.7994,2.6386
2026-08-13 02:14:00,84.9522,50.1879,2.4425
2026-08-13 02:15:00,84.3915,49.9984,2.7865
2026-08-13 02:16:00,84.6799,49.4839,2.6140
2026-08-13 02:17:00,84.0578,49.3519,2.3250
2026-08-13 02:18:00,83.4295,49.4540,2.6551
2026-08-13 02:19:00,83.7781,49.2583,2.5960
2026-08-13 02:20:00,84.2039,48.1952,2.5367
2026-08-13 02:21:00,84.1300,48.8416,2.7800
2026-08-13 02:22:00,84.0293,49.2059,2.7564
2026-08-13 02:23:00,83.8470,50.2453,2.7041
2026-08-13 02:24:00,84.2615,49.6266,2.6840
2026-08-13 02:25:00,83.8025,50.2135,2.7331
2026-08-13 02:26:00,84.0185,47.8746,2.5310
2026-08-13 02:27:00,83.9579,48.6767,2.7140
2026-08-13 02:28:00,83.7618,50.5840,2.8245
2026-08-13 02:29:00,83.5809,48.2940,2.8105
2026-08-13 02:30:00,83.6899,48.2416,2.6071
2026-08-13 02:31:00,84.3530,48.5984,2.7362
2026-08-13 02:32:00,84.0974,50.3943,2.6107
2026-08-13 02:33:00,84.0424,48.2068,2.7438
2026-08-13 02:34:00,83.4729,49.1545,2.6579
2026-08-13 02:35:00,83.2500,48.9868,2.6510
2026-08-13 02:36:00,83.9828,47.0952,2.7785
2026-08-13 02:37:00,83.8977,48.5906,2.6747
2026-08-13 02:38:00,83.6398,48.1262,2.6721
2026-08-13 02:39:00,83.4599,49.0765,2.7910
2026-08-13 02:40:00,83.1042,49.8913,2.6117
2026-08-13 02:41:00,83.7760,48.1905,2.7314
2026-08-13 02:42:00,83.8440,48.1568,2.6136
2026-08-13 02:43:00,83.2568,50.4134,2.6353
2026-08-13 02:44:00,83.2041,47.7968,2.8911
2026-08-13 02:45:00,83.7777,47.2589,2.7355
2026-08-13 02:46:00,83.1852,49.4028,2.7084
2026-08-13 02:47:00,83.8840,48.2281,2.8679
2026-08-13 02:48:00,83.2901,48.4633,2.9469
2026-08-13 02:49:00,83.1795,49.9902,2.8128
2026-08-13 02:50:00,83.2816,47.0513,2.8918
2026-08-13 02:51:00,83.1248,47.9863,2.7365
2026-08-13 02:52:00,83.5515,47.1230,2.7989
2026-08-13 02:53:00,83.4523,48.3498,2.7957
2026-08-13 02:54:00,83.4860,47.6093,2.8287
2026-08-13 02:55:00,83.1880,47.0836,2.8939
2026-08-13 02:56:00,82.9689,48.5784,2.6514
2026-08-13 02:57:00,83.0765,47.9719,2.7101
2026-08-13 02:58:00,82.9249,46.9336,2.7511
2026-08-13 02:59:00,83.4662,46.9543,2.7029
2026-08-13 03:00:00,83.3007,48.0449,2.8230
2026-08-13 03:01:00,82.9464,46.5145,2.8216
2026-08-13 03:02:00,82.6700,48.0059,2.8054
2026-08-13 03:03:00,83.3844,48.8687,2.7588
2026-08-13 03:04:00,82.9376,48.3042,2.9331
2026-08-13 03:05:00,82.8321,47.2458,2.8191
2026-08-13 03:06:00,83.3108,47.9383,2.7813
2026-08-13 03:07:00,82.6679,46.6922,2.8016
2026-08-13 03:08:00,82.7004,47.7776,2.8679
2026-08-13 03:09:00,82.7023,47.3826,2.8131
2026-08-13 03:10:00,82.3522,46.7885,2.7034
2026-08-13 03:11:00,82.8177,48.0952,2.9639
2026-08-13 03:12:00,82.4704,45.9910,2.8315
2026-08-13 03:13:00,82.5042,46.6014,2.6676
2026-08-13 03:14:00,82.4407,46.6752,2.5985
2026-08-13 03:15:00,82.4528,47.1017,2.8460
2026-08-13 03:16:00,82.3543,48.5235,2.9033
2026-08-13 03:17:00,82.6576,48.0662,2.8160
2026-08-13 03:18:00,82.5144,47.5263,2.8286
2026-08-13 03:19:00,82.5535,47.4683,2.8274
2026-08-13 03:20:00,83.2235,47.3925,2.7603
2026-08-13 03:21:00,82.4493,48.4800,2.5876
2026-08-13 03:22:00,82.6563,45.9110,2.6817
2026-08-13 03:23:00,82.6697,47.9623,2.8267
2026-08-13 03:24:00,82.4147,46.9204,2.8013
2026-08-13 03:25:00,82.4956,47.7118,2.7184
2026-08-13 03:26:00,82.3999,47.6985,2.6783
2026-08-13 03:27:00,82.4350,47.8622,2.7455
2026-08-13 03:28:00,82.1792,48.5263,2.6886
2026-08-13 03:29:00,82.1882,46.1468,2.7097
2026-08-13 03:30:00,82.3232,48.0327,2.7254
2026-08-13 03:31:00,81.7086,47.1625,2.6288
2026-08-13 03:32:00,82.7314,46.8306,2.7807
2026-08-13 03:33:00,82.9137,48.8124,2.6784
2026-08-13 03:34:00,82.2997,47.7336,2.7376
2026-08-13 03:35:00,82.4318,46.8254,2.6890
2026-08-13 03:36:00,82.5405,47.9127,2.8306
2026-08-13 03:37:00,81.8032,47.0981,2.7242
2026-08-13 03:38:00,82.4640,46.7772,2.7042
2026-08-13 03:39:00,82.0428,46.6278,2.6939
2026-08-13 03:40:00,82.8437,47.3459,2.8584
2026-08-13 03:41:00,82.0861,46.6012,2.6387
2026-08-13 03:42:00,82.4016,47.2072,2.6526
2026-08-13 03:43:00,82.0626,47.7836,2.6396
2026-08-13 03:44:00,82.7627,47.1540,2.4254
2026-08-13 03:45:00,81.9379,48.6388,2.6241
2026-08-13 03:46:00,82.4295,47.0608,2.7091
2026-08-13 03:47:00,82.2569,48.1226,2.6516
2026-08-13 03:48:00,82.1795,47.8180,2.7438
2026-08-13 03:49:00,82.1167,48.2513,2.6638
2026-08-13 03:50:00,81.8382,48.6033,2.6278
2026-08-13 03:51:00,81.2533,45.6117,2.6589
2026-08-13 03:52:00,82.3427,47.2286,2.5988
2026-08-13 03:53:00,81.8655,46.9231,2.5266
2026-08-13 03:54:00,82.3553,47.0984,2.5341
2026-08-13 03:55:00,82.1028,46.6885,2.3009
2026-08-13 03:56:00,82.3506,46.5693,2.6909
2026-08-13 03:57:00,82.2249,46.1226,2.5037
2026-08-13 03:58:00,81.2393,47.0789,2.4114
2026-08-13 03:59:00,82.1580,47.7475,2.4712
2026-08-13 04:00:00,81.8658,46.6050,2.6757
2026-08-13 04:01:00,82.3143,46.7375,2.4993
2026-08-13 04:02:00,82.1386,46.4426,2.5100
2026-08-13 04:03:00,82.1391,46.2068,2.6851
2026-08-13 04:04:00,81.8740,46.8152,2.5522
2026-08-13 04:05:00,81.6800,47.2810,2.4320
2026-08-13 04:06:00,81.8225,48.0151,2.2831
2026-08-13 04:07:00,81.4115,46.0589,2.5092
2026-08-13 04:08:00,81.7740,46.9921,2.3698
2026-08-13 04:09:00,81.5121,47.9633,2.4960
2026-08-13 04:10:00,81.5208,46.0826,2.4175
2026-08-13 04:11:00,81.9884,48.0447,2.4557
2026-08-13 04:12:00,82.1156,46.6858,2.4969
2026-08-13 04:13:00,81.9483,47.6124,2.2269
2026-08-13 04:14:00,81.8112,46.8758,2.4054
2026-08-13 04:15:00,81.6802,47.4246,2.3834
2026-08-13 04:16:00,81.8734,48.3528,2.4068
2026-08-13 04:17:00,81.7266,46.9768,2.4213
2026-08-13 04:18:00,81.9596,47.8801,2.3790
2026-08-13 04:19:00,81.5279,47.3120,2.2921
2026-08-13 04:20:00,82.2011,46.4734,2.2371
2026-08-13 04:21:00,81.8275,46.9962,2.1845
2026-08-13 04:22:00,82.1181,46.9571,2.3486
2026-08-13 04:23:00,82.2794,46.0055,2.3827
2026-08-13 04:24:00,82.1203,47.5141,2.2895
2026-08-13 04:25:00,82.2709,47.6856,2.4004
2026-08-13 04:26:00,81.4210,47.8220,2.2998
2026-08-13 04:27:00,81.9034,48.3293,2.2966
2026-08-13 04:28:00,82.3932,47.9624,2.1554
2026-08-13 04:29:00,82.2265,46.7312,2.2492
2026-08-13 04:30:00,82.6403,46.9162,2.3799
2026-08-13 04:31:00,82.6097,47.9146,2.4221
2026-08-13 04:32:00,82.2015,47.5711,2.2580
2026-08-13 04:33:00,82.0498,47.2613,2.3586
2026-08-13 04:34:00,81.8521,46.5925,2.4083
2026-08-13 04:35:00,82.0118,46.8848,2.1683
2026-08-13 04:36:00,82.0475,47.7932,2.2890
2026-08-13 04:37:00,82.0080,45.7844,2.2718
2026-08-13 04:38:00,81.9270,45.4916,2.3559
2026-08-13 04:39:00,82.3400,47.9372,2.1607
2026-08-13 04:40:00,82.7462,46.9751,2.2718
2026-08-13 04:41:00,82.5354,47.7966,2.2105
2026-08-13 04:42:00,82.1774,48.7034,2.2752
2026-08-13 04:43:00,82.5976,46.6524,2.3514
2026-08-13 04:44:00,82.4172,46.1483,2.3737
2026-08-13 04:45:00,82.3214,47.2845,2.3459
2026-08-13 04:46:00,82.3235,46.9798,2.1209
2026-08-13 04:47:00,82.3159,47.5298,2.1699
2026-08-13 04:48:00,82.5932,48.0034,2.3153
2026-08-13 04:49:00,82.4622,47.8576,2.2728
2026-08-13 04:50:00,82.2248,47.6569,2.1840
2026-08-13 04:51:00,82.2338,48.4906,2.1166
2026-08-13 04:52:00,82.5826,48.2051,1.8159
2026-08-13 04:53:00,82.6440,47.5484,2.0456
2026-08-13 04:54:00,82.4465,48.2270,2.1731
2026-08-13 04:55:00,82.2263,46.5080,2.1735
2026-08-13 04:56:00,82.9673,48.6216,2.2428
2026-08-13 04:57:00,82.9301,47.8148,2.2611
2026-08-13 04:58:00,82.0493,46.8633,2.4263
2026-08-13 04:59:00,83.0749,47.5178,2.1231
2026-08-13 05:00:00,82.6383,48.7087,2.0049
2026-08-13 05:01:00,82.7864,47.2925,2.1072
2026-08-13 05:02:00,83.0998,48.2634,2.3681
2026-08-13 05:03:00,83.2834,48.6666,2.2022
2026-08-13 05:04:00,83.1184,48.0122,2.3029
2026-08-13 05:05:00,82.9201,47.3303,2.1463
2026-08-13 05:06:00,82.4658,48.0005,2.1536
2026-08-13 05:07:00,82.3018,46.9542,2.0336
2026-08-13 05:08:00,83.2047,47.7211,2.1735
2026-08-13 05:09:00,83.3759,47.2569,2.2094
2026-08-13 05:10:00,82.7613,48.1362,2.2970
2026-08-13 05:11:00,82.9576,47.1896,2.2685
2026-08-13 05:12:00,82.9046,48.3034,2.4134
2026-08-13 05:13:00,82.9303,49.1749,2.2018
2026-08-13 05:14:00,83.4620,49.2573,2.2442
2026-08-13 05:15:00,83.2395,47.3369,2.2213
2026-08-13 05:16:00,83.1400,47.8332,2.1564
2026-08-13 05:17:00,84.0413,49.0814,2.2702
2026-08-13 05:18:00,82.8492,48.9957,2.2051
2026-08-13 05:19:00,83.4799,47.9740,2.4027
2026-08-13 05:20:00,83.0371,48.1108,2.1612
2026-08-13 05:21:00,83.3412,48.5999,2.2102
2026-08-13 05:22:00,83.4700,47.1019,2.1240
2026-08-13 05:23:00,83.7160,49.0234,2.2866
2026-08-13 05:24:00,83.4219,49.5045,2.1245
2026-08-13 05:25:00,83.4281,48.3618,2.2612
2026-08-13 05:26:00,83.4927,47.5731,2.1500
2026-08-13 05:27:00,83.2910,49.8741,2.1735
2026-08-13 05:28:00,83.8435,48.9553,2.2006
2026-08-13 05:29:00,83.7774,49.3829,2.3553
2026-08-13 05:30:00,83.8629,47.7950,2.2784
2026-08-13 05:31:00,83.7512,47.8343,2.2812
2026-08-13 05:32:00,83.7541,49.2562,2.3555
2026-08-13 05:33:00,84.2048,49.7837,2.2392
2026-08-13 05:34:00,84.1991,48.0952,2.1146
2026-08-13 05:35:00,84.3576,48.9542,2.2075
2026-08-13 05:36:00,84.0858,47.8032,2.2951
2026-08-13 05:37:00,84.4210,48.5491,2.3252
2026-08-13 05:38:00,83.9316,48.9423,2.3925
2026-08-13 05:39:00,84.0377,49.5767,2.3287
2026-08-13 05:40:00,84.4982,47.5389,2.4517
2026-08-13 05:41:00,84.4346,50.3179,2.3930
2026-08-13 05:42:00,84.1365,49.1632,2.2230
2026-08-13 05:43:00,83.9519,50.3734,2.1161
2026-08-13 05:44:00,84.2470,49.9352,2.2772
2026-08-13 05:45:00,84.1453,50.0966,2.3990
2026-08-13 05:46:00,84.9107,51.0695,2.4296
2026-08-13 05:47:00,84.6642,48.8667,2.3893
2026-08-13 05:48:00,84.2493,49.6391,2.4193
2026-08-13 05:49:00,84.2086,48.7770,2.5469
2026-08-13 05:50:00,84.3317,49.5267,2.4238
2026-08-13 05:51:00,84.4408,50.2235,2.4650
2026-08-13 05:52:00,84.6017,50.5883,2.5973
2026-08-13 05:53:00,85.0295,49.4197,2.2642
2026-08-13 05:54:00,84.4486,48.8008,2.6240
2026-08-13 05:55:00,85.4689,49.8624,2.2049
2026-08-13 05:56:00,84.5426,49.1613,2.3860
2026-08-13 05:57:00,84.4464,49.4199,2.4205
2026-08-13 05:58:00,85.4192,50.4589,2.3210
2026-08-13 05:59:00,85.3527,50.3492,2.4757
