timestamp,T_reator_C,vazao_L_min,pressao_bar,T_alimentacao_C,conversao,T_reator_lag1,T_reator_lag2,T_reator_ma3,dT_reator,vazao_lag1,vazao_ma3,dvazao
2026-08-01 06:00:00,85.6672,50.2432,2.4900,24.6346,0.8147,84.1306,84.5635,84.7871,1.5367,49.2154,49.9376,1.0277
2026-08-01 06:10:00,84.8750,50.1288,2.4089,24.9255,0.7999,84.8263,84.6689,84.7901,0.0487,50.1316,50.3871,-0.0028
2026-08-01 06:20:00,85.7196,49.7414,2.5767,25.4104,0.8186,83.9676,85.1324,84.9398,1.7520,51.4984,50.2787,-1.7569
2026-08-01 06:30:00,86.9677,49.4038,2.5146,25.2170,0.8330,85.4243,84.6542,85.6821,1.5434,50.3162,50.0788,-0.9124
2026-08-01 06:40:00,84.6272,52.2243,2.4886,25.1657,0.7962,87.3828,86.0467,86.0189,-2.7556,50.1867,51.4522,2.0376
2026-08-01 06:50:00,84.4886,51.4713,2.5174,24.9028,0.7907,85.5997,86.1600,85.4161,-1.1111,51.1142,50.8271,0.3571
2026-08-01 07:00:00,86.8858,52.8958,2.4830,25.1417,0.8383,85.1530,85.1403,85.7263,1.7328,51.3666,51.4860,1.5292
2026-08-01 07:10:00,86.6313,51.7682,2.4058,24.6065,0.8097,85.6721,84.7635,85.6890,0.9592,51.6723,50.8320,0.0959
2026-08-01 07:20:00,86.2036,53.9565,2.3407,25.3042,0.8229,86.6296,86.1712,86.3348,-0.4260,53.4312,52.6525,0.5253
2026-08-01 07:30:00,86.9696,52.8666,2.3940,25.3491,0.8470,86.1154,86.1584,86.4145,0.8542,52.6877,51.4107,0.1789
2026-08-01 07:40:00,86.1080,53.1414,2.4906,25.0050,0.8075,86.3561,85.9027,86.1223,-0.2482,53.1196,52.1855,0.0218
2026-08-01 07:50:00,86.1982,53.3061,2.4377,25.1959,0.8076,86.7292,86.5022,86.4765,-0.5310,52.8527,52.1511,0.4534
2026-08-01 08:00:00,87.1531,53.0964,2.5104,24.8938,0.8048,86.6552,85.8989,86.5691,0.4979,52.5216,51.6129,0.5748
2026-08-01 08:10:00,86.4538,52.4502,2.5486,25.0998,0.8156,87.3368,88.1675,87.3194,-0.8829,53.4060,52.2245,-0.9558
2026-08-01 08:20:00,87.0196,53.4161,2.3376,24.1886,0.7989,86.5003,87.4155,86.9785,0.5192,53.1786,52.0811,0.2375
2026-08-01 08:30:00,87.2166,53.0541,2.3645,25.1407,0.8324,87.9298,86.7728,87.3064,-0.7132,54.2528,52.3142,-1.1987
2026-08-01 08:40:00,88.1328,52.1221,2.5643,25.0860,0.8555,87.6093,86.3582,87.3668,0.5236,52.5026,52.1795,-0.3806
2026-08-01 08:50:00,87.0419,53.0312,2.3930,24.9262,0.8144,87.4326,87.3007,87.2584,-0.3907,53.5770,51.8771,-0.5458
2026-08-01 09:00:00,87.2743,52.1375,2.2555,25.1390,0.8406,87.7778,86.9519,87.3347,-0.5034,53.0437,51.8907,-0.9062
2026-08-01 09:10:00,86.6123,51.1090,2.4952,24.9293,0.8217,86.7911,87.0986,86.8340,-0.1788,51.2682,51.2494,-0.1593
2026-08-01 09:20:00,86.0597,51.4352,2.4796,24.9594,0.8031,86.2369,87.1202,86.4722,-0.1772,51.6624,51.1479,-0.2272
2026-08-01 09:30:00,86.1069,52.5213,2.4920,24.0875,0.8109,86.7337,86.4258,86.4221,-0.6268,52.4856,51.9479,0.0357
2026-08-01 09:40:00,87.0503,50.8381,2.5505,24.5266,0.8302,87.5506,87.4896,87.3635,-0.5004,50.3076,50.4376,0.5305
2026-08-01 09:50:00,86.2512,50.5172,2.4248,24.7390,0.8208,86.5165,86.5345,86.4341,-0.2653,51.0578,50.0805,-0.5405
2026-08-01 10:00:00,86.5710,48.7704,2.3645,25.3512,0.8231,86.4540,87.3049,86.7766,0.1170,51.6844,50.2271,-2.9140
2026-08-01 10:10:00,87.1487,49.1671,2.5054,25.0022,0.8380,87.2144,86.0779,86.8136,-0.0657,49.2879,49.3394,-0.1208
2026-08-01 10:20:00,86.0470,49.4074,2.5217,25.0176,0.8135,87.3122,86.8404,86.7332,-1.2652,49.4883,49.6518,-0.0809
2026-08-01 10:30:00,86.7864,49.0231,2.4136,25.5289,0.8343,85.9561,85.7304,86.1576,0.8303,49.7746,49.9870,-0.7515
2026-08-01 10:40:00,86.5116,48.9901,2.5638,25.0014,0.8089,86.0648,86.9294,86.5019,0.4468,49.3208,49.3783,-0.3306
2026-08-01 10:50:00,85.8731,48.3128,2.4657,24.9761,0.8195,85.8970,86.8142,86.1948,-0.0239,48.3682,49.0400,-0.0554
2026-08-01 11:00:00,86.0317,49.1125,2.5543,25.1223,0.8219,87.1891,86.2635,86.4948,-1.1574,48.3048,49.1706,0.8077
2026-08-01 11:10:00,84.8622,47.6944,2.6016,25.1544,0.8200,86.3928,86.3982,85.8844,-1.5305,48.5898,48.8708,-0.8954
2026-08-01 11:20:00,85.5437,47.2991,2.2617,25.4785,0.8143,85.3235,85.8168,85.5614,0.2202,49.0257,48.7965,-1.7266
2026-08-01 11:30:00,85.6461,48.8973,2.5835,24.9135,0.7960,86.0035,85.5061,85.7186,-0.3574,47.9299,48.9279,0.9675
2026-08-01 11:40:00,85.5517,47.8189,2.3271,25.0386,0.8146,85.6616,85.9362,85.7165,-0.1099,47.3500,48.1953,0.4689
2026-08-01 11:50:00,84.6096,45.7555,2.5120,25.1580,0.8035,85.7627,85.4604,85.2776,-1.1531,47.0337,47.1649,-1.2782
2026-08-01 12:00:00,84.7783,47.7365,2.6398,24.9429,0.8121,85.8815,84.8786,85.1795,-1.1032,47.2796,48.3958,0.4569
2026-08-01 12:10:00,85.3632,46.3576,2.5316,24.9225,0.8206,85.6107,85.9130,85.6290,-0.2475,47.9841,47.8168,-1.6266
2026-08-01 12:20:00,84.4162,47.9073,2.5605,24.9212,0.7884,82.8723,84.2029,83.8305,1.5439,46.7813,48.1424,1.1260
2026-08-01 12:30:00,84.6879,47.7097,2.7259,24.7691,0.7827,84.1883,85.6641,84.8467,0.4996,47.1125,48.5778,0.5971
2026-08-01 12:40:00,84.0345,47.0008,2.3286,24.9008,0.7946,84.9161,84.9332,84.6280,-0.8816,48.8180,48.5601,-1.8172
2026-08-01 12:50:00,84.2760,47.6075,2.4305,25.1229,0.7936,85.1476,84.0876,84.5037,-0.8715,47.1301,47.8727,0.4774
2026-08-01 13:00:00,84.1692,46.8167,2.4992,24.6493,0.7873,83.7723,84.6807,84.2074,0.3969,47.5443,48.0835,-0.7276
2026-08-01 13:10:00,84.1341,47.6457,2.3034,24.6703,0.7912,83.9755,84.4341,84.1812,0.1585,47.7625,48.7745,-0.1168
2026-08-01 13:20:00,83.8952,47.3735,2.2453,24.6978,0.7927,84.0384,83.9473,83.9603,-0.1432,48.2699,48.9440,-0.8964
2026-08-01 13:30:00,83.5928,49.1318,2.6597,24.4566,0.7986,82.4349,83.4398,83.1558,1.1579,48.0527,48.5715,1.0792
2026-08-01 13:40:00,83.3855,49.1826,2.5740,25.2123,0.7800,84.1450,84.0369,83.8558,-0.7595,48.5920,49.2939,0.5906
2026-08-01 13:50:00,83.0438,48.6280,2.5428,24.5503,0.7729,82.3189,83.6213,82.9947,0.7249,48.6420,49.2605,-0.0139
2026-08-01 14:00:00,83.1567,49.8979,2.5052,24.8166,0.7670,83.0786,83.4053,83.2136,0.0781,49.1629,49.8221,0.7351
2026-08-01 14:10:00,82.3025,49.1923,2.6889,24.8698,0.7518,83.2552,83.7452,83.1010,-0.9527,50.5128,49.6772,-1.3206
2026-08-01 14:20:00,82.8643,50.5095,2.5311,25.0136,0.7573,82.9326,83.1353,82.9774,-0.0683,51.5772,50.6424,-1.0677
2026-08-01 14:30:00,84.7225,50.9327,2.3317,25.1054,0.8035,83.3582,83.2857,83.7888,1.3643,50.4727,50.3829,0.4600
2026-08-01 14:40:00,81.8667,52.1872,2.4621,25.3439,0.7411,83.0414,83.7452,82.8844,-1.1747,52.2168,51.7204,-0.0295
2026-08-01 14:50:00,82.0720,50.8047,2.5701,24.7905,0.7544,83.1341,83.1962,82.8008,-1.0621,50.6554,50.7935,0.1492
2026-08-01 15:00:00,82.7378,52.5932,2.4793,25.5763,0.7728,84.0734,83.8568,83.5560,-1.3356,51.7188,51.2772,0.8744
2026-08-01 15:10:00,82.4399,52.5930,2.5024,24.9871,0.7455,83.1805,82.8167,82.8124,-0.7406,51.7353,51.4919,0.8577
2026-08-01 15:20:00,82.9914,51.4571,2.4212,25.1598,0.7650,82.0363,83.3494,82.7924,0.9551,52.3405,50.9474,-0.8834
2026-08-01 15:30:00,82.7337,52.9038,2.2791,25.1262,0.7672,83.4757,83.5847,83.2647,-0.7420,51.9741,51.9362,0.9297
2026-08-01 15:40:00,83.2568,52.2295,2.5467,25.1309,0.7826,83.6667,82.6851,83.2029,-0.4100,53.0442,51.8569,-0.8146
2026-08-01 15:50:00,83.3130,52.7305,2.6755,24.8131,0.7832,82.4082,82.8774,82.8662,0.9048,53.5094,51.7641,-0.7790
2026-08-01 16:00:00,82.9004,53.4280,2.3272,25.3314,0.7730,83.9481,83.2834,83.3773,-1.0477,52.6321,51.9113,0.7959
2026-08-01 16:10:00,83.5054,53.0780,2.4620,25.4752,0.7659,83.9866,83.2373,83.5764,-0.4812,53.0303,52.1915,0.0477
2026-08-01 16:20:00,83.7204,52.7821,2.5565,25.2063,0.7890,83.3974,82.8775,83.3318,0.3231,52.4322,52.4485,0.3499
2026-08-01 16:30:00,82.6459,51.8197,2.5026,24.8155,0.7674,83.8336,83.0944,83.1913,-1.1877,54.1008,51.6425,-2.2811
2026-08-01 16:40:00,83.3458,53.8560,2.3695,25.1041,0.7793,82.2862,83.2991,82.9770,1.0596,53.5297,52.3809,0.3263
2026-08-01 16:50:00,83.8825,52.5305,2.5313,24.7582,0.7833,83.8419,83.0127,83.5791,0.0406,52.2256,51.1614,0.3049
2026-08-01 17:00:00,84.1069,52.5138,2.5212,25.1649,0.7804,84.2339,83.6505,83.9971,-0.1270,52.9415,51.4327,-0.4277
2026-08-01 17:10:00,83.4561,51.8956,2.5684,24.9170,0.7775,84.1549,82.8284,83.4798,-0.6988,53.9800,51.5809,-2.0844
2026-08-01 17:20:00,83.8436,52.4197,2.5020,24.7697,0.7707,83.7145,83.5999,83.7193,0.1291,52.4577,51.4764,-0.0381
2026-08-01 17:30:00,83.9481,50.5400,2.4845,24.7753,0.7795,84.4900,83.9144,84.1175,-0.5419,50.8122,50.2417,-0.2722
2026-08-01 17:40:00,85.3488,52.5164,2.5046,25.2175,0.7883,84.1873,84.5409,84.6923,1.1615,49.2571,50.8230,3.2593
2026-08-01 17:50:00,84.5434,49.5293,2.5388,25.4327,0.7914,84.7988,84.7092,84.6838,-0.2554,50.9685,49.8669,-1.4392
2026-08-01 18:00:00,85.1118,50.1473,2.2270,25.2573,0.7862,84.8898,85.4116,85.1377,0.2219,50.1965,49.8008,-0.0492
2026-08-01 18:10:00,85.4539,50.7299,2.3891,24.2921,0.8164,85.4271,85.0181,85.2997,0.0268,48.5601,49.9427,2.1698
2026-08-01 18:20:00,85.8641,50.9487,2.4719,25.0477,0.7886,85.6585,85.4721,85.6649,0.2056,49.9315,50.6497,1.0172
2026-08-01 18:30:00,85.1267,48.6774,2.4821,25.3298,0.8171,85.5061,85.3070,85.3133,-0.3794,49.6643,49.3463,-0.9868
2026-08-01 18:40:00,86.3649,48.1385,2.5430,24.8211,0.8355,85.4678,86.3806,86.0711,0.8970,48.7508,49.2443,-0.6123
2026-08-01 18:50:00,85.5300,47.9279,2.4958,25.1054,0.8067,85.3986,85.5623,85.4970,0.1313,48.8190,48.9047,-0.8910
2026-08-01 19:00:00,85.9103,46.8168,2.5500,25.2529,0.8328,85.9203,85.3824,85.7377,-0.0100,47.9163,48.2906,-1.0995
2026-08-01 19:10:00,86.1378,46.9438,2.3318,24.8333,0.8235,86.1546,85.6404,85.9776,-0.0168,47.6775,48.2406,-0.7337
2026-08-01 19:20:00,87.0689,47.2688,2.3451,24.7946,0.8573,86.8642,86.4698,86.8010,0.2047,48.1812,48.6972,-0.9123
2026-08-01 19:30:00,86.2947,47.9222,2.5906,25.2533,0.8197,86.1232,85.8263,86.0814,0.1715,48.1995,48.7982,-0.2773
2026-08-01 19:40:00,86.7282,47.5627,2.3588,25.2646,0.8278,86.1892,85.8677,86.2617,0.5389,47.2924,48.2650,0.2703
2026-08-01 19:50:00,85.9428,45.5944,2.4797,25.2442,0.8345,87.0324,86.3153,86.4302,-1.0896,46.8193,47.4379,-1.2249
2026-08-01 20:00:00,87.1343,48.2901,2.4540,24.9203,0.8375,86.5057,86.2417,86.6272,0.6286,46.9251,48.1679,1.3649
2026-08-01 20:10:00,87.1754,48.2047,2.4716,25.4989,0.8369,86.3833,86.9815,86.8467,0.7921,46.2606,48.3423,1.9441
2026-08-01 20:20:00,87.0063,46.7793,2.4491,24.7382,0.8501,86.7013,86.8877,86.8651,0.3051,47.0169,47.8684,-0.2376
2026-08-01 20:30:00,87.0950,47.6380,2.5139,24.9433,0.8276,86.5776,86.6596,86.7774,0.5174,47.1151,47.7293,0.5229
2026-08-01 20:40:00,87.2793,47.6588,2.4418,24.7251,0.8343,86.2700,86.7097,86.7530,1.0093,47.0848,48.5234,0.5740
2026-08-01 20:50:00,87.2295,48.6176,2.5112,24.7267,0.8550,86.8103,86.1590,86.7330,0.4192,47.5782,48.2550,1.0395
2026-08-01 21:00:00,86.9577,47.4984,2.5524,25.2861,0.8336,86.7943,87.3487,87.0336,0.1634,47.0065,48.1877,0.4919
2026-08-01 21:10:00,87.2631,47.5412,2.4699,25.0303,0.8546,86.3953,86.9178,86.8587,0.8679,48.9617,49.1257,-1.4204
2026-08-01 21:20:00,86.8318,48.4429,2.5459,25.1440,0.8459,87.5581,86.3089,86.8996,-0.7263,46.8977,48.2838,1.5453
2026-08-01 21:30:00,86.0056,49.9019,2.3504,24.9102,0.8067,86.1761,87.5828,86.5881,-0.1705,48.0386,49.8856,1.8633
2026-08-01 21:40:00,87.5821,49.2210,2.2905,24.8979,0.8639,87.1459,86.8860,87.2047,0.4361,48.3628,49.4608,0.8582
2026-08-01 21:50:00,86.9975,49.8355,2.6136,25.3247,0.8348,86.0860,86.4407,86.5080,0.9115,48.7303,49.5108,1.1053
2026-08-01 22:00:00,87.4816,51.6421,2.5392,25.1651,0.8172,86.6012,86.6028,86.8952,0.8803,49.0991,50.4210,2.5430
2026-08-01 22:10:00,86.4128,48.8755,2.5843,25.3610,0.8274,86.6479,86.3629,86.4746,-0.2351,49.3302,49.7232,-0.4547
2026-08-01 22:20:00,86.1579,52.3866,2.5950,25.1019,0.8374,87.2762,86.5168,86.6503,-1.1183,49.5727,50.5259,2.8139
2026-08-01 22:30:00,86.3629,50.5414,2.3876,25.0706,0.8277,87.4609,86.6767,86.8335,-1.0981,51.2585,50.0446,-0.7171
2026-08-01 22:40:00,86.7149,50.6929,2.5305,24.9871,0.8212,85.6724,86.1536,86.1803,1.0425,50.3844,50.1809,0.3085
2026-08-01 22:50:00,86.7384,51.5441,2.4327,25.1949,0.8247,87.3017,86.9198,86.9866,-0.5633,49.9089,50.7259,1.6352
2026-08-01 23:00:00,86.3431,53.4489,2.4802,25.3289,0.8063,86.2924,85.7581,86.1312,0.0507,50.7267,51.6528,2.7222
2026-08-01 23:10:00,85.8470,51.3554,2.5815,24.1793,0.8005,85.1696,86.7467,85.9211,0.6774,51.7745,51.0670,-0.4190
2026-08-01 23:20:00,85.8361,53.2449,2.5695,25.2404,0.8002,86.2718,85.6723,85.9267,-0.4356,52.0585,51.3068,1.1865
2026-08-01 23:30:00,86.3558,51.9767,2.6411,25.1612,0.8164,85.8675,85.3126,85.8453,0.4883,53.8825,51.8446,-1.9058
2026-08-01 23:40:00,85.8537,52.4632,2.3569,25.5950,0.7994,85.7486,84.1702,85.2575,0.1052,52.7149,51.9072,-0.2517
2026-08-01 23:50:00,85.2456,52.8959,2.4789,25.2612,0.7821,85.2289,86.2350,85.5698,0.0166,51.7116,51.5039,1.1843
2026-08-02 00:00:00,84.4484,53.2408,2.5033,24.7168,0.7822,85.2072,85.0427,84.8994,-0.7588,52.6411,51.7662,0.5997
2026-08-02 00:10:00,83.6854,53.7159,2.6195,24.4749,0.7812,85.2007,84.6232,84.5031,-1.5153,52.8326,51.9712,0.8832
2026-08-02 00:20:00,85.1144,52.1637,2.7123,25.3476,0.7830,85.6449,85.3649,85.3747,-0.5305,52.8538,51.8752,-0.6901
2026-08-02 00:30:00,84.9447,52.1650,2.5835,24.8702,0.8008,84.5845,84.3220,84.6171,0.3602,53.4020,51.7420,-1.2370
2026-08-02 00:40:00,84.3932,52.9252,2.6469,24.8693,0.7736,85.3053,84.6543,84.7843,-0.9120,52.3355,51.8623,0.5896
2026-08-02 00:50:00,83.9830,52.1659,2.7574,24.7036,0.7639,84.9287,84.2928,84.4015,-0.9458,52.8534,51.8645,-0.6875
2026-08-02 01:00:00,83.1251,53.0338,2.4439,25.5697,0.7548,84.9376,85.1893,84.4173,-1.8125,51.9885,51.6170,1.0453
2026-08-02 01:10:00,83.6958,53.0420,2.5179,25.1598,0.7699,84.2361,84.4233,84.1184,-0.5402,51.6439,52.0937,1.3981
2026-08-02 01:20:00,83.6126,52.3240,2.3738,25.2052,0.7829,83.9858,84.5379,84.0454,-0.3732,51.2605,51.3366,1.0635
2026-08-02 01:30:00,82.8254,51.2669,2.4207,24.9794,0.7774,84.5833,83.2116,83.5401,-1.7579,52.4962,51.6741,-1.2293
2026-08-02 01:40:00,83.6302,51.8628,2.4585,24.8458,0.7688,83.9428,83.6658,83.7463,-0.3125,50.5754,50.6124,1.2874
2026-08-02 01:50:00,83.3623,49.7122,2.5668,25.3585,0.7860,84.9235,83.7912,84.0257,-1.5612,52.1326,50.6701,-2.4204
2026-08-02 02:00:00,83.1287,50.0953,2.5166,24.9629,0.7608,82.8720,84.0345,83.3451,0.2568,51.0589,50.9184,-0.9636
2026-08-02 02:10:00,82.9910,49.2196,2.3851,25.3168,0.7633,83.2525,83.5183,83.2539,-0.2615,48.7492,49.5560,0.4704
2026-08-02 02:20:00,83.6256,49.4450,2.4913,24.9903,0.7951,83.2141,83.2579,83.3659,0.4116,49.0591,48.6616,0.3859
2026-08-02 02:30:00,83.6163,48.8496,2.4125,25.6331,0.7871,83.0176,83.6965,83.4435,0.5987,49.5179,49.5604,-0.6683
2026-08-02 02:40:00,82.7260,49.0571,2.5940,24.8190,0.7498,83.5432,83.4348,83.2347,-0.8171,49.5256,49.5414,-0.4686
2026-08-02 02:50:00,83.4890,47.6514,2.4813,24.6859,0.7960,83.0070,83.1841,83.2267,0.4820,48.8466,48.7611,-1.1952
2026-08-02 03:00:00,83.4112,49.2051,2.5980,24.4830,0.7797,83.0852,83.6515,83.3826,0.3260,47.7344,48.6677,1.4706
2026-08-02 03:10:00,83.4254,47.6046,2.4376,24.9220,0.7695,83.0851,82.8557,83.1221,0.3404,48.3051,48.5751,-0.7005
2026-08-02 03:20:00,83.0481,47.0377,2.4745,24.6611,0.7899,82.9868,82.0054,82.6801,0.0614,46.3516,48.1077,0.6860
2026-08-02 03:30:00,83.0465,47.2124,2.4997,25.1462,0.7944,83.2529,83.1613,83.1536,-0.2064,46.9449,47.5897,0.2675
2026-08-02 03:40:00,83.3579,47.5464,2.6100,25.5136,0.7711,82.7611,83.3645,83.1612,0.5967,47.2293,48.6916,0.3171
2026-08-02 03:50:00,83.0906,48.6265,2.5056,25.4883,0.7514,83.3638,83.0798,83.1781,-0.2732,45.4273,48.0133,3.1992
2026-08-02 04:00:00,82.6491,46.5843,2.5305,24.9631,0.7785,83.2660,84.2978,83.4043,-0.6169,47.2331,47.9729,-0.6488
2026-08-02 04:10:00,83.5722,47.0047,2.3416,25.2076,0.8005,84.0456,83.5321,83.7166,-0.4734,46.7849,48.0087,0.2198
2026-08-02 04:20:00,84.3611,46.9231,2.3806,25.6628,0.7895,82.5758,83.4275,83.4548,1.7853,47.3527,48.2293,-0.4296
2026-08-02 04:30:00,84.0249,47.0990,2.4853,24.8280,0.7954,83.7389,83.8151,83.8596,0.2860,46.3840,47.4538,0.7150
2026-08-02 04:40:00,84.1569,46.9787,2.4015,24.4450,0.8105,83.7236,83.7407,83.8737,0.4333,47.5783,48.2494,-0.5996
2026-08-02 04:50:00,83.8412,47.5637,2.4023,24.4704,0.8124,83.7334,83.3670,83.6472,0.1078,46.7612,48.4232,0.8026
2026-08-02 05:00:00,84.0724,47.1880,2.4696,25.0934,0.7907,84.2604,84.7765,84.3697,-0.1880,47.2824,48.0713,-0.0944
2026-08-02 05:10:00,83.7398,48.0509,2.3040,25.3298,0.7736,83.5968,83.8948,83.7438,0.1430,48.9806,48.7542,-0.9297
2026-08-02 05:20:00,84.2226,48.7348,2.4328,24.9639,0.7762,83.8909,84.6152,84.2429,0.3317,48.8262,49.0539,-0.0914
2026-08-02 05:30:00,83.9758,48.6821,2.3536,24.9410,0.7845,84.0927,84.0842,84.0509,-0.1168,48.9294,48.8922,-0.2474
2026-08-02 05:40:00,85.1315,50.1237,2.7200,25.0889,0.8163,84.9706,84.4112,84.8378,0.1609,47.8783,49.6026,2.2455
2026-08-02 05:50:00,84.9456,51.0383,2.5740,25.3167,0.7903,84.7750,83.5206,84.4137,0.1706,49.6671,50.6005,1.3712
2026-08-02 06:00:00,85.6960,49.7161,2.3186,24.8387,0.8105,85.0301,83.6380,84.7880,0.6659,49.5248,49.4357,0.1913
2026-08-02 06:10:00,85.8976,48.5236,2.6013,24.9521,0.7974,85.8387,85.5008,85.7457,0.0589,51.0000,49.8691,-2.4764
2026-08-02 06:20:00,85.0115,50.8285,2.5546,24.8373,0.7891,85.4209,85.0977,85.1767,-0.4094,51.1323,51.1105,-0.3038
2026-08-02 06:30:00,85.9458,50.2262,2.4987,25.1161,0.8216,85.7763,85.1453,85.6225,0.1695,50.3841,50.5060,-0.1579
2026-08-02 06:40:00,85.8729,51.7252,2.4295,25.6299,0.8104,85.4742,85.4718,85.6063,0.3986,51.0427,50.5360,0.6824
2026-08-02 06:50:00,85.9946,50.6650,2.5103,24.5220,0.7914,85.9905,84.9658,85.6503,0.0040,51.8474,50.8883,-1.1824
2026-08-02 07:00:00,86.0734,51.6197,2.4869,24.8031,0.8207,85.6037,85.5598,85.7457,0.4697,52.4221,51.1608,-0.8024
2026-08-02 07:10:00,85.2515,51.5313,2.6056,25.0248,0.8021,86.1479,86.7394,86.0463,-0.8963,50.4612,50.6258,1.0701
2026-08-02 07:20:00,86.3006,52.5819,2.5800,25.2475,0.8096,85.3024,87.2542,86.2857,0.9982,52.3751,51.6786,0.2068
2026-08-02 07:30:00,87.0454,52.4570,2.6292,24.9080,0.8416,86.5132,85.8094,86.4560,0.5321,54.3424,52.4472,-1.8854
2026-08-02 07:40:00,86.2277,51.7721,2.5698,25.4152,0.8170,86.5792,87.0649,86.6239,-0.3516,53.2503,51.4768,-1.4782
2026-08-02 07:50:00,86.3308,53.4188,2.5502,25.3264,0.8134,86.8720,86.5883,86.5970,-0.5412,53.6692,52.5864,-0.2504
2026-08-02 08:00:00,86.6029,52.8493,2.5324,25.0336,0.8286,86.7443,85.8204,86.3892,-0.1414,52.0288,51.5543,0.8206
2026-08-02 08:10:00,87.1735,52.3941,2.5651,24.7699,0.8270,86.9393,86.0667,86.7265,0.2342,53.3165,52.3882,-0.9224
2026-08-02 08:20:00,86.7806,52.9589,2.5253,25.0272,0.8181,86.7860,85.9483,86.5050,-0.0054,53.3367,51.7760,-0.3778
2026-08-02 08:30:00,87.1201,53.3326,2.5407,24.7349,0.8250,86.7726,86.5177,86.8034,0.3475,54.5486,52.3576,-1.2161
2026-08-02 08:40:00,87.2170,53.8187,2.5383,24.8155,0.8163,86.2334,86.9261,86.7922,0.9836,52.8758,52.1563,0.9429
2026-08-02 08:50:00,87.7043,52.3502,2.3450,25.4549,0.8220,87.2434,87.2712,87.4063,0.4609,52.5674,51.9317,-0.2172
2026-08-02 09:00:00,87.0595,51.8675,2.2958,24.4932,0.8533,87.3816,87.6194,87.3535,-0.3221,54.4275,52.0040,-2.5600
2026-08-02 09:10:00,86.9460,50.5450,2.4759,24.9198,0.8241,87.5501,87.3746,87.2902,-0.6040,52.8967,50.7960,-2.3518
2026-08-02 09:20:00,87.0084,51.8138,2.6917,25.0496,0.8235,87.5600,86.8952,87.1545,-0.5516,52.2412,51.4984,-0.4274
2026-08-02 09:30:00,86.6961,50.6338,2.4968,24.8702,0.8086,87.3304,87.2776,87.1014,-0.6343,50.9058,50.2613,-0.2719
2026-08-02 09:40:00,87.1237,52.1781,2.6021,25.3602,0.8223,87.1396,86.9034,87.0556,-0.0159,50.5672,50.9738,1.6109
2026-08-02 09:50:00,86.3787,49.7955,2.4555,24.8985,0.8210,85.8462,86.4657,86.2302,0.5325,52.0332,50.6069,-2.2377
2026-08-02 10:00:00,87.0127,50.3329,2.4892,24.7351,0.8237,87.7918,86.6127,87.1391,-0.7791,51.7689,50.5760,-1.4360
2026-08-02 10:10:00,86.4787,49.6696,2.4824,24.7184,0.8230,85.9960,86.9948,86.4898,0.4827,50.1798,50.1683,-0.5103
2026-08-02 10:20:00,86.2837,49.8142,2.5431,25.0383,0.8396,86.8737,86.5001,86.5525,-0.5900,50.8374,50.3703,-1.0233
2026-08-02 10:30:00,87.3036,47.3680,2.4699,24.9106,0.8236,86.6150,86.4524,86.7904,0.6886,47.6244,48.1009,-0.2564
2026-08-02 10:40:00,86.9788,49.2270,2.4288,24.7777,0.8406,85.4314,86.8289,86.4130,1.5473,47.3865,49.3638,1.8404
2026-08-02 10:50:00,86.4763,46.6985,2.4620,25.0952,0.8122,86.2638,86.6550,86.4651,0.2125,46.8452,48.0717,-0.1467
2026-08-02 11:00:00,85.9376,48.6121,2.4766,24.6829,0.8067,85.9911,86.1912,86.0400,-0.0535,49.0250,49.1286,-0.4128
2026-08-02 11:10:00,85.0651,47.2537,2.3476,25.1050,0.8150,86.3751,85.9959,85.8120,-1.3101,47.3188,48.0376,-0.0651
2026-08-02 11:20:00,85.6384,46.9946,2.6610,24.8902,0.8176,85.4695,85.6356,85.5812,0.1688,46.6015,47.5568,0.3931
2026-08-02 11:30:00,86.4537,47.6634,2.4661,24.8030,0.8412,85.2662,84.9936,85.5712,1.1875,47.7821,48.2038,-0.1186
2026-08-02 11:40:00,84.7056,46.2283,2.5415,24.9687,0.7971,85.7524,85.2703,85.2427,-1.0469,45.9198,46.9904,0.3084
2026-08-02 11:50:00,85.1853,46.3988,2.5105,25.3337,0.8073,86.6805,85.6557,85.8405,-1.4951,46.9612,47.3863,-0.5624
2026-08-02 12:00:00,84.8257,46.8012,2.5760,24.8213,0.8113,85.1953,85.8347,85.2852,-0.3696,47.8686,48.3233,-1.0674
2026-08-02 12:10:00,85.2082,47.9245,2.5537,25.0833,0.8134,85.8058,85.2306,85.4149,-0.5977,47.5832,48.2997,0.3414
2026-08-02 12:20:00,85.4032,47.4618,2.4655,24.9790,0.8115,84.8282,85.1049,85.1121,0.5750,46.8682,47.6336,0.5936
2026-08-02 12:30:00,85.3696,47.4414,2.5271,24.9856,0.8223,84.6768,84.6702,84.9055,0.6928,46.9046,48.4907,0.5368
2026-08-02 12:40:00,84.4172,47.3738,2.4565,24.9038,0.8099,84.0242,84.9876,84.4763,0.3930,47.7937,48.4538,-0.4198
2026-08-02 12:50:00,84.0598,46.4343,2.5664,24.5215,0.7983,84.3420,84.8664,84.4227,-0.2822,46.6854,47.4230,-0.2510
2026-08-02 13:00:00,84.2673,47.7420,2.2983,24.9981,0.8139,84.4291,83.7232,84.1398,-0.1618,47.9957,48.8741,-0.2536
2026-08-02 13:10:00,82.9903,47.9438,2.6300,24.5427,0.7732,83.8924,83.9470,83.6099,-0.9021,48.9794,49.3411,-1.0356
2026-08-02 13:20:00,83.5632,47.6863,2.6273,25.2325,0.7852,84.1803,84.3238,84.0224,-0.6171,47.4741,48.2086,0.2122
2026-08-02 13:30:00,83.5886,47.3053,2.4657,24.7623,0.7886,83.1513,84.0675,83.6025,0.4373,48.6780,48.6305,-1.3728
2026-08-02 13:40:00,83.7025,49.6974,2.4762,25.0106,0.7747,83.2406,84.5047,83.8159,0.4619,48.6901,49.4590,1.0073
2026-08-02 13:50:00,83.3231,49.9056,2.4456,24.8657,0.7845,82.7243,83.6792,83.2422,0.5988,48.5668,48.8881,1.3388
2026-08-02 14:00:00,83.2274,49.0764,2.3667,25.7787,0.7816,83.6450,83.4413,83.4379,-0.4177,48.6531,49.1935,0.4233
2026-08-02 14:10:00,83.0098,48.8522,2.6791,24.9732,0.7653,83.3295,82.6724,83.0039,-0.3198,49.2497,49.8282,-0.3976
2026-08-02 14:20:00,82.8608,50.7619,2.5104,24.9478,0.7602,84.3219,82.8974,83.3600,-1.4612,49.6765,50.2933,1.0855
2026-08-02 14:30:00,82.4257,51.9650,2.4799,25.0387,0.7584,82.9508,83.6452,83.0073,-0.5251,51.2963,51.2420,0.6688
2026-08-02 14:40:00,82.2732,51.2211,2.4889,25.5213,0.7413,82.7491,83.6614,82.8946,-0.4758,50.3970,50.3421,0.8240
2026-08-02 14:50:00,83.8446,52.1189,2.5858,25.2168,0.7775,83.0761,83.5115,83.4774,0.7685,50.8224,51.5006,1.2965
2026-08-02 15:00:00,82.7330,52.9398,2.5506,24.8358,0.7620,83.0713,82.1476,82.6506,-0.3384,51.7569,51.1909,1.1829
2026-08-02 15:10:00,83.2614,52.2668,2.5877,24.7910,0.7542,82.4619,84.0177,83.2470,0.7995,54.5445,52.8709,-2.2777
2026-08-02 15:20:00,82.2603,51.4965,2.3935,25.2322,0.7755,83.4600,83.0950,82.9384,-1.1997,51.6405,50.9600,-0.1440
2026-08-02 15:30:00,83.1125,53.4778,2.4501,25.1204,0.7640,83.0806,82.8099,83.0010,0.0319,52.6948,52.0288,0.7829
2026-08-02 15:40:00,82.7297,53.6054,2.6575,25.0510,0.7547,83.4475,83.1230,83.1001,-0.7178,53.6839,52.4617,-0.0785
2026-08-02 15:50:00,83.4805,54.3611,2.6268,24.9530,0.7749,82.5867,82.9677,83.0116,0.8938,53.5646,53.1009,0.7965
2026-08-02 16:00:00,82.8922,52.9781,2.5003,24.9723,0.7473,83.4378,82.4828,82.9376,-0.5455,53.8846,52.6925,-0.9064
2026-08-02 16:10:00,83.0424,51.9591,2.4968,24.8440,0.7627,83.3137,82.7223,83.0261,-0.2713,54.3272,51.9031,-2.3682
2026-08-02 16:20:00,83.9356,52.1859,2.5061,25.1351,0.7788,83.2347,83.0214,83.3973,0.7009,52.6489,51.4090,-0.4630
2026-08-02 16:30:00,83.7523,54.2366,2.5359,25.1787,0.7794,83.2424,82.4595,83.1514,0.5099,52.9001,52.6354,1.3365
2026-08-02 16:40:00,84.7196,51.8139,2.6100,25.0783,0.7865,83.0628,83.1760,83.6528,1.6568,53.2303,52.0482,-1.4164
2026-08-02 16:50:00,82.4907,52.7900,2.4426,24.8559,0.7582,84.6750,83.2269,83.4642,-2.1842,52.5216,51.2979,0.2685
2026-08-02 17:00:00,84.2192,51.5693,2.6576,25.1081,0.7807,83.7147,83.8968,83.9436,0.5045,52.9329,51.1501,-1.3636
2026-08-02 17:10:00,84.0805,51.8242,2.5212,25.3918,0.7665,84.4780,84.0350,84.1978,-0.3975,51.7231,51.4243,0.1011
2026-08-02 17:20:00,84.1244,50.0501,2.1566,24.6351,0.7813,84.2406,84.2987,84.2212,-0.1162,51.6198,50.1336,-1.5697
2026-08-02 17:30:00,84.2921,50.9734,2.6738,25.1671,0.7699,84.1584,84.5030,84.3179,0.1337,51.5168,50.3429,-0.5434
2026-08-02 17:40:00,85.0619,51.0672,2.4843,24.7581,0.8079,83.5754,83.5388,84.0587,1.4865,50.5602,50.6331,0.5070
2026-08-02 17:50:00,84.1436,49.9558,2.4659,25.1030,0.7845,84.5162,84.1295,84.2631,-0.3725,51.6477,50.7324,-1.6919
2026-08-02 18:00:00,85.3119,49.3776,2.4487,25.1429,0.8007,84.3624,84.7971,84.8238,0.9495,49.3453,49.5115,0.0323
2026-08-02 18:10:00,85.6204,49.7246,2.3953,25.1418,0.8041,85.4228,85.0803,85.3745,0.1976,49.7223,49.5907,0.0024
2026-08-02 18:20:00,84.9227,51.2953,2.2709,24.4719,0.8060,85.6176,85.1802,85.2401,-0.6950,48.0149,49.9317,3.2804
2026-08-02 18:30:00,85.0278,48.7729,2.5407,25.1520,0.7976,85.9898,85.5808,85.5328,-0.9620,48.4554,48.9322,0.3175
2026-08-02 18:40:00,85.3047,48.4499,2.5629,24.4448,0.7894,85.1016,86.0236,85.4767,0.2031,49.0420,49.6371,-0.5921
2026-08-02 18:50:00,85.7674,47.5001,2.3324,24.7513,0.8128,84.4714,85.0971,85.1120,1.2959,47.8201,48.4466,-0.3200
2026-08-02 19:00:00,85.9789,48.1347,2.3377,24.6595,0.8295,85.7157,86.1075,85.9340,0.2632,48.0607,48.7880,0.0739
2026-08-02 19:10:00,86.4115,47.1748,2.4333,24.7960,0.8289,86.2871,85.6419,86.1135,0.1244,48.8027,49.1841,-1.6280
2026-08-02 19:20:00,85.8463,48.3527,2.4982,25.1142,0.8163,86.7567,86.1737,86.2589,-0.9104,47.3418,48.4396,1.0109
2026-08-02 19:30:00,85.8136,46.7711,2.6220,25.3249,0.8155,85.7366,86.6230,86.0577,0.0770,47.7452,47.5793,-0.9742
2026-08-02 19:40:00,87.9720,47.1115,2.6702,25.0523,0.8428,86.5112,85.5518,86.6783,1.4607,47.1276,47.7533,-0.0161
2026-08-02 19:50:00,86.5361,47.2241,2.5296,24.5621,0.8249,85.5445,86.7246,86.2684,0.9916,47.2645,47.8104,-0.0404
2026-08-02 20:00:00,87.4350,47.3733,2.4895,24.8580,0.8380,86.2437,87.1191,86.9326,1.1913,47.2452,47.8915,0.1280
2026-08-02 20:10:00,87.4610,46.9534,2.4081,25.5926,0.8351,86.3194,86.6384,86.8063,1.1416,47.2578,47.8445,-0.3044
2026-08-02 20:20:00,85.7740,47.1282,2.3954,24.8923,0.8121,86.2708,86.5988,86.2145,-0.4968,46.5200,47.6307,0.6082
2026-08-02 20:30:00,87.4147,46.4324,2.4748,24.9888,0.8300,86.3205,86.7928,86.8427,1.0941,47.0406,47.5879,-0.6082
2026-08-02 20:40:00,86.9566,47.6161,2.5587,25.1999,0.8486,86.9857,86.1849,86.7091,-0.0291,46.9918,47.8219,0.6243
2026-08-02 20:50:00,87.4149,48.7184,2.4994,25.3487,0.8510,87.1215,87.1952,87.2438,0.2935,48.1609,48.5410,0.5575
2026-08-02 21:00:00,87.1239,48.3219,2.3566,25.5737,0.8478,87.5427,87.1741,87.2802,-0.4188,46.8611,48.0138,1.4609
2026-08-02 21:10:00,86.9428,48.7312,2.5542,25.5131,0.8298,86.8200,86.9963,86.9197,0.1228,46.9537,49.0122,1.7775
2026-08-02 21:20:00,86.8446,48.7026,2.5814,24.7742,0.8343,86.9886,87.4877,87.1069,-0.1440,48.1804,48.1039,0.5221
2026-08-02 21:30:00,86.4646,47.6522,2.6927,25.4244,0.8075,86.4643,86.2999,86.4096,0.0003,48.6732,48.4883,-1.0210
2026-08-02 21:40:00,86.7466,48.1218,2.5430,24.4962,0.8569,87.6840,88.2105,87.5470,-0.9374,49.3371,49.6200,-1.2153
2026-08-02 21:50:00,87.2590,48.8048,2.4628,25.1272,0.8490,86.8761,87.2092,87.1147,0.3829,48.9574,49.1304,-0.1526
2026-08-02 22:00:00,85.9963,50.3542,2.4508,24.6145,0.8080,86.9553,87.2134,86.7217,-0.9590,49.4609,50.2588,0.8933
2026-08-02 22:10:00,87.3834,50.1622,2.5974,24.7998,0.8223,86.2597,86.3803,86.6745,1.1238,49.6498,50.5320,0.5124
2026-08-02 22:20:00,86.2703,50.4753,2.5154,24.6038,0.8191,86.9667,87.4733,86.9034,-0.6964,51.4427,50.7483,-0.9674
2026-08-02 22:30:00,86.3025,51.0156,2.5408,24.9860,0.8156,86.0648,86.9736,86.4470,0.2377,51.0147,50.4499,0.0010
2026-08-02 22:40:00,87.0301,51.6668,2.3576,25.2835,0.8187,86.2093,86.4386,86.5593,0.8208,51.8386,51.1512,-0.1718
2026-08-02 22:50:00,86.4563,50.5674,2.3897,25.0096,0.8129,86.1834,86.7872,86.4756,0.2729,50.8575,50.2544,-0.2901
2026-08-02 23:00:00,86.0549,50.4203,2.6008,25.0390,0.8155,85.8775,86.6301,86.1875,0.1774,51.6971,51.0736,-1.2769
2026-08-02 23:10:00,84.9898,52.4307,2.5042,25.0934,0.8066,85.3181,85.4499,85.2526,-0.3283,51.8389,50.8554,0.5918
2026-08-02 23:20:00,86.8373,53.3448,2.5517,25.2349,0.8302,85.5379,85.8195,86.0649,1.2994,52.6539,51.8483,0.6909
2026-08-02 23:30:00,85.0539,52.3480,2.5382,25.2734,0.7811,85.5892,85.8182,85.4871,-0.5353,51.4855,51.4125,0.8625
2026-08-02 23:40:00,85.2938,52.1469,2.4518,25.1606,0.8077,85.6874,86.6371,85.8728,-0.3937,53.6639,52.1024,-1.5170
2026-08-02 23:50:00,84.8229,53.8793,2.4231,25.2240,0.7613,85.1004,84.8188,84.9140,-0.2775,52.6688,51.7209,1.2105
2026-08-03 00:00:00,85.0143,53.3737,2.4350,24.9040,0.7923,85.1508,86.0213,85.3954,-0.1365,52.4260,52.0944,0.9476
2026-08-03 00:10:00,84.9558,51.7033,2.5087,24.9739,0.7893,85.8872,85.8168,85.5533,-0.9314,52.3899,51.5550,-0.6866
2026-08-03 00:20:00,85.0246,53.0145,2.3902,24.7143,0.7966,85.0791,84.8573,84.9870,-0.0545,54.0270,52.7952,-1.0125
2026-08-03 00:30:00,85.2232,53.9603,2.4984,24.5995,0.7882,84.5953,84.5108,84.7764,0.6279,52.5931,51.8378,1.3672
2026-08-03 00:40:00,84.6732,53.9007,2.7382,25.0745,0.7817,84.4639,85.3333,84.8235,0.2093,53.8471,52.5104,0.0536
2026-08-03 00:50:00,84.7565,52.5094,2.4264,24.9536,0.8059,84.6768,84.2290,84.5541,0.0797,53.3479,52.1666,-0.8386
2026-08-03 01:00:00,83.8450,51.5240,2.3889,24.5067,0.7716,84.0659,84.9460,84.2857,-0.2209,53.0395,51.5801,-1.5154
2026-08-03 01:10:00,82.9159,52.0625,2.3355,25.2620,0.7716,84.0255,84.5632,83.8349,-1.1095,52.9327,51.6979,-0.8702
2026-08-03 01:20:00,83.6420,50.4370,2.4645,24.7010,0.7683,83.4864,83.0192,83.3825,0.1556,52.6098,51.0813,-2.1728
2026-08-03 01:30:00,84.1662,51.7896,2.5499,25.2383,0.7836,84.3670,83.5980,84.0437,-0.2007,51.4839,51.0074,0.3057
2026-08-03 01:40:00,84.4764,50.2710,2.6288,24.5910,0.7923,83.4950,83.2040,83.7251,0.9814,50.6165,50.4467,-0.3455
2026-08-03 01:50:00,83.1935,49.6194,2.5898,24.9936,0.7774,84.0145,84.3587,83.8556,-0.8210,48.9476,49.4901,0.6718
2026-08-03 02:00:00,82.4295,52.1808,2.5151,25.2919,0.7486,83.1840,84.0176,83.2104,-0.7545,50.8037,51.4982,1.3772
2026-08-03 02:10:00,82.7702,49.4340,2.5513,25.1997,0.7724,82.6064,82.8904,82.7557,0.1638,50.2733,49.4394,-0.8393
2026-08-03 02:20:00,82.6776,49.2534,2.4224,25.0688,0.7665,82.7933,82.8857,82.7855,-0.1157,50.6307,50.0766,-1.3773
2026-08-03 02:30:00,83.1918,48.8958,2.4093,24.8307,0.7522,82.8024,82.8776,82.9572,0.3894,49.6624,49.3385,-0.7666
2026-08-03 02:40:00,83.4233,48.2922,2.5149,24.9906,0.7885,83.6713,82.6271,83.2406,-0.2479,50.2595,49.2602,-1.9673
2026-08-03 02:50:00,82.9155,47.7506,2.6508,24.6817,0.7827,81.9262,83.4751,82.7723,0.9893,48.3470,48.5868,-0.5964
2026-08-03 03:00:00,82.6541,47.8254,2.4645,24.5527,0.7635,83.4068,82.8291,82.9633,-0.7527,47.5412,48.4695,0.2842
2026-08-03 03:10:00,83.2519,48.1401,2.5338,25.3627,0.7799,82.8819,83.4443,83.1927,0.3700,47.3119,48.3627,0.8282
2026-08-03 03:20:00,82.2338,48.8530,2.7085,24.9475,0.7696,83.3574,83.0947,82.8953,-1.1235,48.5923,48.7690,0.2607
2026-08-03 03:30:00,82.9757,45.5589,2.3989,24.5123,0.7646,82.7827,83.1901,82.9828,0.1930,46.8697,47.3127,-1.3109
2026-08-03 03:40:00,82.7533,47.2145,2.4395,24.6980,0.7840,82.6320,82.3945,82.5932,0.1213,47.8203,47.8398,-0.6058
2026-08-03 03:50:00,83.8021,46.2049,2.5080,24.7016,0.7935,82.8601,82.5769,83.0797,0.9419,45.8193,47.1792,0.3855
2026-08-03 04:00:00,83.5055,47.5395,2.4281,24.7851,0.7832,83.1881,83.1190,83.2708,0.3174,46.6786,47.9630,0.8609
2026-08-03 04:10:00,83.2181,45.0935,2.4594,25.2346,0.8019,83.8562,83.2324,83.4356,-0.6381,46.0489,46.8832,-0.9554
2026-08-03 04:20:00,83.0870,45.9750,2.4058,24.7813,0.7694,83.8281,83.5725,83.4959,-0.7411,46.9863,47.7683,-1.0113
2026-08-03 04:30:00,83.7387,46.6416,2.6799,24.7694,0.7745,83.5486,83.6438,83.6437,0.1902,46.8607,48.2075,-0.2191
2026-08-03 04:40:00,83.8047,46.7454,2.4406,25.0446,0.7926,84.1925,83.8853,83.9608,-0.3878,45.9742,47.5226,0.7712
2026-08-03 04:50:00,83.2314,48.7868,2.4027,25.0606,0.7701,82.7251,82.9581,82.9716,0.5063,47.2024,48.8336,1.5844
2026-08-03 05:00:00,84.2655,46.8141,2.5313,25.2849,0.8037,83.6720,83.7385,83.8920,0.5935,47.7419,48.6044,-0.9278
2026-08-03 05:10:00,85.0054,48.6896,2.5053,24.9907,0.8047,84.1027,83.5947,84.2343,0.9027,49.4532,49.1434,-0.7636
2026-08-03 05:20:00,84.9637,46.7417,2.4725,24.8984,0.8115,83.9726,84.6930,84.5431,0.9911,47.9799,47.9317,-1.2382
2026-08-03 05:30:00,83.9994,48.4736,2.5724,25.2717,0.7775,83.9159,83.6220,83.8458,0.0835,48.2716,49.2037,0.2020
2026-08-03 05:40:00,84.7384,49.6637,2.5747,24.8240,0.7843,84.1887,84.7266,84.5512,0.5497,49.3342,49.6897,0.3294
2026-08-03 05:50:00,85.3001,49.7249,2.4668,24.5294,0.8180,84.6047,84.2567,84.7205,0.6955,49.1414,50.0717,0.5835
2026-08-03 06:00:00,85.4963,49.7120,2.5470,25.3681,0.8118,84.8861,83.6076,84.6633,0.6103,50.6050,49.7972,-0.8930
2026-08-03 06:10:00,84.2390,48.9481,2.4145,25.1458,0.8033,85.1708,85.6934,85.0344,-0.9319,49.6775,49.4723,-0.7293
2026-08-03 06:20:00,84.4139,50.3158,2.2958,24.5975,0.7966,84.3308,84.2059,84.3169,0.0831,48.9853,50.0000,1.3305
2026-08-03 06:30:00,86.3371,51.0883,2.5943,24.6508,0.8291,84.9895,85.5081,85.6115,1.3476,50.7547,50.0389,0.3336
2026-08-03 06:40:00,85.2415,51.6369,2.3150,25.0890,0.7845,85.7880,84.6670,85.2321,-0.5465,51.5026,51.2915,0.1343
2026-08-03 06:50:00,85.7612,51.7622,2.6486,24.7650,0.8008,86.0044,85.7288,85.8315,-0.2432,51.3057,50.6581,0.4564
2026-08-03 07:00:00,86.4868,51.1308,2.7278,24.6413,0.8079,86.0161,85.9586,86.1538,0.4707,51.0471,51.2337,0.0836
2026-08-03 07:10:00,86.3120,52.1817,2.5386,25.3632,0.8292,86.0964,85.2082,85.8722,0.2156,51.1145,50.6743,1.0672
2026-08-03 07:20:00,85.9643,52.6283,2.5214,25.3380,0.7858,86.1418,86.2304,86.1122,-0.1774,50.1337,51.0567,2.4946
2026-08-03 07:30:00,87.7793,53.3903,2.5308,24.9179,0.8338,87.0541,85.9738,86.9357,0.7251,53.5529,52.4537,-0.1626
2026-08-03 07:40:00,87.3454,53.7690,2.5190,25.0375,0.8207,86.9027,85.9905,86.7462,0.4427,52.8626,52.1525,0.9064
2026-08-03 07:50:00,85.9677,53.1507,2.3475,24.8655,0.8117,86.6165,86.4907,86.3583,-0.6489,52.2060,52.1002,0.9447
2026-08-03 08:00:00,86.2890,53.5651,2.6299,24.5408,0.8046,86.3891,86.6685,86.4489,-0.1001,52.2196,51.5786,1.3455
2026-08-03 08:10:00,86.7858,52.5254,2.4854,25.2678,0.8030,86.6752,86.3428,86.6013,0.1107,53.0189,51.6720,-0.4935
2026-08-03 08:20:00,86.2893,53.2122,2.7771,24.9698,0.8024,86.4480,87.1994,86.6456,-0.1587,52.2728,52.2182,0.9395
2026-08-03 08:30:00,86.1135,52.9255,2.5663,25.2287,0.8148,87.0124,87.3894,86.8384,-0.8989,52.1050,51.4836,0.8205
2026-08-03 08:40:00,86.7681,53.7849,2.5466,25.2046,0.8134,87.3403,86.1034,86.7372,-0.5722,52.4445,52.0113,1.3404
2026-08-03 08:50:00,86.7552,52.1230,2.5547,25.0715,0.8319,85.9265,87.6760,86.7859,0.8288,52.0783,51.7952,0.0447
2026-08-03 09:00:00,86.7912,52.4169,2.3923,24.6352,0.8254,85.6604,86.3620,86.2712,1.1309,52.9934,51.6791,-0.5765
2026-08-03 09:10:00,86.5513,53.0445,2.6874,25.0001,0.8269,87.7585,86.9842,87.0980,-1.2072,51.7115,51.6120,1.3330
2026-08-03 09:20:00,86.2424,51.9544,2.4671,25.0169,0.8132,86.5686,86.9821,86.5977,-0.3263,50.7388,50.7530,1.2156
2026-08-03 09:30:00,86.3752,50.4467,2.2742,24.8712,0.8241,87.0585,87.5343,86.9893,-0.6833,50.7378,50.2513,-0.2911
2026-08-03 09:40:00,87.3380,50.7072,2.5185,25.6343,0.8304,86.6898,86.4731,86.8336,0.6482,50.9167,50.8478,-0.2095
2026-08-03 09:50:00,87.0994,51.5376,2.5361,24.3277,0.8332,86.9315,86.9327,86.9879,0.1679,51.7510,51.0139,-0.2134
2026-08-03 10:00:00,87.0219,49.1386,2.3482,24.8204,0.8298,87.0866,86.3307,86.8131,-0.0647,51.5971,49.9556,-2.4585
2026-08-03 10:10:00,86.5942,49.6177,2.5299,25.1352,0.8477,86.4307,86.9690,86.6647,0.1635,49.9332,50.1452,-0.3154
2026-08-03 10:20:00,86.7565,49.3994,2.3506,24.8641,0.8184,86.4147,86.3191,86.4968,0.3418,49.1939,49.4078,0.2055
2026-08-03 10:30:00,86.2174,48.6166,2.4072,25.0111,0.8134,86.2327,86.6132,86.3544,-0.0152,47.1583,49.3391,1.4583
2026-08-03 10:40:00,86.5480,48.7559,2.4478,25.0282,0.8149,86.6593,85.6902,86.2992,-0.1114,47.8368,48.6513,0.9190
2026-08-03 10:50:00,86.9021,47.2922,2.5334,24.3812,0.8369,87.1532,86.6643,86.9065,-0.2511,46.8415,48.0576,0.4507
2026-08-03 11:00:00,85.7680,48.8598,2.4900,24.5680,0.8136,85.7991,85.2055,85.5908,-0.0311,48.0343,48.9660,0.8255
2026-08-03 11:10:00,86.0359,48.4339,2.4719,24.5496,0.8119,85.9907,86.7548,86.2605,0.0452,47.8818,48.7323,0.5521
2026-08-03 11:20:00,85.5658,47.3954,2.6910,24.9747,0.8137,85.8644,85.6618,85.6973,-0.2985,46.3709,47.4001,1.0245
2026-08-03 11:30:00,85.1542,48.1733,2.6167,24.6652,0.8062,85.7498,85.4828,85.4623,-0.5956,48.4489,49.1027,-0.2755
2026-08-03 11:40:00,85.5277,47.1570,2.3437,25.4071,0.8222,85.7223,85.3151,85.5217,-0.1945,46.7074,48.1032,0.4496
2026-08-03 11:50:00,85.7254,48.4055,2.4265,24.9523,0.7947,84.1167,85.7798,85.2073,1.6087,46.4196,47.6831,1.9860
2026-08-03 12:00:00,84.4185,47.2743,2.5384,24.5088,0.8118,84.8265,85.4848,84.9099,-0.4079,47.0558,48.1065,0.2185
2026-08-03 12:10:00,84.3572,47.0062,2.5269,24.9402,0.8003,85.5509,84.9387,84.9489,-1.1937,47.5227,48.1132,-0.5165
2026-08-03 12:20:00,85.3650,45.9774,2.6304,24.8405,0.8387,85.0433,85.4251,85.2778,0.3216,46.8969,47.8290,-0.9195
2026-08-03 12:30:00,84.8225,47.1144,2.5764,23.9917,0.7996,84.6634,85.0766,84.8542,0.1591,47.8798,48.2556,-0.7654
2026-08-03 12:40:00,84.1207,48.0991,2.6152,25.2220,0.7910,85.7566,84.6924,84.8566,-1.6359,47.4015,48.9901,0.6976
2026-08-03 12:50:00,84.9188,48.1859,2.4098,25.0338,0.8094,85.2920,85.9572,85.3893,-0.3732,46.9227,48.6254,1.2632
2026-08-03 13:00:00,83.5925,47.7788,2.4133,25.5008,0.7879,84.3015,84.3406,84.0782,-0.7090,47.9210,48.6897,-0.1422
2026-08-03 13:10:00,83.5102,46.8235,2.3673,24.5168,0.7891,83.5918,84.6448,83.9156,-0.0815,48.0712,47.7476,-1.2477
2026-08-03 13:20:00,83.5092,46.8017,2.3856,24.8529,0.7778,84.7953,84.3744,84.2263,-1.2861,47.9115,48.6658,-1.1097
2026-08-03 13:30:00,83.0986,48.5862,2.5854,24.6653,0.7826,83.8608,84.1469,83.7021,-0.7623,49.9379,49.6447,-1.3517
2026-08-03 13:40:00,83.5309,48.0257,2.5210,24.8560,0.7827,83.3491,83.9602,83.6134,0.1819,48.0595,48.7587,-0.0338
2026-08-03 13:50:00,82.8409,48.1694,2.4658,25.1392,0.7653,83.5362,83.4043,83.2605,-0.6953,48.3952,49.0221,-0.2258
2026-08-03 14:00:00,82.9423,50.2997,2.3540,25.0410,0.7745,83.5376,83.9142,83.4647,-0.5953,50.1248,50.2313,0.1749
2026-08-03 14:10:00,83.6104,50.0926,2.5521,25.0065,0.7974,83.4047,82.7190,83.2447,0.2057,50.2024,49.8130,-0.1099
2026-08-03 14:20:00,83.4849,51.3737,2.4391,24.6887,0.7745,82.7354,82.8487,83.0230,0.7495,49.9867,50.6408,1.3869
2026-08-03 14:30:00,82.3262,50.5445,2.7399,25.5861,0.7704,83.1425,83.5634,83.0107,-0.8163,50.4687,49.5263,0.0758
2026-08-03 14:40:00,82.7453,51.1208,2.5028,25.1449,0.7793,83.0840,82.6189,82.8161,-0.3388,50.9913,50.8973,0.1295
2026-08-03 14:50:00,82.9515,51.1835,2.5525,24.6572,0.7569,83.2384,82.6755,82.9552,-0.2869,51.2180,50.8052,-0.0345
2026-08-03 15:00:00,82.9790,51.3472,2.5329,24.7247,0.7822,82.8069,83.3343,83.0401,0.1721,52.4128,51.1469,-1.0656
2026-08-03 15:10:00,82.5241,52.9638,2.3577,24.6191,0.7600,82.8996,82.6542,82.6926,-0.3755,51.7224,51.3234,1.2414
2026-08-03 15:20:00,84.1210,53.4128,2.4176,24.9062,0.7825,82.5197,82.7206,83.1204,1.6012,52.1416,51.5870,1.2712
2026-08-03 15:30:00,83.6164,52.2002,2.4884,25.0350,0.7885,82.9872,84.0761,83.5599,0.6291,52.3079,51.4365,-0.1078
2026-08-03 15:40:00,83.5891,54.4338,2.4735,25.3708,0.7740,82.6878,83.0213,83.0994,0.9013,52.7391,52.0815,1.6947
2026-08-03 15:50:00,83.2695,53.0383,2.5375,25.0210,0.7583,84.3437,83.1766,83.5966,-1.0742,53.9377,52.4568,-0.8994
2026-08-03 16:00:00,84.0214,52.3792,2.4911,24.8656,0.7725,83.3211,82.9975,83.4467,0.7003,51.8326,51.3131,0.5466
2026-08-03 16:10:00,83.1687,53.6789,2.3553,24.8461,0.7540,83.6404,82.9147,83.2413,-0.4717,53.8368,52.4911,-0.1579
2026-08-03 16:20:00,83.7128,53.7823,2.3798,24.9258,0.7736,83.4606,82.6195,83.2643,0.2522,53.5315,52.4523,0.2508
2026-08-03 16:30:00,83.6499,52.5946,2.1818,25.1636,0.7778,83.2572,82.6194,83.1755,0.3927,52.4694,51.9865,0.1251
2026-08-03 16:40:00,83.5105,52.6161,2.4666,25.0946,0.7566,83.4847,84.0161,83.6704,0.0258,52.0380,51.4689,0.5781
2026-08-03 16:50:00,84.3793,52.9774,2.5452,25.1167,0.7855,83.5992,84.1368,84.0385,0.7801,52.2233,51.4353,0.7542
2026-08-03 17:00:00,83.3080,51.6280,2.4371,24.7866,0.7580,84.0399,83.2412,83.5297,-0.7318,52.8188,51.6986,-1.1908
2026-08-03 17:10:00,85.4413,51.4626,2.4840,24.7761,0.7905,83.7899,83.4648,84.2320,1.6514,51.1741,50.9499,0.2885
2026-08-03 17:20:00,83.7799,51.9527,2.5856,24.7406,0.7898,84.3554,83.9636,84.0330,-0.5754,50.4034,50.2714,1.5493
2026-08-03 17:30:00,85.2687,52.2038,2.6600,25.5572,0.8112,84.4351,84.4347,84.7128,0.8335,50.9525,51.1237,1.2512
2026-08-03 17:40:00,85.0255,51.3883,2.4875,24.3911,0.7811,84.7204,84.0633,84.6030,0.3051,51.6802,50.6577,-0.2919
2026-08-03 17:50:00,85.5065,49.6415,2.6477,24.5345,0.8147,84.1870,84.4779,84.7238,1.3195,51.6375,50.6969,-1.9960
2026-08-03 18:00:00,84.5885,49.5099,2.3427,24.4624,0.7870,84.3983,83.8996,84.2954,0.1901,50.2273,49.9027,-0.7174
2026-08-03 18:10:00,85.1677,48.9692,2.4421,24.9050,0.8138,84.6616,83.9863,84.6052,0.5061,49.7431,49.4399,-0.7738
2026-08-03 18:20:00,84.5398,48.9041,2.4115,24.9766,0.8006,84.9060,85.2555,84.9004,-0.3663,49.3635,49.3432,-0.4594
2026-08-03 18:30:00,85.3631,48.6968,2.3623,24.4513,0.8205,85.4531,84.9030,85.2397,-0.0900,50.0742,50.4496,-1.3773
2026-08-03 18:40:00,84.9340,48.4688,2.5667,24.5109,0.7883,85.9940,85.3202,85.4161,-1.0600,48.2970,48.4297,0.1718
2026-08-03 18:50:00,86.0084,47.0525,2.3981,24.7133,0.8206,85.1335,85.0427,85.3949,0.8749,49.2560,48.8199,-2.2035
2026-08-03 19:00:00,86.0077,48.2276,2.3941,25.1090,0.8247,85.3334,85.9824,85.7745,0.6743,48.3623,48.9420,-0.1346
2026-08-03 19:10:00,86.9803,47.7178,2.4077,25.0391,0.8367,85.4456,84.8332,85.7531,1.5346,47.8266,48.7977,-0.1087
2026-08-03 19:20:00,86.7618,47.6279,2.6570,25.0524,0.8316,86.2492,85.6335,86.2148,0.5127,46.6061,47.7844,1.0218
2026-08-03 19:30:00,86.1745,47.9213,2.3553,24.7078,0.8319,86.1072,86.0475,86.1097,0.0674,47.1021,48.9209,0.8192
2026-08-03 19:40:00,86.8122,47.3038,2.5197,25.1228,0.8538,86.2272,86.3699,86.4698,0.5850,47.2517,48.4562,0.0521
2026-08-03 19:50:00,87.4907,46.5551,2.5453,25.0529,0.8338,87.0172,87.1959,87.2346,0.4736,47.7580,47.9147,-1.2029
2026-08-03 20:00:00,86.0537,47.5129,2.3921,24.7061,0.8254,87.0062,86.3640,86.4746,-0.9525,46.8603,48.0908,0.6525
2026-08-03 20:10:00,86.3546,46.7216,2.3383,25.2206,0.8580,86.7621,87.2338,86.7835,-0.4075,46.7907,47.4335,-0.0691
2026-08-03 20:20:00,88.0050,46.4257,2.5947,25.0648,0.8677,86.7791,86.1501,86.9781,1.2259,46.4939,48.3455,-0.0682
2026-08-03 20:30:00,87.0917,48.9703,2.4632,25.2141,0.8216,86.8943,87.9242,87.3034,0.1974,46.4752,48.2747,2.4951
2026-08-03 20:40:00,87.3834,47.4936,2.6896,24.9277,0.8440,87.0903,86.3415,86.9384,0.2931,46.1895,47.4774,1.3041
2026-08-03 20:50:00,85.3385,47.5519,2.3699,24.8383,0.8226,86.4967,87.2768,86.3706,-1.1582,46.1378,47.6911,1.4142
2026-08-03 21:00:00,87.8705,47.5364,2.6288,25.7066,0.8463,86.6595,85.8895,86.8065,1.2110,47.8534,48.5770,-0.3170
2026-08-03 21:10:00,87.3778,49.2868,2.3974,25.5613,0.8350,87.1818,86.9587,87.1728,0.1959,47.2616,48.4898,2.0252
2026-08-03 21:20:00,87.0748,47.7287,2.4780,24.8764,0.8343,86.0927,85.4164,86.1946,0.9820,48.8450,49.1955,-1.1163
2026-08-03 21:30:00,85.6510,49.1865,2.5217,24.6028,0.8212,87.5387,87.5221,86.9039,-1.8877,49.8959,49.9942,-0.7094
2026-08-03 21:40:00,86.4637,49.2374,2.5385,25.4557,0.8217,86.6157,86.1426,86.4073,-0.1520,49.5504,49.6587,-0.3130
2026-08-03 21:50:00,86.3794,50.2249,2.4660,24.6026,0.8333,85.8478,87.0038,86.4103,0.5315,49.1349,49.2950,1.0900
2026-08-03 22:00:00,86.8948,49.4452,2.6684,25.3012,0.8323,85.5668,86.6015,86.3544,1.3280,49.1022,49.8789,0.3430
2026-08-03 22:10:00,86.7273,50.6451,2.6017,25.4892,0.8386,87.0051,86.6767,86.8030,-0.2779,50.3480,50.3211,0.2971
2026-08-03 22:20:00,86.9251,50.3222,2.5903,25.0140,0.8318,86.0402,86.5952,86.5202,0.8849,50.7488,50.3023,-0.4266
2026-08-03 22:30:00,85.2408,50.1608,2.5342,25.4513,0.8008,86.2876,87.1644,86.2310,-1.0468,50.7852,50.5383,-0.6244
2026-08-03 22:40:00,86.1377,51.1750,2.5822,25.2017,0.8103,85.8521,85.6975,85.8958,0.2856,49.9181,50.1744,1.2570
2026-08-03 22:50:00,86.3054,50.4938,2.3400,25.1133,0.8338,86.8300,85.4934,86.2096,-0.5245,51.8134,51.0558,-1.3196
2026-08-03 23:00:00,85.7524,51.9318,2.5334,25.1463,0.8093,86.5093,86.3934,86.2184,-0.7569,51.3256,50.9519,0.6062
2026-08-03 23:10:00,85.4557,52.0112,2.5562,24.7682,0.8115,85.5058,86.2488,85.7368,-0.0502,52.7900,51.7350,-0.7788
2026-08-03 23:20:00,84.7603,52.7047,2.4262,24.6033,0.7905,85.2208,86.1224,85.3678,-0.4605,53.5448,52.1738,-0.8402
2026-08-03 23:30:00,85.4012,52.6431,2.5914,24.9083,0.7934,85.2184,85.3982,85.3393,0.1829,53.3127,51.8395,-0.6696
2026-08-03 23:40:00,85.6249,53.4066,2.4044,24.7615,0.8049,85.5879,85.5946,85.6025,0.0370,53.1410,52.4863,0.2656
2026-08-03 23:50:00,85.1548,52.5192,2.5117,24.7586,0.7962,85.3483,85.1097,85.2043,-0.1934,52.5740,51.6005,-0.0547
2026-08-04 00:00:00,85.3666,52.2999,2.4191,24.8879,0.8042,85.5380,85.4782,85.4609,-0.1714,53.5462,52.2974,-1.2463
2026-08-04 00:10:00,84.9044,52.3330,2.4923,24.5915,0.7955,84.7542,85.2303,84.9630,0.1503,52.9321,51.6401,-0.5990
2026-08-04 00:20:00,84.7654,52.7979,2.4370,24.6706,0.7916,84.2225,85.8974,84.9618,0.5429,54.0041,51.7904,-1.2061
2026-08-04 00:30:00,84.7961,53.6823,2.4414,25.1053,0.7846,84.9936,84.6025,84.7974,-0.1975,53.7089,52.4207,-0.0267
2026-08-04 00:40:00,84.1574,53.1169,2.5901,24.2991,0.7490,84.6532,84.3217,84.3774,-0.4958,51.7148,51.4984,1.4020
2026-08-04 00:50:00,85.6103,51.3160,2.5886,24.7716,0.7907,84.0100,83.7717,84.4640,1.6003,51.3436,50.6691,-0.0276
2026-08-04 01:00:00,83.4549,52.0045,2.5169,24.7633,0.7771,83.8227,84.2392,83.8389,-0.3678,50.6447,50.9077,1.3598
2026-08-04 01:10:00,84.9789,52.4623,2.4827,24.6526,0.8086,83.9195,83.8180,84.2388,1.0594,51.6026,51.9769,0.8597
2026-08-04 01:20:00,83.6553,51.8605,2.4797,24.9804,0.7700,84.5640,84.0220,84.0805,-0.9087,50.7000,50.9717,1.1604
2026-08-04 01:30:00,83.5284,51.4530,2.4668,24.8377,0.7825,84.6440,82.9234,83.6986,-1.1156,51.5656,50.8441,-0.1127
2026-08-04 01:40:00,83.0120,49.0512,2.5361,24.8550,0.7676,84.1871,83.4947,83.5646,-1.1752,50.7626,49.5372,-1.7114
2026-08-04 01:50:00,82.9078,51.5647,2.5612,25.3863,0.7555,83.6485,84.1097,83.5553,-0.7407,51.2399,51.4090,0.3248
2026-08-04 02:00:00,83.4690,49.9985,2.2646,25.1250,0.7830,83.9355,83.0706,83.4917,-0.4665,50.3647,49.6441,-0.3662
2026-08-04 02:10:00,82.3808,50.0188,2.6267,25.3905,0.7650,84.2909,83.1654,83.2791,-1.9101,50.7186,49.8504,-0.6998
2026-08-04 02:20:00,81.5489,48.8385,2.4879,25.0704,0.7499,83.3681,84.1381,83.0183,-1.8192,50.1987,49.4494,-1.3603
2026-08-04 02:30:00,81.8119,47.9917,2.6343,24.8489,0.7650,83.4408,83.1595,82.8041,-1.6289,49.1541,48.8493,-1.1624
2026-08-04 02:40:00,84.1440,47.7352,2.6121,25.2492,0.8001,83.0082,82.3807,83.1776,1.1358,47.9335,48.3238,-0.1983
2026-08-04 02:50:00,83.1925,48.8862,2.5314,25.0779,0.7867,81.9854,81.9647,82.3809,1.2071,47.2618,48.9937,1.6244
2026-08-04 03:00:00,81.9953,47.8708,2.4090,25.0466,0.7599,83.1328,82.8308,82.6530,-1.1374,48.7396,49.3092,-0.8688
2026-08-04 03:10:00,83.6400,47.3300,2.4135,25.0587,0.8074,82.9734,83.4270,83.3468,0.6666,48.5057,48.8435,-1.1757
2026-08-04 03:20:00,83.6668,46.3485,2.4037,25.0143,0.8033,83.6216,82.9770,83.4218,0.0452,48.4185,48.1292,-2.0700
2026-08-04 03:30:00,82.6549,46.1652,2.4863,24.8960,0.7864,83.3118,83.0347,83.0005,-0.6568,47.4485,47.7455,-1.2834
2026-08-04 03:40:00,82.2310,46.1563,2.5787,24.9585,0.7569,83.7517,83.8795,83.2874,-1.5206,48.1920,48.2433,-2.0357
2026-08-04 03:50:00,83.3305,47.0060,2.5163,25.1886,0.7910,83.3477,81.4297,82.7026,-0.0172,48.0232,48.4029,-1.0172
2026-08-04 04:00:00,82.5892,47.1584,2.5302,24.5288,0.7659,82.6344,82.6339,82.6192,-0.0452,47.4820,48.0268,-0.3235
2026-08-04 04:10:00,83.4083,47.6158,2.4566,25.2333,0.7968,83.6911,83.4873,83.5289,-0.2827,47.6836,48.5516,-0.0678
2026-08-04 04:20:00,83.8923,46.1632,2.4925,25.1176,0.7941,84.6129,83.1722,83.8925,-0.7206,45.5997,47.2708,0.5636
2026-08-04 04:30:00,83.9999,46.5301,2.4963,24.9780,0.7948,83.1688,83.9102,83.6930,0.8312,48.8362,48.2036,-2.3061
2026-08-04 04:40:00,83.0610,47.0519,2.6407,24.9226,0.7834,83.1296,84.3598,83.5168,-0.0687,46.9920,48.0895,0.0599
2026-08-04 04:50:00,83.4549,46.9062,2.4996,25.0312,0.7947,82.8706,83.1103,83.1452,0.5843,46.8521,47.9555,0.0541
2026-08-04 05:00:00,83.4352,47.8023,2.4356,24.9593,0.7754,83.3471,83.8570,83.5464,0.0882,48.5103,49.0149,-0.7080
2026-08-04 05:10:00,84.7111,49.1577,2.4839,25.5613,0.8058,83.5251,83.5185,83.9182,1.1860,47.9994,49.3165,1.1583
2026-08-04 05:20:00,84.2015,47.7231,2.5790,24.6649,0.7979,84.1763,83.3288,83.9022,0.0252,49.5956,49.1112,-1.8724
2026-08-04 05:30:00,83.8894,48.8908,2.3270,25.1083,0.7953,85.6669,84.2037,84.5867,-1.7775,47.9729,49.0166,0.9179
2026-08-04 05:40:00,85.3729,49.6243,2.5833,25.2280,0.8118,83.7814,83.5878,84.2474,1.5914,47.5885,48.7117,2.0358
2026-08-04 05:50:00,84.2845,51.0962,2.4293,25.0300,0.7835,84.7495,84.5174,84.5171,-0.4649,48.2188,49.9510,2.8774
2026-08-04 06:00:00,84.6601,49.4293,2.4694,25.2427,0.7904,84.8716,84.8541,84.7953,-0.2115,49.8139,49.8084,-0.3846
2026-08-04 06:10:00,84.4725,50.4931,2.4085,24.4720,0.7860,84.7406,86.3058,85.1730,-0.2681,50.7810,50.6600,-0.2879
2026-08-04 06:20:00,85.1434,50.6282,2.7572,24.8092,0.8028,86.0950,84.6382,85.2922,-0.9515,50.5114,50.3744,0.1168
2026-08-04 06:30:00,85.0732,51.7680,2.3885,25.2328,0.8001,85.7963,85.0772,85.3156,-0.7230,51.0880,51.2599,0.6800
2026-08-04 06:40:00,84.9796,50.5332,2.5582,25.2469,0.7994,85.9776,85.1662,85.3745,-0.9980,52.1618,50.8765,-1.6285
2026-08-04 06:50:00,85.4559,52.9662,2.5827,24.8649,0.7936,85.9845,85.0174,85.4859,-0.5286,51.7564,51.5236,1.2098
2026-08-04 07:00:00,86.1074,50.5043,2.4093,25.0761,0.8256,85.7797,86.0453,85.9775,0.3277,50.6410,50.2472,-0.1368
2026-08-04 07:10:00,86.2871,52.3302,2.5763,24.9229,0.8098,86.3268,85.5765,86.0635,-0.0397,51.3952,51.3812,0.9350
2026-08-04 07:20:00,85.8037,53.7329,2.3158,24.9105,0.8171,87.1351,85.9544,86.2977,-1.3313,53.2632,52.5646,0.4697
2026-08-04 07:30:00,86.1684,53.1454,2.4138,24.5314,0.8131,86.5672,85.5544,86.0967,-0.3987,52.4839,51.5206,0.6615
2026-08-04 07:40:00,86.3014,52.5486,2.5741,24.8500,0.7993,87.2721,86.5330,86.7022,-0.9706,53.4885,52.1948,-0.9399
2026-08-04 07:50:00,87.1088,53.3236,2.5465,25.0382,0.8173,86.9754,86.2819,86.7887,0.1334,52.9920,52.2162,0.3316
2026-08-04 08:00:00,86.9593,52.1885,2.5201,24.6938,0.8246,87.0282,87.4320,87.1398,-0.0689,53.4365,52.1342,-1.2480
2026-08-04 08:10:00,86.2687,53.4049,2.3885,25.3607,0.7982,86.2435,87.0157,86.5093,0.0253,54.3438,52.9003,-0.9389
2026-08-04 08:20:00,86.7024,52.1063,2.4572,25.0377,0.8184,86.2982,87.3751,86.7919,0.4042,54.0207,52.6078,-1.9144
2026-08-04 08:30:00,86.1016,52.1247,2.5251,25.0015,0.8057,86.4513,86.3138,86.2889,-0.3497,54.5187,51.7864,-2.3940
2026-08-04 08:40:00,86.1909,51.6475,2.5192,24.9181,0.8171,86.5785,86.9234,86.5643,-0.3877,52.8394,51.9681,-1.1919
2026-08-04 08:50:00,87.8819,52.2593,2.5855,25.0487,0.8442,87.1620,87.2998,87.4479,0.7198,53.2805,51.9740,-1.0212
2026-08-04 09:00:00,87.0684,52.9556,2.4865,24.8272,0.8066,87.2050,87.3158,87.1964,-0.1367,51.0009,51.1347,1.9546
2026-08-04 09:10:00,87.3679,51.7113,2.5055,25.2738,0.8293,87.1922,86.4519,87.0040,0.1757,52.4026,50.9696,-0.6912
2026-08-04 09:20:00,86.3212,51.0973,2.5549,25.0157,0.8086,87.4311,87.1594,86.9706,-1.1099,52.6623,50.9860,-1.5651
2026-08-04 09:30:00,87.6490,52.4136,2.5912,25.1464,0.8375,87.1349,86.3058,87.0299,0.5140,51.0211,51.1137,1.3925
2026-08-04 09:40:00,86.3642,51.9243,2.5500,25.5347,0.8226,86.2335,87.6231,86.7403,0.1307,50.7875,51.3133,1.1368
2026-08-04 09:50:00,87.5667,51.4729,2.6073,25.1300,0.8340,87.8219,87.0680,87.4855,-0.2553,50.4682,50.7796,1.0047
2026-08-04 10:00:00,87.3065,50.8896,2.3914,25.3241,0.8388,86.6399,86.4672,86.8045,0.6666,51.5356,51.2671,-0.6460
2026-08-04 10:10:00,87.4232,48.5621,2.4790,25.0171,0.8557,87.1358,86.7007,87.0866,0.2873,50.1296,49.7780,-1.5675
2026-08-04 10:20:00,86.9059,50.5680,2.6457,25.3741,0.8192,86.2869,86.2367,86.4765,0.6191,49.9469,50.0308,0.6210
2026-08-04 10:30:00,86.7121,49.4440,2.5246,25.2721,0.8212,85.8080,86.3004,86.2735,0.9040,49.9179,50.3485,-0.4739
2026-08-04 10:40:00,87.0409,48.3664,2.5994,24.5943,0.8514,86.6959,86.9472,86.8947,0.3450,47.3546,48.7251,1.0118
2026-08-04 10:50:00,87.0912,48.4464,2.4955,24.9376,0.8293,86.3548,85.8304,86.4255,0.7364,48.8998,49.4633,-0.4533
2026-08-04 11:00:00,85.8101,48.2255,2.4986,25.1335,0.8271,86.3795,86.7408,86.3101,-0.5694,48.6311,49.2262,-0.4056
2026-08-04 11:10:00,86.0284,47.9250,2.5742,24.9933,0.8266,85.5793,85.2658,85.6245,0.4491,47.9922,48.4143,-0.0672
2026-08-04 11:20:00,86.6738,46.8001,2.5811,24.8006,0.8349,85.3090,85.4173,85.8000,1.3648,47.8838,48.1220,-1.0837
2026-08-04 11:30:00,85.9108,48.2615,2.3449,25.3278,0.8093,85.5175,85.1443,85.5242,0.3933,46.3043,47.6051,1.9572
2026-08-04 11:40:00,85.1451,47.1512,2.4629,24.4628,0.7912,85.5227,86.0786,85.5821,-0.3776,47.4266,48.7530,-0.2754
2026-08-04 11:50:00,85.1553,47.2780,2.4979,24.7655,0.8089,85.7665,85.9564,85.6261,-0.6113,47.3883,48.6968,-0.1103
2026-08-04 12:00:00,85.2287,47.2614,2.6502,24.7855,0.8259,84.6873,85.2143,85.0435,0.5414,45.5565,47.6814,1.7049
2026-08-04 12:10:00,85.4885,46.2754,2.4717,24.9335,0.8164,84.4761,85.1931,85.0525,1.0124,48.2560,48.0269,-1.9806
2026-08-04 12:20:00,84.7678,47.2800,2.4604,25.0835,0.8009,85.0345,84.9647,84.9224,-0.2667,45.9011,47.1873,1.3789
2026-08-04 12:30:00,83.4134,46.9002,2.5831,24.7810,0.7830,84.3258,84.4082,84.0491,-0.9124,48.8643,48.3488,-1.9641
2026-08-04 12:40:00,83.6398,46.6860,2.5075,24.8280,0.7924,84.1172,84.3587,84.0386,-0.4774,46.6625,47.7554,0.0235
2026-08-04 12:50:00,84.5115,48.2753,2.6408,24.6062,0.7874,83.8566,84.4807,84.2830,0.6549,46.5402,48.0651,1.7351
2026-08-04 13:00:00,84.3422,48.7347,2.5693,25.0962,0.7873,84.1654,84.8863,84.4646,0.1768,48.1492,49.2267,0.5856
2026-08-04 13:10:00,84.3282,47.9113,2.5634,24.8861,0.8021,84.6134,84.9317,84.6244,-0.2852,48.3544,48.8734,-0.4431
2026-08-04 13:20:00,84.4083,47.8083,2.6446,25.0392,0.7991,83.6274,83.4134,83.8164,0.7809,49.3510,49.1743,-1.5426
2026-08-04 13:30:00,83.4012,49.1320,2.4663,24.4886,0.7768,83.0109,83.9718,83.4613,0.3903,49.7687,49.4412,-0.6368
2026-08-04 13:40:00,83.8634,48.7116,2.4980,24.7366,0.7930,84.2590,83.8106,83.9777,-0.3956,49.2804,49.4908,-0.5688
2026-08-04 13:50:00,83.2374,50.6543,2.4482,24.5283,0.7624,83.7758,83.3923,83.4685,-0.5384,49.2978,49.9125,1.3565
2026-08-04 14:00:00,83.3584,50.8747,2.6526,24.7092,0.7821,83.4601,82.8563,83.2249,-0.1017,50.0038,50.8474,0.8709
2026-08-04 14:10:00,82.8183,50.2086,2.3394,24.9650,0.7683,84.2549,82.8945,83.3226,-1.4365,50.7711,50.4168,-0.5625
2026-08-04 14:20:00,84.2377,50.9166,2.4949,25.2540,0.7907,83.6552,83.5486,83.8138,0.5824,49.2112,50.1993,1.7054
2026-08-04 14:30:00,83.3176,50.5563,2.5290,24.4492,0.7756,83.4630,83.6671,83.4826,-0.1454,51.3371,50.3653,-0.7807
2026-08-04 14:40:00,82.2977,52.2530,2.5405,25.1480,0.7695,82.2645,84.0221,82.8615,0.0332,50.6983,51.2312,1.5546
2026-08-04 14:50:00,83.0010,51.5498,2.3491,24.7983,0.7700,83.2079,83.5442,83.2510,-0.2069,50.9467,51.0562,0.6030
2026-08-04 15:00:00,83.0331,52.6276,2.5513,24.8586,0.7651,83.2381,83.4236,83.2316,-0.2050,53.0304,51.6957,-0.4028
2026-08-04 15:10:00,82.4244,53.4094,2.3714,25.3101,0.7420,82.6852,82.9681,82.6926,-0.2608,50.9602,51.1655,2.4492
2026-08-04 15:20:00,82.1938,53.1335,2.4988,25.0043,0.7479,82.9988,82.7590,82.6505,-0.8050,53.1451,51.5639,-0.0117
2026-08-04 15:30:00,82.3468,53.8582,2.5267,24.3926,0.7518,82.2356,83.6578,82.7468,0.1112,53.3341,53.0266,0.5241
2026-08-04 15:40:00,82.9711,51.9242,2.4459,24.8447,0.7676,82.1524,83.0277,82.7171,0.8188,51.9601,51.1409,-0.0359
2026-08-04 15:50:00,83.8789,53.7765,2.5730,25.1909,0.7692,83.0964,82.2819,83.0857,0.7825,51.9107,51.9337,1.8658
2026-08-04 16:00:00,82.7080,53.5518,2.4950,24.9107,0.7489,83.4128,83.4595,83.1934,-0.7047,52.2701,51.7833,1.2817
2026-08-04 16:10:00,83.2676,53.2311,2.5308,24.9693,0.7714,83.2001,82.4891,82.9856,0.0675,54.0698,52.7276,-0.8386
2026-08-04 16:20:00,82.7794,53.0406,2.6301,24.9087,0.7653,83.9170,83.4020,83.3661,-1.1376,54.6888,52.7714,-1.6482
2026-08-04 16:30:00,83.6368,52.6380,2.4953,24.8307,0.7605,83.0183,83.2904,83.3152,0.6185,53.5404,52.1574,-0.9024
2026-08-04 16:40:00,83.7989,54.2944,2.6683,24.7262,0.7761,82.9921,83.6018,83.4643,0.8068,51.6732,51.8071,2.6212
2026-08-04 16:50:00,84.1648,52.0165,2.3921,24.7937,0.7720,83.9206,84.1872,84.0909,0.2442,52.4405,51.7945,-0.4240
2026-08-04 17:00:00,83.7134,52.0404,2.6784,24.9466,0.7853,83.4928,83.7044,83.6368,0.2206,51.6935,51.2646,0.3469
2026-08-04 17:10:00,84.2745,52.4316,2.4421,24.9498,0.7937,83.3955,82.6153,83.4284,0.8790,51.5986,51.5264,0.8330
2026-08-04 17:20:00,84.3574,50.7350,2.5071,24.8900,0.7725,83.9846,84.3723,84.2381,0.3728,51.6040,50.3258,-0.8689
2026-08-04 17:30:00,85.3453,50.3535,2.5373,25.2505,0.8083,84.1998,83.2466,84.2639,1.1455,52.4379,50.5805,-2.0844
2026-08-04 17:40:00,85.1388,51.6652,2.3779,24.6291,0.7932,84.9422,84.0171,84.6994,0.1966,51.2232,50.8122,0.4420
2026-08-04 17:50:00,85.2185,49.8837,2.4279,24.6903,0.7930,85.1847,84.3035,84.9022,0.0338,50.0157,49.4651,-0.1320
2026-08-04 18:00:00,84.8648,49.3433,2.3989,24.7678,0.8012,84.2452,84.4996,84.5365,0.6196,51.1001,49.9818,-1.7567
2026-08-04 18:10:00,84.6423,50.4526,2.4912,24.9476,0.7985,84.9568,84.8606,84.8199,-0.3145,48.7432,49.4801,1.7094
2026-08-04 18:20:00,86.2785,48.3913,2.5069,25.5226,0.8309,85.3195,84.5992,85.3991,0.9590,49.1098,49.0743,-0.7184
2026-08-04 18:30:00,85.6862,49.8700,2.5118,24.8287,0.8097,85.6076,85.3427,85.5455,0.0786,49.0245,49.2954,0.8455
2026-08-04 18:40:00,86.2226,48.2905,2.5245,24.7970,0.8164,85.7663,84.7141,85.5677,0.4562,47.9211,49.1898,0.3694
2026-08-04 18:50:00,86.2583,48.5071,2.3927,25.0662,0.8226,85.4629,85.4728,85.7313,0.7954,47.3553,48.0000,1.1519
2026-08-04 19:00:00,86.1485,48.0080,2.5252,25.2309,0.8283,86.5876,86.2738,86.3366,-0.4391,48.2205,48.7903,-0.2125
2026-08-04 19:10:00,86.2594,46.3929,2.5920,25.1756,0.8131,86.7748,85.6312,86.2218,-0.5153,47.7793,48.0144,-1.3864
2026-08-04 19:20:00,86.1996,49.3177,2.4739,24.9027,0.8202,85.7230,86.1459,86.0228,0.4767,46.9630,48.9105,2.3547
2026-08-04 19:30:00,85.8927,46.7586,2.3995,24.8404,0.8052,85.0630,85.9861,85.6473,0.8298,46.1731,48.1641,0.5855
2026-08-04 19:40:00,86.3526,47.6691,2.5309,24.6812,0.8231,86.7845,86.6233,86.5868,-0.4320,47.9215,48.3332,-0.2524
2026-08-04 19:50:00,86.9304,46.5418,2.6011,25.2940,0.8256,86.6701,85.8665,86.4890,0.2603,47.7645,47.7636,-1.2228
2026-08-04 20:00:00,86.8933,47.5910,2.5067,25.2585,0.8386,87.4216,85.9813,86.7654,-0.5283,46.7185,47.5273,0.8725
2026-08-04 20:10:00,86.6643,46.0761,2.3613,24.5334,0.8320,86.8590,86.8773,86.8002,-0.1947,47.8015,48.2425,-1.7255
2026-08-04 20:20:00,86.3151,46.5081,2.5193,25.0626,0.8440,86.6686,87.1159,86.6999,-0.3536,46.9114,47.9138,-0.4032
2026-08-04 20:30:00,87.1260,47.2105,2.4024,25.0830,0.8467,86.9329,85.4312,86.4967,0.1931,46.9609,48.2607,0.2496
2026-08-04 20:40:00,86.4797,48.2547,2.4387,24.9041,0.8295,86.4712,87.3353,86.7621,0.0085,48.2398,48.5015,0.0149
2026-08-04 20:50:00,86.8996,49.1346,2.6099,24.5159,0.8428,85.2591,87.2392,86.4660,1.6405,46.7165,48.7550,2.4181
2026-08-04 21:00:00,87.1234,47.9858,2.5586,24.8512,0.8319,87.4577,86.9725,87.1845,-0.3342,47.1643,48.3299,0.8215
2026-08-04 21:10:00,86.8600,47.8970,2.5443,24.7389,0.8494,87.1119,86.0743,86.6821,-0.2519,48.0987,48.3862,-0.2017
2026-08-04 21:20:00,86.9559,48.3780,2.5678,25.1999,0.8364,87.9472,86.6376,87.1802,-0.9913,49.2662,49.6328,-0.8882
2026-08-04 21:30:00,87.1005,49.2190,2.5951,24.9053,0.8288,86.7426,87.1386,86.9939,0.3579,48.1247,48.8979,1.0942
2026-08-04 21:40:00,86.3615,48.4365,2.4360,24.8149,0.8262,86.5437,87.2155,86.7069,-0.1823,50.4262,49.9957,-1.9897
2026-08-04 21:50:00,86.2821,49.3691,2.3729,25.0585,0.8237,86.9664,86.4072,86.5519,-0.6843,48.7039,49.6444,0.6652
2026-08-04 22:00:00,86.9305,49.3055,2.3716,24.9782,0.8298,86.1695,86.7253,86.6084,0.7610,49.2207,49.3326,0.0848
2026-08-04 22:10:00,86.4243,50.6110,2.5090,25.3766,0.8215,87.1345,86.1508,86.5699,-0.7101,50.1215,50.1324,0.4896
2026-08-04 22:20:00,86.8940,50.9797,2.6575,24.7204,0.8184,86.8089,86.6672,86.7900,0.0851,49.6367,50.3175,1.3430
2026-08-04 22:30:00,86.1666,51.5085,2.3300,24.9120,0.8145,86.6167,86.9878,86.5904,-0.4502,50.5809,50.8307,0.9276
2026-08-04 22:40:00,86.2508,52.0866,2.3462,24.2187,0.8250,86.1299,85.6804,86.0204,0.1209,51.0194,50.8798,1.0672
2026-08-04 22:50:00,86.3317,52.2201,2.4583,25.2787,0.8012,85.1103,86.4880,85.9767,1.2214,51.2936,50.6029,0.9264
2026-08-04 23:00:00,86.3047,50.7626,2.4888,25.2301,0.8199,86.2474,86.0485,86.2002,0.0573,51.9611,51.0605,-1.1984
2026-08-04 23:10:00,85.5229,51.4754,2.5788,25.5555,0.8184,84.6868,86.7728,85.6609,0.8361,51.6139,51.5699,-0.1385
2026-08-04 23:20:00,85.1648,51.6955,2.4950,24.8795,0.7939,86.3168,86.6183,86.0333,-1.1520,51.6250,51.5989,0.0705
2026-08-04 23:30:00,84.9023,52.2881,2.7533,25.1109,0.7851,85.8160,86.1980,85.6388,-0.9137,52.8680,52.1028,-0.5798
2026-08-04 23:40:00,84.9147,52.3747,2.4110,24.7508,0.7920,84.9858,85.8294,85.2433,-0.0711,53.2778,51.5174,-0.9031
2026-08-04 23:50:00,84.8593,52.5660,2.4781,24.9506,0.7992,85.8372,85.1134,85.2700,-0.9779,53.4511,52.4182,-0.8852
2026-08-05 00:00:00,85.6048,53.1639,2.4946,24.5789,0.7954,84.4273,85.9174,85.3165,1.1774,52.7633,51.9498,0.4006
2026-08-05 00:10:00,84.5170,51.8461,2.5713,25.1506,0.7966,84.1239,85.8337,84.8249,0.3931,52.8995,51.8151,-1.0534
2026-08-05 00:20:00,83.3349,53.2259,2.4926,24.9338,0.7644,84.5276,84.2939,84.0521,-1.1927,51.9629,51.7376,1.2631
2026-08-05 00:30:00,85.1381,53.6571,2.5230,24.8534,0.8117,84.9932,85.1230,85.0847,0.1449,51.8318,51.9063,1.8253
2026-08-05 00:40:00,83.6970,54.2634,2.4159,24.8180,0.7612,84.2973,84.9879,84.3274,-0.6002,52.7741,52.3585,1.4893
2026-08-05 00:50:00,84.5143,51.1662,2.5748,25.0404,0.7822,84.3818,84.5390,84.4784,0.1325,50.4990,50.9675,0.6672
2026-08-05 01:00:00,84.6044,51.0765,2.4244,25.4061,0.7975,84.3492,84.5339,84.4958,0.2552,52.6792,50.9325,-1.6028
2026-08-05 01:10:00,83.5705,52.6242,2.5656,25.0852,0.7642,84.4946,83.6715,83.9122,-0.9241,53.3060,51.7591,-0.6818
2026-08-05 01:20:00,83.2787,51.5241,2.5213,25.0291,0.7564,84.0636,84.4897,83.9440,-0.7850,51.7614,50.6313,-0.2373
2026-08-05 01:30:00,83.4801,50.2418,2.3068,24.8355,0.7927,83.6732,83.7163,83.6232,-0.1930,52.0680,50.9533,-1.8263
2026-08-05 01:40:00,82.7350,52.2717,2.5198,25.2720,0.7533,82.6082,83.6560,82.9997,0.1268,50.2662,51.1973,2.0055
2026-08-05 01:50:00,82.6532,50.4128,2.5599,25.1275,0.7585,82.5779,82.8323,82.6878,0.0753,50.1707,49.7715,0.2422
2026-08-05 02:00:00,83.2302,49.3900,2.3707,24.5732,0.7594,83.3335,83.1010,83.2216,-0.1033,50.4122,49.9108,-1.0222
2026-08-05 02:10:00,83.0857,50.1263,2.3527,25.1958,0.7748,83.1691,82.9577,83.0708,-0.0833,50.0316,50.1872,0.0946
2026-08-05 02:20:00,82.4206,49.7114,2.6739,24.9805,0.7752,83.4249,83.3997,83.0817,-1.0043,49.0478,49.4841,0.6636
2026-08-05 02:30:00,82.5777,49.6065,2.4255,25.5286,0.7692,83.3176,82.5256,82.8070,-0.7399,49.7559,49.7214,-0.1494
2026-08-05 02:40:00,82.7483,47.9753,2.3759,25.0030,0.7706,82.4113,83.3780,82.8459,0.3370,50.5547,49.0828,-2.5795
2026-08-05 02:50:00,82.9510,49.5004,2.4223,25.1319,0.7747,83.3595,83.9845,83.4317,-0.4085,47.0681,48.9134,2.4322
2026-08-05 03:00:00,82.7495,47.8469,2.5045,24.9118,0.7618,82.4980,84.0932,83.1136,0.2515,47.0685,48.6731,0.7784
2026-08-05 03:10:00,82.4901,47.6962,2.6968,25.2385,0.7549,82.8315,82.9947,82.7721,-0.3414,48.7031,48.8140,-1.0069
2026-08-05 03:20:00,82.9510,48.7779,2.6580,25.2096,0.7667,81.6820,82.3605,82.3311,1.2690,46.3849,48.3692,2.3930
2026-08-05 03:30:00,83.5371,48.8090,2.6274,24.7871,0.7842,83.2315,82.2279,82.9988,0.3056,46.7030,48.3748,2.1060
2026-08-05 03:40:00,84.1856,47.4114,2.3685,24.8725,0.8000,82.9426,82.8523,83.3268,1.2430,47.8140,48.8289,-0.4026
2026-08-05 03:50:00,83.7955,46.7855,2.4835,24.9073,0.8021,82.9262,82.1064,82.9427,0.8693,47.4882,48.2500,-0.7027
2026-08-05 04:00:00,83.0653,48.4825,2.4458,25.4253,0.7621,83.3256,82.7163,83.0357,-0.2603,46.9672,48.7117,1.5153
2026-08-05 04:10:00,83.0768,46.4673,2.4777,26.1279,0.7838,83.3395,83.4048,83.2737,-0.2627,45.6271,47.6411,0.8402
2026-08-05 04:20:00,83.8236,45.6751,2.7404,25.0009,0.7842,83.5185,82.8135,83.3852,0.3051,45.7374,47.0557,-0.0622
2026-08-05 04:30:00,83.4720,45.9687,2.4220,24.6901,0.7856,83.7918,83.4324,83.5654,-0.3197,47.0761,47.1341,-1.1074
2026-08-05 04:40:00,83.7004,46.5316,2.3282,25.2633,0.7776,83.6328,83.2243,83.5192,0.0675,46.4655,48.0317,0.0661
2026-08-05 04:50:00,83.5526,47.1939,2.4265,25.0528,0.7851,83.3635,83.1245,83.3469,0.1891,47.3689,47.9925,-0.1749
2026-08-05 05:00:00,84.8623,47.4584,2.5334,24.9727,0.8027,84.3025,84.0045,84.3898,0.5598,48.0687,48.6740,-0.6103
2026-08-05 05:10:00,83.3476,48.5263,2.4753,24.8461,0.8142,83.2632,83.8076,83.4728,0.0844,47.7417,48.7314,0.7846
2026-08-05 05:20:00,83.8090,48.6800,2.3876,25.0851,0.7877,84.0327,83.9637,83.9351,-0.2237,49.4410,49.5471,-0.7610
2026-08-05 05:30:00,84.5689,49.1916,2.5040,25.1656,0.7899,85.4213,84.2487,84.7463,-0.8524,50.7611,50.6493,-1.5695
2026-08-05 05:40:00,84.4008,49.4152,2.5366,25.2801,0.7941,85.0858,83.4364,84.3077,-0.6850,48.3640,49.2024,1.0512
2026-08-05 05:50:00,84.4924,48.2229,2.5884,24.6679,0.7910,85.0301,85.0946,84.8723,-0.5378,48.7711,48.6870,-0.5483
2026-08-05 06:00:00,84.5934,50.8918,2.6171,25.1010,0.7937,84.1663,84.8852,84.5483,0.4270,50.2370,50.4259,0.6548
2026-08-05 06:10:00,85.2752,49.5662,2.6168,24.5922,0.8053,85.2288,85.3962,85.3001,0.0465,50.8429,50.4781,-1.2767
2026-08-05 06:20:00,85.1962,52.6356,2.6088,24.8942,0.7922,85.5545,84.7663,85.1723,-0.3583,49.3696,50.6932,3.2660
2026-08-05 06:30:00,84.3815,51.4347,2.5638,24.9202,0.7979,85.7733,84.6648,84.9399,-1.3919,50.8119,50.5930,0.6229
2026-08-05 06:40:00,85.5225,52.4170,2.5625,24.7847,0.8028,85.1398,85.1049,85.2557,0.3827,52.3794,52.3629,0.0376
2026-08-05 06:50:00,86.7347,52.0482,2.5184,25.3058,0.8209,84.9711,86.4271,86.0443,1.7636,50.5498,51.2283,1.4984
2026-08-05 07:00:00,86.3799,53.6092,2.5863,24.8236,0.8207,85.6636,85.1953,85.7463,0.7163,50.3611,51.2863,3.2481
2026-08-05 07:10:00,85.3028,53.5293,2.3429,24.8860,0.7906,86.0859,85.4116,85.6001,-0.7830,53.0291,52.2351,0.5002
2026-08-05 07:20:00,86.2767,52.0779,2.5550,25.4192,0.8399,85.6766,85.9318,85.9617,0.6001,50.8544,51.1814,1.2235
2026-08-05 07:30:00,85.7316,52.9920,2.6235,24.8764,0.7927,86.9446,86.5025,86.3929,-1.2130,51.6942,51.6040,1.2977
2026-08-05 07:40:00,86.1052,53.7462,2.5123,25.4583,0.7960,86.5278,86.2795,86.3041,-0.4225,52.9754,52.0706,0.7708
2026-08-05 07:50:00,85.5128,53.5176,2.5054,24.7506,0.7921,85.9475,85.4850,85.6484,-0.4346,53.7288,52.5869,-0.2112
2026-08-05 08:00:00,86.0564,55.0198,2.3873,25.2144,0.8008,86.0068,86.7069,86.2567,0.0496,52.8268,52.4244,2.1930
2026-08-05 08:10:00,87.4722,53.4734,2.5719,24.9354,0.8302,86.7186,86.8879,87.0262,0.7536,52.2228,51.1865,1.2507
2026-08-05 08:20:00,87.5575,52.8860,2.5572,24.7947,0.8275,87.5728,86.9140,87.3481,-0.0153,54.7381,52.8088,-1.8521
2026-08-05 08:30:00,86.5978,53.1249,2.6682,25.0661,0.8210,87.5858,85.6399,86.6078,-0.9880,53.4588,52.5986,-0.3339
2026-08-05 08:40:00,86.5858,53.4343,2.4995,24.4924,0.8214,86.9271,86.8422,86.7850,-0.3412,53.2885,51.9562,0.1458
2026-08-05 08:50:00,87.3783,51.6503,2.6513,25.3417,0.8461,87.2017,86.7200,87.1000,0.1766,52.0214,50.9897,-0.3711
2026-08-05 09:00:00,86.9137,51.5723,2.5325,24.7584,0.8178,86.8019,86.5815,86.7657,0.1118,52.1063,51.4013,-0.5340
2026-08-05 09:10:00,86.5504,50.8633,2.4822,24.6582,0.8340,86.6507,87.0164,86.7392,-0.1002,52.4845,50.7373,-1.6212
2026-08-05 09:20:00,86.5473,50.9960,2.5782,25.5495,0.8388,87.6290,86.3800,86.8521,-1.0818,51.1251,51.1233,-0.1291
2026-08-05 09:30:00,87.6946,51.7846,2.5806,24.8713,0.8522,86.6041,86.1871,86.8286,1.0905,52.1410,51.1337,-0.3564
2026-08-05 09:40:00,86.2301,51.4789,2.3172,25.1363,0.8095,87.7325,87.1983,87.0536,-1.5024,52.0071,50.8367,-0.5283
2026-08-05 09:50:00,85.9656,50.1017,2.5612,25.0214,0.8257,87.1526,86.4071,86.5084,-1.1870,51.1482,50.4682,-1.0464
2026-08-05 10:00:00,87.3675,49.2592,2.4337,25.1191,0.8519,86.7129,87.1777,87.0860,0.6545,50.4198,49.8802,-1.1606
2026-08-05 10:10:00,87.2142,49.6963,2.4557,24.8495,0.8311,86.3860,86.6937,86.7646,0.8282,50.0471,50.0005,-0.3508
2026-08-05 10:20:00,86.0395,48.8871,2.4628,24.7710,0.8131,87.0887,87.4140,86.8474,-1.0492,49.3580,49.2017,-0.4709
2026-08-05 10:30:00,86.3736,48.9194,2.5692,24.8811,0.8184,87.7579,85.9915,86.7077,-1.3843,49.9444,50.0682,-1.0251
2026-08-05 10:40:00,86.1587,48.8519,2.3323,25.0075,0.8324,86.4745,86.5512,86.3948,-0.3158,50.2393,49.9428,-1.3874
2026-08-05 10:50:00,86.5013,47.5253,2.2555,25.1119,0.8300,86.6668,86.4766,86.5482,-0.1656,48.5355,48.6961,-1.0102
2026-08-05 11:00:00,85.4451,46.4027,2.4114,24.6692,0.8170,85.3306,86.0476,85.6078,0.1145,49.7173,48.6843,-3.3146
2026-08-05 11:10:00,85.8693,47.6323,2.5212,24.8421,0.8185,85.7290,85.4007,85.6663,0.1403,48.8171,48.5518,-1.1847
2026-08-05 11:20:00,86.4843,46.7901,2.3641,25.5808,0.8171,84.7129,85.2768,85.4914,1.7714,47.5096,47.6986,-0.7195
2026-08-05 11:30:00,85.2363,45.6016,2.6087,25.1260,0.8041,84.5263,85.3934,85.0520,0.7101,47.9221,48.1642,-2.3205
2026-08-05 11:40:00,85.2295,46.7011,2.4421,25.0913,0.8222,85.4461,85.4971,85.3909,-0.2166,47.8530,48.6330,-1.1519
2026-08-05 11:50:00,85.0310,47.0936,2.4249,25.0241,0.7999,86.0582,85.9607,85.6833,-1.0272,48.4918,48.3605,-1.3982
2026-08-05 12:00:00,86.0352,47.1956,2.4866,25.3774,0.8137,85.1911,85.2691,85.4984,0.8441,47.3597,48.0520,-0.1641
2026-08-05 12:10:00,84.5560,46.7211,2.4710,25.0236,0.8161,83.9218,85.5575,84.6784,0.6342,46.6222,47.7274,0.0989
2026-08-05 12:20:00,84.1093,47.1391,2.4609,24.9325,0.8011,85.1434,85.7100,84.9876,-1.0340,46.5518,48.1017,0.5873
2026-08-05 12:30:00,84.7991,47.2986,2.6685,24.8085,0.8066,84.8052,84.2268,84.6103,-0.0061,48.1142,48.4389,-0.8156
2026-08-05 12:40:00,84.5346,48.6657,2.5215,25.0121,0.7977,83.9799,84.4624,84.3256,0.5547,47.1072,48.6204,1.5585
2026-08-05 12:50:00,84.8441,48.3632,2.4412,24.9930,0.8166,83.4540,84.3686,84.2222,1.3901,46.3570,48.9731,2.0062
2026-08-05 13:00:00,84.3861,47.4817,2.4964,24.7535,0.8183,83.0082,84.4797,83.9580,1.3780,47.5630,48.0396,-0.0813
2026-08-05 13:10:00,83.7272,46.8771,2.6570,25.0077,0.7994,83.7577,84.8271,84.1040,-0.0305,47.9065,48.5831,-1.0294
2026-08-05 13:20:00,83.9981,48.4731,2.6000,26.2556,0.7782,83.7924,83.3532,83.7146,0.2057,48.5055,49.0606,-0.0324
2026-08-05 13:30:00,84.5571,48.6467,2.5952,24.3761,0.7989,83.2795,84.1490,83.9952,1.2776,49.4211,49.1759,-0.7744
2026-08-05 13:40:00,83.7382,48.9380,2.5047,25.1234,0.7742,83.0862,84.1481,83.6575,0.6519,48.3101,49.4666,0.6280
2026-08-05 13:50:00,82.4742,50.3567,2.5008,24.9719,0.7625,82.7450,84.1468,83.1220,-0.2708,48.8793,49.4951,1.4774
2026-08-05 14:00:00,84.3502,49.7209,2.4136,25.2439,0.7937,83.8667,83.5096,83.9088,0.4836,50.3725,50.6469,-0.6516
2026-08-05 14:10:00,82.8085,50.0245,2.3397,25.1140,0.7683,83.8993,83.3474,83.3517,-1.0909,49.9326,50.0444,0.0918
2026-08-05 14:20:00,83.0035,51.0709,2.5226,25.1617,0.7646,83.4624,83.5765,83.3475,-0.4589,50.1305,50.3760,0.9404
2026-08-05 14:30:00,82.9802,50.1664,2.4514,25.2282,0.7777,83.2899,82.6808,82.9836,-0.3097,51.5595,51.1309,-1.3930
2026-08-05 14:40:00,83.3271,51.4978,2.4136,24.9958,0.7655,82.9686,83.7652,83.3536,0.3585,51.8546,51.0146,-0.3568
2026-08-05 14:50:00,83.0515,51.8224,2.4567,24.5970,0.7736,83.6213,82.7644,83.1458,-0.5698,50.9775,51.2056,0.8449
2026-08-05 15:00:00,82.6670,51.0120,2.4556,25.4068,0.7567,82.6835,82.7949,82.7151,-0.0164,50.9056,50.2439,0.1064
2026-08-05 15:10:00,82.8764,51.2578,2.4602,25.0790,0.7681,82.9297,82.4084,82.7382,-0.0532,51.7923,51.1203,-0.5344
2026-08-05 15:20:00,83.3407,52.3797,2.4296,25.0249,0.7644,82.4984,83.1535,82.9975,0.8423,52.3948,51.2592,-0.0151
2026-08-05 15:30:00,82.7525,52.6199,2.3476,24.7819,0.7647,82.7854,82.6084,82.7155,-0.0329,53.4642,52.1329,-0.8444
2026-08-05 15:40:00,83.4683,52.2695,2.4716,24.9968,0.7725,84.2110,83.0724,83.5839,-0.7427,53.6387,52.6559,-1.3691
2026-08-05 15:50:00,84.0454,53.1003,2.6148,25.0383,0.7760,83.5411,83.5100,83.6988,0.5043,53.3035,52.0843,-0.2032
2026-08-05 16:00:00,83.0265,52.0346,2.5162,25.0710,0.7726,82.4578,83.1727,82.8857,0.5687,52.8123,51.5984,-0.7778
2026-08-05 16:10:00,83.9843,53.9996,2.6016,25.0281,0.7709,83.8699,84.0425,83.9656,0.1144,54.2790,52.9063,-0.2794
2026-08-05 16:20:00,83.4879,53.4511,2.5755,24.8800,0.7650,84.8854,83.0677,83.8137,-1.3975,53.6559,52.2147,-0.2047
2026-08-05 16:30:00,83.5236,52.0341,2.4081,25.1852,0.7767,84.3881,83.3747,83.7621,-0.8645,53.0222,51.6726,-0.9881
2026-08-05 16:40:00,83.2281,53.0695,2.4831,24.5693,0.7753,83.2985,83.6332,83.3866,-0.0705,53.0645,52.1077,0.0050
2026-08-05 16:50:00,83.3507,53.4970,2.4271,24.2631,0.7733,84.1223,82.9884,83.4871,-0.7716,52.5936,52.3542,0.9034
2026-08-05 17:00:00,84.7060,52.6113,2.5827,25.2151,0.7864,83.3084,83.5838,83.8660,1.3976,53.2795,52.2980,-0.6682
2026-08-05 17:10:00,84.2565,51.5595,2.6735,25.0372,0.7905,83.3967,83.8248,83.8260,0.8597,52.9903,51.1058,-1.4307
2026-08-05 17:20:00,84.2966,51.8271,2.6428,25.2928,0.8009,84.5707,84.4448,84.4374,-0.2741,51.0620,50.6678,0.7651
2026-08-05 17:30:00,85.3227,50.7853,2.4458,24.3077,0.8131,83.7564,83.7446,84.2746,1.5662,52.3755,50.3909,-1.5902
2026-08-05 17:40:00,85.3321,50.1131,2.4853,24.7672,0.7913,84.1029,83.9023,84.4458,1.2291,50.1633,50.5549,-0.0502
2026-08-05 17:50:00,84.3409,48.8819,2.2936,25.1307,0.7761,84.5636,85.4671,84.7906,-0.2227,50.9220,50.0319,-2.0400
2026-08-05 18:00:00,84.7352,49.9893,2.4784,25.0926,0.8126,84.6122,84.2588,84.5354,0.1230,50.3312,50.3949,-0.3419
2026-08-05 18:10:00,85.0051,49.8217,2.5511,25.6458,0.8098,84.5636,83.7301,84.4329,0.4415,50.1203,49.7691,-0.2986
2026-08-05 18:20:00,85.1044,48.4267,2.4495,24.8424,0.8051,84.8379,84.6414,84.8613,0.2665,50.0324,49.4856,-1.6057
2026-08-05 18:30:00,85.5199,48.8124,2.4105,25.4310,0.8317,85.9666,84.2922,85.2595,-0.4467,48.6942,49.3813,0.1182
2026-08-05 18:40:00,85.3090,47.9392,2.3629,24.8913,0.8026,84.3221,85.9230,85.1847,0.9868,49.1853,48.6408,-1.2462
2026-08-05 18:50:00,86.2792,48.2752,2.6159,25.2203,0.8166,86.0185,85.8732,86.0570,0.2607,49.3444,49.5058,-1.0692
2026-08-05 19:00:00,87.0391,48.6408,2.4215,25.0532,0.8242,86.4499,85.2559,86.2483,0.5892,49.9586,49.4454,-1.3179
2026-08-05 19:10:00,86.1252,47.2482,2.4283,24.8409,0.8274,86.0088,85.6317,85.9219,0.1164,48.1239,48.2945,-0.8757
2026-08-05 19:20:00,86.2831,48.8146,2.4427,24.9090,0.8113,85.9780,86.1873,86.1495,0.3051,47.1971,48.3303,1.6175
2026-08-05 19:30:00,86.5950,47.6022,2.5614,24.6283,0.8448,86.0416,85.6433,86.0933,0.5533,48.2216,49.0085,-0.6194
2026-08-05 19:40:00,86.3744,46.4360,2.5442,24.6003,0.8568,85.8982,86.4637,86.2454,0.4763,47.0998,47.5693,-0.6637
2026-08-05 19:50:00,86.1704,47.9278,2.5367,24.7912,0.8182,86.1253,86.8547,86.3835,0.0451,47.8401,48.7475,0.0878
2026-08-05 20:00:00,86.8589,47.5013,2.3351,25.0825,0.8461,86.7538,86.5586,86.7238,0.1051,46.5169,47.8352,0.9844
2026-08-05 20:10:00,86.5510,47.2041,2.4515,24.4530,0.8396,86.9932,86.8159,86.7867,-0.4422,46.2505,47.6705,0.9536
2026-08-05 20:20:00,87.1389,47.1234,2.4302,25.3899,0.8322,85.3201,86.7757,86.4116,1.8188,47.1296,48.1017,-0.0062
2026-08-05 20:30:00,87.1328,46.7828,2.6026,24.5901,0.8414,86.5665,87.3160,87.0051,0.5663,46.4666,47.7711,0.3162
2026-08-05 20:40:00,87.0122,47.5586,2.4270,25.1097,0.8378,87.1036,87.6666,87.2608,-0.0914,47.3212,47.9947,0.2374
2026-08-05 20:50:00,87.9729,48.4032,2.5654,24.9452,0.8568,85.9409,87.7050,87.2063,2.0320,48.1190,48.7876,0.2842
2026-08-05 21:00:00,87.4355,48.3737,2.3991,25.0537,0.8452,86.9255,86.8600,87.0736,0.5100,48.3409,48.9577,0.0328
2026-08-05 21:10:00,87.9313,47.6512,2.5409,24.7239,0.8578,86.4428,87.1365,87.1702,1.4885,48.8232,48.8404,-1.1720
2026-08-05 21:20:00,86.4743,49.2561,2.5360,24.9744,0.8147,86.1872,88.1258,86.9291,0.2871,47.7152,48.6925,1.5409
2026-08-05 21:30:00,87.0892,48.0375,2.5498,25.4053,0.8266,86.8202,87.2078,87.0391,0.2689,47.5255,48.2477,0.5120
2026-08-05 21:40:00,86.8210,50.7921,2.4147,24.9152,0.8497,87.3294,86.1225,86.7576,-0.5084,48.6651,49.9946,2.1270
2026-08-05 21:50:00,87.5360,50.7227,2.5560,25.2151,0.8229,86.5331,86.2832,86.7841,1.0028,50.0479,50.3699,0.6748
2026-08-05 22:00:00,86.7852,51.2348,2.5538,25.3414,0.8306,87.2395,86.3581,86.7943,-0.4543,50.3878,50.6828,0.8470
2026-08-05 22:10:00,86.4339,50.9392,2.6286,24.9705,0.8112,86.3803,86.1150,86.3097,0.0535,49.8651,50.4452,1.0740
2026-08-05 22:20:00,87.3989,50.1318,2.5359,25.0068,0.8355,85.8734,86.2266,86.4997,1.5255,51.8433,50.9612,-1.7115
2026-08-05 22:30:00,86.5556,51.5175,2.5743,24.8655,0.8147,86.2242,86.7227,86.5009,0.3315,49.8560,50.2586,1.6616
2026-08-05 22:40:00,86.5386,51.2177,2.3249,24.8862,0.8249,86.4722,85.6872,86.2327,0.0664,51.9739,50.9899,-0.7562
2026-08-05 22:50:00,86.3167,52.6621,2.4876,24.4273,0.8293,85.1817,86.2479,85.9155,1.1349,52.5365,51.5237,0.1255
2026-08-05 23:00:00,85.6809,51.9479,2.4819,24.7419,0.7980,86.6845,86.0200,86.1285,-1.0036,52.2283,51.1182,-0.2803
2026-08-05 23:10:00,86.5375,53.1302,2.4910,25.1924,0.8289,85.4991,85.6192,85.8852,1.0384,52.4205,51.4624,0.7097
2026-08-05 23:20:00,84.9079,51.3155,2.5148,24.3894,0.7906,84.1301,86.2189,85.0856,0.7779,52.7840,51.3028,-1.4685
2026-08-05 23:30:00,86.1085,53.4080,2.4209,24.7368,0.8152,86.0264,85.7107,85.9485,0.0820,51.1904,51.8116,2.2176
2026-08-05 23:40:00,85.3807,52.8514,2.2161,25.1598,0.7965,85.2476,85.2658,85.2980,0.1331,52.8603,52.0443,-0.0089
2026-08-05 23:50:00,84.9832,53.4218,2.3848,24.8043,0.7963,85.1451,86.3760,85.5014,-0.1618,53.1193,51.8300,0.3025
2026-08-06 00:00:00,84.2155,53.6275,2.4393,25.2750,0.7719,85.2953,85.1796,84.8968,-1.0798,53.1787,52.4876,0.4488
2026-08-06 00:10:00,84.8353,53.5031,2.3301,25.1247,0.7872,84.8689,83.9788,84.5610,-0.0337,51.6651,51.7910,1.8380
2026-08-06 00:20:00,84.8295,53.2253,2.4993,24.6404,0.7775,83.7711,85.0623,84.5543,1.0583,54.4989,52.5471,-1.2736
2026-08-06 00:30:00,84.1022,52.7921,2.4864,24.4791,0.7807,84.5984,84.7404,84.4803,-0.4962,54.4884,52.3965,-1.6963
2026-08-06 00:40:00,85.2273,51.9364,2.3490,24.7570,0.8093,84.1031,83.9397,84.4233,1.1242,53.0439,51.5450,-1.1075
2026-08-06 00:50:00,84.4420,51.8428,2.4077,25.4978,0.7778,83.8982,84.7132,84.3511,0.5438,50.3688,50.9570,1.4740
2026-08-06 01:00:00,84.8942,52.8135,2.3959,24.7830,0.7906,84.3373,85.1229,84.7848,0.5569,53.6352,52.0850,-0.8217
2026-08-06 01:10:00,83.5872,51.2010,2.5644,25.3240,0.7759,83.9994,85.2113,84.2660,-0.4122,52.6653,50.6729,-1.4643
2026-08-06 01:20:00,83.6973,51.6612,2.4731,25.3785,0.7722,83.3605,83.6449,83.5676,0.3368,52.3659,50.9359,-0.7047
2026-08-06 01:30:00,83.3393,51.8258,2.3640,24.6888,0.7527,83.2666,83.5916,83.3992,0.0727,51.3102,50.7703,0.5156
2026-08-06 01:40:00,83.2768,51.5602,2.5334,25.6403,0.7627,83.3612,83.7915,83.4765,-0.0844,50.7365,50.7576,0.8237
2026-08-06 01:50:00,82.4029,50.0950,2.5878,25.5711,0.7752,83.5309,83.8264,83.2534,-1.1280,51.0409,50.2123,-0.9458
2026-08-06 02:00:00,82.7884,50.1986,2.4890,25.2518,0.7424,83.2749,84.0725,83.3786,-0.4866,50.8527,50.0555,-0.6541
2026-08-06 02:10:00,82.5329,49.5715,2.5785,25.1549,0.7654,83.5890,83.4904,83.2041,-1.0561,50.4795,50.2982,-0.9080
2026-08-06 02:20:00,82.8982,48.5149,2.5729,24.8468,0.7535,83.9011,83.3950,83.3981,-1.0029,49.7760,49.3748,-1.2611
2026-08-06 02:30:00,83.4868,47.8254,2.5004,25.0847,0.7893,82.2664,83.4843,83.0791,1.2204,48.8886,48.7092,-1.0632
2026-08-06 02:40:00,82.2496,50.2861,2.4872,25.0737,0.7474,82.3035,83.5279,82.6937,-0.0538,47.7720,49.7438,2.5141
2026-08-06 02:50:00,83.9079,47.5534,2.4539,24.2371,0.7735,83.3463,83.6954,83.6499,0.5615,47.8746,48.2868,-0.3212
2026-08-06 03:00:00,82.2094,46.9745,2.6329,25.0930,0.7493,83.2909,84.2160,83.2387,-1.0814,47.8585,48.0778,-0.8840
2026-08-06 03:10:00,83.2984,48.4251,2.5822,24.9049,0.7750,82.1379,82.3927,82.6097,1.1606,48.1672,48.7037,0.2578
2026-08-06 03:20:00,83.1536,47.2110,2.5062,25.0058,0.7881,83.4320,82.9914,83.1923,-0.2784,47.4565,48.2118,-0.2455
2026-08-06 03:30:00,82.6761,48.0974,2.4438,24.9520,0.7726,83.1854,83.1421,83.0012,-0.5093,47.2926,48.9568,0.8048
2026-08-06 03:40:00,83.1583,46.9012,2.6798,24.7667,0.7996,82.0704,82.8295,82.6861,1.0878,45.8926,47.1893,1.0086
2026-08-06 03:50:00,83.4138,47.2541,2.4392,25.4901,0.7958,83.0948,82.1639,82.8908,0.3190,47.8693,48.2297,-0.6152
2026-08-06 04:00:00,83.4141,47.6382,2.4599,25.3836,0.7795,83.4568,83.4982,83.4563,-0.0427,47.7555,48.9878,-0.1174
2026-08-06 04:10:00,82.9506,46.1194,2.4679,25.9131,0.7944,82.9929,83.0135,82.9857,-0.0423,46.9879,47.7843,-0.8685
2026-08-06 04:20:00,83.7885,47.6485,2.6197,25.6009,0.7875,83.2548,83.0858,83.3764,0.5337,46.8042,48.2616,0.8443
2026-08-06 04:30:00,83.9036,48.6093,2.4291,25.1076,0.7793,83.6703,84.6980,84.0906,0.2332,46.9928,49.2698,1.6165
2026-08-06 04:40:00,83.2959,47.0337,2.4657,25.0525,0.7818,83.9678,82.0941,83.1193,-0.6718,46.4445,48.3944,0.5892
2026-08-06 04:50:00,83.1490,47.3346,2.5612,24.9864,0.7717,83.9370,84.0037,83.6966,-0.7879,46.9244,48.2085,0.4103
2026-08-06 05:00:00,84.4304,48.7430,2.5370,25.5128,0.7957,83.3613,83.6052,83.7990,1.0691,48.5896,48.8428,0.1535
2026-08-06 05:10:00,83.0338,48.5415,2.4556,25.6744,0.7775,84.6186,83.6076,83.7533,-1.5848,48.3538,49.0766,0.1877
2026-08-06 05:20:00,85.0057,48.6531,2.4476,25.3116,0.7970,83.7461,83.9780,84.2432,1.2596,47.9128,48.8603,0.7403
2026-08-06 05:30:00,84.1484,49.7479,2.6106,25.2492,0.7953,83.3919,84.2129,83.9177,0.7565,49.1862,50.0469,0.5617
2026-08-06 05:40:00,84.5508,50.2664,2.5307,24.2251,0.7915,84.0623,84.0099,84.2076,0.4885,49.6936,50.0759,0.5728
2026-08-06 05:50:00,84.5665,49.0671,2.5438,24.9447,0.8033,84.2395,84.2921,84.3660,0.3269,48.3279,48.9656,0.7392
2026-08-06 06:00:00,86.0889,49.4108,2.4527,24.7528,0.8163,84.7895,85.2619,85.3801,1.2994,49.2839,49.5992,0.1270
2026-08-06 06:10:00,84.2373,49.6998,2.6086,24.7433,0.7971,84.5372,84.7392,84.5046,-0.2999,51.3719,50.5807,-1.6721
2026-08-06 06:20:00,84.3712,53.3535,2.3961,25.5599,0.7760,84.5599,84.7744,84.5685,-0.1887,49.8689,50.9097,3.4846
2026-08-06 06:30:00,85.5475,51.5305,2.6420,25.0643,0.8044,84.9860,85.0342,85.1892,0.5615,50.3732,50.2226,1.1573
2026-08-06 06:40:00,86.9595,51.6939,2.5255,25.3653,0.7985,86.6370,84.9178,86.1714,0.3225,50.4414,50.5489,1.2525
2026-08-06 06:50:00,86.3374,53.5418,2.6640,24.8554,0.7915,85.4769,85.1979,85.6707,0.8605,50.1841,51.4168,3.3576
2026-08-06 07:00:00,86.0022,52.5218,2.5732,25.2054,0.8068,86.6652,85.4390,86.0355,-0.6630,51.3155,51.2095,1.2063
2026-08-06 07:10:00,86.4161,52.9259,2.4660,24.9042,0.8255,85.3462,87.2188,86.3270,1.0700,51.8808,51.5409,1.0451
2026-08-06 07:20:00,86.4705,53.0237,2.4345,25.1015,0.8036,85.8477,85.1976,85.8386,0.6227,52.4927,51.7859,0.5310
2026-08-06 07:30:00,85.4073,52.2269,2.4971,25.2578,0.7866,86.1351,85.5971,85.7132,-0.7277,53.1782,51.6012,-0.9514
2026-08-06 07:40:00,86.7915,52.6111,2.3296,24.9790,0.8072,86.9739,87.1947,86.9867,-0.1824,53.2818,51.7721,-0.6707
2026-08-06 07:50:00,86.6494,53.2064,2.6085,24.9435,0.8192,85.6925,86.5351,86.2923,0.9569,52.2095,51.8182,0.9969
2026-08-06 08:00:00,86.2130,53.3292,2.5638,24.9301,0.7995,86.9253,87.3107,86.8163,-0.7123,54.5116,52.7324,-1.1825
2026-08-06 08:10:00,86.9517,51.9222,2.6314,24.3032,0.8354,86.7454,85.4223,86.3731,0.2064,53.2693,51.6835,-1.3471
2026-08-06 08:20:00,86.6550,52.6819,2.4981,24.9934,0.8020,87.0141,86.5422,86.7371,-0.3590,54.2438,52.5666,-1.5619
2026-08-06 08:30:00,87.4181,54.2609,2.5736,24.9561,0.7979,86.9998,87.6780,87.3653,0.4183,53.6135,52.4725,0.6474
2026-08-06 08:40:00,86.9995,52.1534,2.5306,24.8469,0.8379,86.9920,87.0082,86.9999,0.0075,52.1090,51.2955,0.0444
2026-08-06 08:50:00,86.4146,53.5138,2.4487,25.0479,0.7952,86.3537,86.8067,86.5250,0.0610,52.3490,52.0277,1.1648
2026-08-06 09:00:00,88.0056,50.5075,2.5978,25.1495,0.8374,86.7756,87.5297,87.4369,1.2300,52.3302,50.8493,-1.8227
2026-08-06 09:10:00,86.4681,51.1574,2.3784,25.2654,0.8107,86.4030,87.0797,86.6503,0.0651,51.4683,51.3393,-0.3109
2026-08-06 09:20:00,86.9902,51.6640,2.5208,25.1713,0.8320,87.0070,86.4920,86.8297,-0.0169,51.7034,51.1403,-0.0393
2026-08-06 09:30:00,86.1158,49.4642,2.3787,24.4147,0.8135,86.5832,87.0367,86.5786,-0.4674,52.0674,50.5973,-2.6031
2026-08-06 09:40:00,87.0966,51.5332,2.4674,24.2180,0.8094,87.1810,87.0677,87.1151,-0.0844,51.7042,51.9319,-0.1709
2026-08-06 09:50:00,86.9223,50.3152,2.5346,24.6429,0.8354,86.7937,87.7732,87.1631,0.1286,49.4960,49.9384,0.8191
2026-08-06 10:00:00,86.4183,49.1468,2.5623,24.9047,0.8371,86.5472,86.6831,86.5495,-0.1289,52.0033,49.9781,-2.8565
2026-08-06 10:10:00,86.2465,47.1366,2.4553,25.2072,0.8314,86.8042,86.3745,86.4750,-0.5577,49.8477,48.8755,-2.7111
2026-08-06 10:20:00,86.5294,49.3629,2.4649,25.0071,0.8239,86.3008,86.7718,86.5340,0.2285,48.5867,49.3710,0.7762
2026-08-06 10:30:00,85.8588,48.8315,2.5465,24.7222,0.8267,87.4262,86.3133,86.5328,-1.5674,49.1077,49.6767,-0.2762
2026-08-06 10:40:00,85.3865,48.5267,2.4698,25.2701,0.8078,86.6402,86.1205,86.0491,-1.2537,49.6132,49.0435,-1.0865
2026-08-06 10:50:00,86.5826,48.2347,2.2646,25.0189,0.8351,85.6709,85.9907,86.0814,0.9117,48.5711,48.7818,-0.3364
2026-08-06 11:00:00,86.1648,47.7113,2.3680,25.6985,0.8209,86.2093,87.1718,86.5153,-0.0445,48.8640,49.0227,-1.1528
2026-08-06 11:10:00,86.3741,48.0611,2.5551,25.1701,0.8247,86.5374,86.4844,86.4653,-0.1633,46.0390,48.2886,2.0221
2026-08-06 11:20:00,85.2873,47.5963,2.3328,24.8250,0.8079,86.1136,85.7061,85.7023,-0.8262,45.8872,47.6807,1.7090
2026-08-06 11:30:00,85.3274,47.7348,2.5148,24.7700,0.8145,86.6009,86.4304,86.1195,-1.2735,45.8743,48.6123,1.8605
2026-08-06 11:40:00,85.9392,48.3705,2.3480,24.8757,0.8249,84.9569,85.9480,85.6147,0.9823,48.5350,48.8685,-0.1644
2026-08-06 11:50:00,86.0260,47.5877,2.3141,24.7393,0.8337,84.8312,86.0572,85.6381,1.1948,47.5915,48.4868,-0.0038
2026-08-06 12:00:00,84.7114,47.2409,2.6682,24.8830,0.8100,86.1775,85.4784,85.4558,-1.4661,46.6332,47.8076,0.6078
2026-08-06 12:10:00,83.7838,46.0565,2.5338,25.2909,0.7893,85.4785,85.6214,84.9612,-1.6947,46.3834,47.3012,-0.3269
2026-08-06 12:20:00,83.9796,47.6974,2.5004,25.2663,0.7910,84.3554,85.3899,84.5750,-0.3758,45.4405,47.6115,2.2569
2026-08-06 12:30:00,84.0952,48.4488,2.6750,25.1269,0.7853,85.5133,84.4765,84.6950,-1.4181,45.9950,47.5518,2.4538
2026-08-06 12:40:00,84.3671,46.0299,2.6419,24.8259,0.7896,85.0402,85.0906,84.8327,-0.6731,48.5591,47.6865,-2.5292
2026-08-06 12:50:00,83.1997,48.8685,2.2194,24.6354,0.7769,83.6512,84.5880,83.8130,-0.4515,46.4830,48.8375,2.3855
2026-08-06 13:00:00,84.3589,48.0988,2.4645,24.6900,0.7947,83.5388,85.2744,84.3907,0.8201,47.8754,48.3970,0.2234
2026-08-06 13:10:00,84.6358,48.1368,2.6399,25.4105,0.8045,83.3653,83.8645,83.9552,1.2705,50.7500,49.4636,-2.6132
2026-08-06 13:20:00,83.5857,48.1225,2.4060,25.2112,0.7710,83.4374,84.1543,83.7258,0.1483,47.9732,48.7475,0.1493
2026-08-06 13:30:00,83.5703,47.9142,2.6465,25.3429,0.7753,83.9528,83.6076,83.7102,-0.3825,49.3667,49.3513,-1.4525
2026-08-06 13:40:00,84.0959,48.4657,2.3645,24.4425,0.8178,84.0389,84.3369,84.1572,0.0571,47.7049,48.9142,0.7608
2026-08-06 13:50:00,82.5009,49.9725,2.5020,24.9105,0.7572,84.0558,83.3243,83.2937,-1.5549,50.3062,50.0787,-0.3337
2026-08-06 14:00:00,83.4548,50.4402,2.5460,25.0685,0.7970,83.9261,82.1896,83.1901,-0.4713,49.4418,50.4065,0.9984
2026-08-06 14:10:00,82.7808,50.3953,2.5079,25.4776,0.7551,82.8163,83.6145,83.0705,-0.0355,50.2758,50.3803,0.1195
2026-08-06 14:20:00,83.2817,50.6817,2.5560,25.0616,0.7697,83.1557,82.9981,83.1452,0.1261,49.8252,50.3362,0.8564
2026-08-06 14:30:00,82.4147,51.6992,2.4736,24.9691,0.7544,83.3722,83.9275,83.2381,-0.9575,52.2193,51.6204,-0.5201
2026-08-06 14:40:00,83.0696,52.1395,2.2978,25.1824,0.7685,82.2958,82.8301,82.7318,0.7739,51.3701,51.2844,0.7694
2026-08-06 14:50:00,83.4862,53.1620,2.4851,24.6586,0.7760,83.6743,83.7019,83.6208,-0.1881,51.8766,52.2795,1.2854
2026-08-06 15:00:00,82.8630,53.4008,2.3840,24.3202,0.7460,82.7203,83.0307,82.8714,0.1427,51.0802,51.5320,2.3206
2026-08-06 15:10:00,83.3310,52.6622,2.4862,25.3608,0.7590,82.8794,82.7326,82.9810,0.4516,52.6435,51.6409,0.0187
2026-08-06 15:20:00,83.2305,53.2511,2.4493,24.5205,0.7615,82.6098,82.6788,82.8397,0.6207,50.4031,50.7320,2.8480
2026-08-06 15:30:00,83.4681,52.0217,2.6156,24.7853,0.7758,82.9038,83.3324,83.2348,0.5644,52.3953,51.5363,-0.3736
2026-08-06 15:40:00,83.7360,53.2746,2.4312,24.4380,0.7701,83.2833,83.1074,83.3756,0.4527,52.0694,51.8268,1.2053
2026-08-06 15:50:00,83.5173,54.0892,2.4774,25.7371,0.7800,83.2048,83.1990,83.3070,0.3125,54.0089,52.4104,0.0803
2026-08-06 16:00:00,82.8668,51.9696,2.4745,24.7420,0.7585,83.1700,82.4314,82.8227,-0.3033,54.0673,52.3699,-2.0977
2026-08-06 16:10:00,83.1317,54.1598,2.5388,25.3297,0.7459,83.0998,83.5015,83.2443,0.0320,52.8689,52.2901,1.2910
2026-08-06 16:20:00,83.4126,53.1965,2.5111,25.4674,0.7567,83.4090,83.6199,83.4805,0.0036,51.9794,51.6222,1.2171
2026-08-06 16:30:00,83.6727,53.9740,2.5136,25.2274,0.7764,82.0900,83.4019,83.0549,1.5827,52.5492,52.6253,1.4247
2026-08-06 16:40:00,84.0638,53.2979,2.5520,25.0314,0.7844,83.5751,84.1100,83.9163,0.4886,51.9164,52.0495,1.3814
2026-08-06 16:50:00,83.6715,52.9236,2.3428,25.0809,0.7698,83.6918,82.7020,83.3551,-0.0203,52.6244,51.8882,0.2992
2026-08-06 17:00:00,83.1092,51.2008,2.5158,25.1221,0.7675,83.8753,83.7279,83.5708,-0.7661,51.9442,50.9948,-0.7434
2026-08-06 17:10:00,83.4540,51.3586,2.4958,25.3708,0.7715,85.0307,84.8178,84.4342,-1.5767,52.1771,51.0544,-0.8185
2026-08-06 17:20:00,85.4490,52.0968,2.5439,24.7836,0.7962,83.6545,84.7440,84.6158,1.7945,52.2275,51.3484,-0.1307
2026-08-06 17:30:00,84.2462,50.3550,2.4930,25.0512,0.7649,83.8339,83.8165,83.9655,0.4124,52.3684,50.7417,-2.0134
2026-08-06 17:40:00,83.7555,49.8957,2.6724,24.8882,0.7713,83.6456,84.3282,83.9098,0.1099,51.2518,50.5148,-1.3561
2026-08-06 17:50:00,86.1891,49.4026,2.4631,25.0877,0.8153,83.6199,84.7380,84.8490,2.5692,50.2714,49.5721,-0.8688
2026-08-06 18:00:00,84.5533,51.2409,2.6299,24.6727,0.7723,85.2749,85.6818,85.1700,-0.7216,52.2577,50.7414,-1.0168
2026-08-06 18:10:00,85.8532,49.6041,2.3070,24.7421,0.8061,85.2377,84.1422,85.0777,0.6155,50.7552,50.2624,-1.1511
2026-08-06 18:20:00,85.8573,48.6954,2.5397,24.6892,0.8235,85.0557,84.9304,85.2811,0.8017,49.5822,48.9035,-0.8869
2026-08-06 18:30:00,86.1126,48.9182,2.6194,25.3360,0.8118,85.2124,84.3989,85.2413,0.9002,50.2043,49.8049,-1.2861
2026-08-06 18:40:00,85.7846,48.2791,2.4030,25.3848,0.8370,86.1784,85.2636,85.7422,-0.3938,49.1641,49.4687,-0.8849
2026-08-06 18:50:00,85.8923,49.7294,2.6248,25.8356,0.8161,84.4766,85.5536,85.3075,1.4157,48.1963,49.3604,1.5331
2026-08-06 19:00:00,86.8915,47.4452,2.4168,24.8059,0.8576,85.6149,85.8138,86.1067,1.2767,49.6509,49.2311,-2.2057
2026-08-06 19:10:00,85.0199,47.2334,2.4347,24.4772,0.8038,84.6389,86.0078,85.2222,0.3810,47.8846,48.1602,-0.6512
2026-08-06 19:20:00,85.3809,48.5175,2.4432,25.3293,0.8089,86.8768,86.2922,86.1833,-1.4960,47.7091,48.4903,0.8084
2026-08-06 19:30:00,87.0637,47.0640,2.4185,24.9528,0.8393,86.7226,85.2061,86.3308,0.3411,49.3084,48.9298,-2.2444
2026-08-06 19:40:00,86.5241,47.4574,2.3469,25.0372,0.8370,86.2669,86.5474,86.4461,0.2572,47.8628,48.2216,-0.4054
2026-08-06 19:50:00,87.2627,46.9775,2.6907,25.3928,0.8471,86.1262,86.3584,86.5824,1.1365,47.9085,48.1274,-0.9310
2026-08-06 20:00:00,86.9488,47.4372,2.4888,24.7535,0.8529,86.8758,86.3812,86.7353,0.0729,46.3935,48.2131,1.0436
2026-08-06 20:10:00,86.7779,47.8076,2.4078,25.0908,0.8284,87.6028,86.8224,87.0677,-0.8249,46.2034,48.2842,1.6043
2026-08-06 20:20:00,87.4967,46.8326,2.4190,24.3391,0.8580,85.9361,86.7079,86.7136,1.5606,45.6455,48.0330,1.1871
2026-08-06 20:30:00,87.5991,47.4685,2.6048,24.9603,0.8383,86.0412,87.2086,86.9496,1.5580,46.2947,48.6790,1.1738
2026-08-06 20:40:00,86.4134,48.2116,2.6276,24.5981,0.8221,86.8169,88.6207,87.2837,-0.4035,47.0321,48.0731,1.1795
2026-08-06 20:50:00,87.2383,46.7819,2.4938,24.8635,0.8484,86.6890,86.5838,86.8370,0.5493,48.2652,48.4357,-1.4832
2026-08-06 21:00:00,87.0141,46.3387,2.5622,24.8588,0.8440,86.0702,87.1082,86.7309,0.9439,47.7744,47.9689,-1.4357
2026-08-06 21:10:00,86.5494,49.1066,2.4253,25.2731,0.8364,86.5839,87.3664,86.8332,-0.0345,47.5349,49.0720,1.5716
2026-08-06 21:20:00,86.5017,48.4079,2.5077,24.9912,0.8311,86.5880,86.7238,86.6045,-0.0863,48.7448,48.9272,-0.3369
2026-08-06 21:30:00,86.6832,48.1785,2.4540,24.6919,0.8380,86.7451,86.4506,86.6263,-0.0619,48.3375,48.4197,-0.1590
2026-08-06 21:40:00,86.4515,50.3071,2.3912,24.9570,0.8429,87.0565,86.7142,86.7407,-0.6050,47.2618,49.2397,3.0453
2026-08-06 21:50:00,86.4288,50.0547,2.4324,25.0831,0.8357,87.2150,86.2727,86.6388,-0.7863,49.2947,50.0722,0.7599
2026-08-06 22:00:00,85.9722,51.3498,2.5141,25.1729,0.8071,86.8358,86.4322,86.4134,-0.8635,50.8461,51.2699,0.5037
2026-08-06 22:10:00,87.7116,48.9790,2.5330,25.1296,0.8367,86.9185,86.0943,86.9081,0.7932,51.1773,49.5921,-2.1983
2026-08-06 22:20:00,86.6573,51.4078,2.4401,25.4118,0.8024,86.6230,85.8887,86.3897,0.0343,49.7729,50.2454,1.6349
2026-08-06 22:30:00,86.1368,52.1648,2.3828,24.5337,0.8062,86.5888,86.8899,86.5385,-0.4520,51.6995,50.6431,0.4653
2026-08-06 22:40:00,87.1299,50.8453,2.4722,25.0070,0.8077,86.1980,87.0281,86.7853,0.9319,51.6532,50.6827,-0.8079
2026-08-06 22:50:00,86.2537,52.1955,2.4741,25.1477,0.8042,85.8129,86.2657,86.1108,0.4408,49.5686,50.7960,2.6269
2026-08-06 23:00:00,86.0416,51.9436,2.5797,25.1161,0.8204,86.9371,86.4509,86.4765,-0.8955,51.2505,51.2822,0.6931
2026-08-06 23:10:00,85.4870,51.7703,2.4707,25.3474,0.8095,86.4429,86.2086,86.0462,-0.9559,52.5768,51.6293,-0.8066
2026-08-06 23:20:00,85.3399,53.0687,2.4996,24.8785,0.7923,85.5690,85.8595,85.5895,-0.2291,52.3736,52.0136,0.6951
2026-08-06 23:30:00,86.2723,53.2264,2.5117,24.4000,0.8336,85.3301,85.5074,85.7033,0.9422,53.6094,51.9483,-0.3830
2026-08-06 23:40:00,85.5332,52.5275,2.4747,25.0149,0.7885,85.4559,86.1970,85.7287,0.0773,52.7119,52.7960,-0.1845
2026-08-06 23:50:00,85.2201,52.0171,2.4478,24.4196,0.8080,86.1500,85.9391,85.7698,-0.9299,52.2257,51.1525,-0.2086
2026-08-07 00:00:00,85.3683,52.5832,2.4139,24.7083,0.8165,84.9422,85.7631,85.3579,0.4261,53.4140,51.7445,-0.8307
2026-08-07 00:10:00,84.8460,52.1734,2.6448,24.7268,0.7948,84.7529,84.7119,84.7702,0.0931,53.8619,51.8554,-1.6884
2026-08-07 00:20:00,83.7379,53.2372,2.4293,25.0473,0.7799,85.0040,85.4444,84.7288,-1.2661,51.9358,52.0839,1.3014
2026-08-07 00:30:00,84.3336,51.6303,2.2545,24.9075,0.7773,84.2674,84.9929,84.5313,0.0663,54.2740,51.6976,-2.6437
2026-08-07 00:40:00,84.3620,52.1439,2.4013,24.6952,0.8004,84.4890,84.5577,84.4695,-0.1270,52.2234,51.4759,-0.0796
2026-08-07 00:50:00,83.8358,53.9241,2.5252,25.0418,0.7719,84.9699,84.4713,84.4256,-1.1341,52.2169,52.0953,1.7072
2026-08-07 01:00:00,84.3957,53.0677,2.5215,25.0688,0.7917,82.7877,84.3601,83.8478,1.6080,51.9125,51.6775,1.1552
2026-08-07 01:10:00,84.0307,52.8223,2.3615,24.7842,0.7681,83.6966,83.4697,83.7323,0.3341,53.8313,52.4791,-1.0090
2026-08-07 01:20:00,83.3267,51.5124,2.4565,25.0468,0.7627,83.0913,83.7139,83.3773,0.2354,52.9313,51.0358,-1.4189
2026-08-07 01:30:00,84.1343,51.5960,2.4600,25.2250,0.7843,82.6457,83.6506,83.4769,1.4886,51.1998,51.3654,0.3962
2026-08-07 01:40:00,83.2675,50.6078,2.3839,24.9810,0.7603,84.1288,83.5042,83.6335,-0.8613,50.1950,50.6352,0.4127
2026-08-07 01:50:00,82.7087,50.5959,2.3513,25.0879,0.7745,83.1438,82.9959,82.9495,-0.4351,49.8575,50.1345,0.7383
2026-08-07 02:00:00,84.2319,50.8544,2.6170,24.6790,0.7969,83.8552,83.6204,83.9025,0.3767,49.8863,50.5386,0.9680
2026-08-07 02:10:00,82.8485,50.1342,2.4619,24.7043,0.7633,84.2519,82.7787,83.2930,-1.4034,50.7932,50.5612,-0.6590
2026-08-07 02:20:00,83.0284,48.7819,2.3752,25.3866,0.7622,81.7932,83.4219,82.7479,1.2352,48.5278,49.0703,0.2540
2026-08-07 02:30:00,82.3962,48.3869,2.5069,25.0815,0.7792,83.1213,83.2410,82.9195,-0.7251,49.0317,49.4167,-0.6448
2026-08-07 02:40:00,82.4649,48.1499,2.4999,24.7281,0.7815,83.2274,82.5078,82.7334,-0.7625,49.1786,49.5026,-1.0287
2026-08-07 02:50:00,82.6478,49.2630,2.5257,25.0605,0.7789,83.1322,83.2633,83.0144,-0.4845,48.5738,48.7528,0.6892
2026-08-07 03:00:00,83.2058,48.0804,2.4620,24.2351,0.7851,82.5774,82.4670,82.7501,0.6283,47.1962,47.8378,0.8842
2026-08-07 03:10:00,83.2385,49.5048,2.4420,25.2463,0.7741,83.1379,82.9743,83.1169,0.1006,48.5045,48.9740,1.0002
2026-08-07 03:20:00,83.0802,48.3098,2.5701,25.0979,0.7772,82.8272,82.8236,82.9103,0.2530,46.3773,48.3800,1.9325
2026-08-07 03:30:00,83.7506,47.4636,2.5017,25.1797,0.7677,82.7768,82.9707,83.1660,0.9738,46.0365,47.8815,1.4271
2026-08-07 03:40:00,82.1952,47.6551,2.5226,24.9427,0.7726,83.1417,83.2681,82.8683,-0.9464,47.4552,48.1121,0.1999
2026-08-07 03:50:00,83.9715,48.0223,2.5429,25.0451,0.7980,83.7507,84.0202,83.9141,0.2208,46.6690,48.5442,1.3532
2026-08-07 04:00:00,83.2243,45.7127,2.5838,25.4402,0.7960,83.1028,83.3144,83.2139,0.1215,47.5847,47.9377,-1.8721
2026-08-07 04:10:00,83.9767,47.7801,2.4421,25.0079,0.7863,83.3486,82.2530,83.1928,0.6282,48.5426,48.5403,-0.7625
2026-08-07 04:20:00,83.2113,47.1684,2.3622,24.8994,0.7834,84.1860,83.3390,83.5788,-0.9747,46.7012,47.6188,0.4673
2026-08-07 04:30:00,84.6549,47.2897,2.5082,24.5886,0.8082,83.1739,84.0975,83.9754,1.4811,47.4737,48.2920,-0.1840
2026-08-07 04:40:00,83.0530,47.3234,2.4786,25.0369,0.7591,83.1310,83.2200,83.1347,-0.0780,47.6285,47.7382,-0.3052
2026-08-07 04:50:00,84.5437,48.6135,2.4006,25.7407,0.7997,83.6599,83.8828,84.0288,0.8838,47.7364,48.8185,0.8771
2026-08-07 05:00:00,83.4577,47.5289,2.5357,25.2502,0.7987,83.6242,83.7540,83.6120,-0.1665,47.0917,48.5350,0.4372
2026-08-07 05:10:00,83.9991,47.7034,2.5062,24.4981,0.7973,83.8451,85.2366,84.3603,0.1540,47.3841,48.2823,0.3193
2026-08-07 05:20:00,84.8246,49.1256,2.6036,24.9161,0.7885,85.4888,84.2582,84.8572,-0.6643,48.3543,49.4017,0.7713
2026-08-07 05:30:00,83.8308,48.4868,2.3957,25.0501,0.7732,84.6528,84.7465,84.4100,-0.8221,49.4174,49.4335,-0.9306
2026-08-07 05:40:00,84.7488,48.8892,2.5449,24.9671,0.7809,84.1740,84.7121,84.5450,0.5748,47.9514,48.6032,0.9378
2026-08-07 05:50:00,84.7258,47.8733,2.5730,25.1924,0.8117,84.7633,84.0559,84.5150,-0.0375,48.2395,48.8696,-0.3662
2026-08-07 06:00:00,85.3577,49.1066,2.3749,24.9943,0.8094,85.2931,84.9839,85.2116,0.0646,49.5444,49.8610,-0.4378
2026-08-07 06:10:00,84.9995,50.1447,2.5848,25.2873,0.8094,84.9103,84.8615,84.9238,0.0893,49.3069,50.0872,0.8378
2026-08-07 06:20:00,85.0516,49.1792,2.4559,24.7433,0.7762,84.8876,85.3912,85.1101,0.1641,50.7225,50.0908,-1.5433
2026-08-07 06:30:00,86.2305,50.6850,2.3855,25.1482,0.8200,84.7142,85.0863,85.3436,1.5163,51.2073,50.7132,-0.5223
2026-08-07 06:40:00,86.0500,50.9623,2.3582,24.7260,0.8215,86.0355,85.2635,85.7830,0.0145,52.3581,51.0582,-1.3959
2026-08-07 06:50:00,85.5890,50.6975,2.4924,25.3182,0.8194,86.2187,85.7674,85.8584,-0.6297,52.7774,50.8677,-2.0798
2026-08-07 07:00:00,86.5925,52.3463,2.5211,24.5731,0.8203,86.4222,84.6197,85.8781,0.1703,52.4627,50.9175,-0.1164
2026-08-07 07:10:00,85.4385,52.3046,2.6583,24.9616,0.8044,85.5451,85.7481,85.5772,-0.1066,52.0774,51.9494,0.2272
2026-08-07 07:20:00,85.9119,52.0707,2.6077,24.9260,0.8086,86.3647,85.6817,85.9861,-0.4528,50.7382,51.2589,1.3325
2026-08-07 07:30:00,86.4723,51.7501,2.5778,25.6028,0.8288,87.3260,85.5333,86.4439,-0.8538,52.7977,51.6224,-1.0477
2026-08-07 07:40:00,86.4737,52.6356,2.2040,25.5077,0.7980,86.8661,86.2911,86.5436,-0.3924,52.7472,51.7326,-0.1117
2026-08-07 07:50:00,86.7378,53.4870,2.5952,24.9622,0.8036,85.9122,86.9337,86.5279,0.8256,52.6807,51.7485,0.8062
2026-08-07 08:00:00,86.3612,52.9249,2.3717,24.9907,0.8242,86.5790,85.6483,86.1961,-0.2178,53.6686,52.5309,-0.7437
2026-08-07 08:10:00,87.3941,53.0215,2.7331,25.2208,0.8567,87.4078,87.2376,87.3465,-0.0138,52.5019,51.5567,0.5197
2026-08-07 08:20:00,86.9371,52.7438,2.4462,24.9610,0.8188,86.4925,87.0606,86.8301,0.4446,52.3730,51.6926,0.3708
2026-08-07 08:30:00,86.3247,52.8517,2.5201,24.7116,0.8120,86.8305,86.5822,86.5791,-0.5058,52.5367,51.9305,0.3150
2026-08-07 08:40:00,86.9838,53.3642,2.3964,24.9437,0.8135,86.9621,87.0140,86.9866,0.0217,51.8261,51.9080,1.5381
2026-08-07 08:50:00,88.0738,52.5166,2.4132,24.9124,0.8353,86.6360,87.2932,87.3343,1.4378,51.1396,51.3004,1.3770
2026-08-07 09:00:00,87.6452,53.1021,2.6025,24.8020,0.8449,87.1757,87.6812,87.5007,0.4695,53.2453,52.2101,-0.1432
2026-08-07 09:10:00,86.8700,53.7176,2.3220,24.9480,0.8028,87.0585,87.1707,87.0331,-0.1885,51.6070,51.6045,2.1106
2026-08-07 09:20:00,86.3093,51.8615,2.4534,25.1267,0.8088,87.1160,87.3698,86.9317,-0.8067,52.2091,51.4201,-0.3476
2026-08-07 09:30:00,86.8801,51.5298,2.4397,24.9413,0.8271,87.7382,86.6864,87.1016,-0.8581,50.7918,50.8594,0.7380
2026-08-07 09:40:00,87.4829,51.4259,2.5022,25.3677,0.8149,87.4376,86.8125,87.2443,0.0454,51.6520,51.3284,-0.2262
2026-08-07 09:50:00,86.9095,50.4477,2.4609,25.5074,0.8307,86.9906,87.6866,87.1955,-0.0811,50.3745,50.1991,0.0732
2026-08-07 10:00:00,87.2008,51.4195,2.5045,25.1160,0.8129,87.4537,86.3378,86.9974,-0.2530,49.9600,50.5164,1.4595
2026-08-07 10:10:00,86.3138,48.0568,2.3764,25.0295,0.8405,87.4400,87.0036,86.9191,-1.1262,50.1254,49.6334,-2.0686
2026-08-07 10:20:00,87.1949,49.3172,2.5151,25.0611,0.8451,85.9541,86.7402,86.6297,1.2409,49.9289,49.1807,-0.6117
2026-08-07 10:30:00,86.8728,49.7129,2.3054,24.8760,0.8252,86.0877,86.2628,86.4078,0.7851,48.8056,49.6892,0.9073
2026-08-07 10:40:00,86.9093,48.9415,2.4086,25.2373,0.8379,84.9477,87.1520,86.3363,1.9616,48.9588,49.3513,-0.0173
2026-08-07 10:50:00,85.2757,49.4648,2.5337,25.2325,0.7925,86.5415,86.6801,86.1657,-1.2658,48.3756,48.8922,1.0893
2026-08-07 11:00:00,85.9693,47.1146,2.4302,25.3480,0.8241,86.1067,85.6979,85.9246,-0.1374,48.1371,48.3722,-1.0224
2026-08-07 11:10:00,85.3544,48.4879,2.6037,24.7677,0.8138,85.0736,86.3063,85.5781,0.2808,48.5038,48.6604,-0.0158
2026-08-07 11:20:00,85.6915,47.5040,2.7889,25.7742,0.8211,85.5134,86.1222,85.7757,0.1782,48.5210,48.1728,-1.0169
2026-08-07 11:30:00,84.4719,46.3116,2.5762,25.2462,0.8076,86.2394,85.7544,85.4886,-1.7675,47.1852,47.9478,-0.8736
2026-08-07 11:40:00,86.2029,47.4311,2.4904,25.1209,0.8400,85.3377,85.4601,85.6669,0.8652,46.8491,48.3380,0.5820
2026-08-07 11:50:00,84.7847,47.5382,2.3529,24.9221,0.8036,86.2412,86.0028,85.6762,-1.4565,46.8175,47.9630,0.7207
2026-08-07 12:00:00,84.6629,46.1022,2.6616,24.7732,0.8238,85.2240,85.3061,85.0643,-0.5611,47.1037,48.0983,-1.0015
2026-08-07 12:10:00,84.3985,47.4322,2.4961,25.1210,0.7966,84.8195,85.4369,84.8850,-0.4210,45.8955,48.1941,1.5367
2026-08-07 12:20:00,84.7067,46.6626,2.5369,24.7916,0.8064,84.8682,85.6291,85.0680,-0.1615,47.2487,47.6346,-0.5861
2026-08-07 12:30:00,84.7730,47.8052,2.3388,24.6435,0.8233,84.4869,84.6716,84.6438,0.2861,47.0743,48.1009,0.7309
2026-08-07 12:40:00,83.4297,46.5041,2.4361,24.8491,0.7792,83.7364,84.3759,83.8473,-0.3067,48.1206,48.0067,-1.6164
2026-08-07 12:50:00,84.0636,48.7750,2.4313,25.9171,0.7985,84.3546,84.3583,84.2588,-0.2910,48.4756,48.8756,0.2994
2026-08-07 13:00:00,83.7837,49.1645,2.4624,24.8600,0.7776,83.1886,84.8234,83.9319,0.5951,47.5855,49.2376,1.5790
2026-08-07 13:10:00,83.7684,47.8360,2.4337,25.2052,0.7800,84.1923,84.1738,84.0448,-0.4239,47.0446,48.1591,0.7915
2026-08-07 13:20:00,83.7195,48.2516,2.6895,25.0705,0.7841,83.6713,83.8854,83.7587,0.0482,47.6875,48.3994,0.5641
2026-08-07 13:30:00,83.8851,50.0839,2.4549,25.1288,0.7764,83.7663,83.1986,83.6167,0.1188,47.8172,49.0336,2.2667
2026-08-07 13:40:00,83.3953,48.2877,2.2759,24.5890,0.7793,83.1895,83.4249,83.3366,0.2058,49.0635,48.8707,-0.7759
2026-08-07 13:50:00,83.3217,51.3178,2.4619,24.9383,0.7747,83.0591,83.2899,83.2235,0.2626,49.1472,50.2132,2.1705
2026-08-07 14:00:00,82.8027,50.4465,2.6547,24.4261,0.7696,83.3160,83.3194,83.1460,-0.5133,49.8694,50.5191,0.5771
2026-08-07 14:10:00,83.3159,51.1589,2.4961,25.1095,0.7658,83.2869,83.2257,83.2762,0.0290,50.0855,49.9182,1.0735
2026-08-07 14:20:00,82.5631,51.7270,2.6394,24.4806,0.7526,82.8135,83.3946,82.9237,-0.2504,50.3246,50.8879,1.4024
2026-08-07 14:30:00,82.3925,51.4280,2.4666,24.7788,0.7610,82.9970,83.1370,82.8422,-0.6045,51.8455,51.1125,-0.4175
2026-08-07 14:40:00,84.0029,49.6362,2.4990,24.6665,0.7769,82.7404,83.5819,83.4417,1.2625,50.8227,49.8105,-1.1865
2026-08-07 14:50:00,83.3375,50.8804,2.6672,24.6127,0.7695,83.9926,82.9058,83.4120,-0.6551,51.8389,50.8736,-0.9585
2026-08-07 15:00:00,82.9993,51.4665,2.5453,25.3982,0.7462,82.5454,82.7541,82.7663,0.4539,51.1164,51.0538,0.3501
2026-08-07 15:10:00,82.7046,52.4448,2.6491,24.4616,0.7614,82.9386,82.9477,82.8637,-0.2340,51.3973,51.1665,1.0476
2026-08-07 15:20:00,83.0264,52.4508,2.5697,24.6718,0.7491,82.0045,83.0707,82.7005,1.0219,52.9852,51.4600,-0.5344
2026-08-07 15:30:00,82.4369,54.2825,2.6277,25.4001,0.7522,83.3831,82.8641,82.8947,-0.9462,51.4591,51.5019,2.8234
2026-08-07 15:40:00,83.1222,53.6378,2.4833,25.1827,0.7600,83.2203,83.4158,83.2528,-0.0981,53.8363,52.5770,-0.1985
2026-08-07 15:50:00,84.1571,52.7879,2.6324,25.1748,0.7607,83.8274,82.6091,83.5312,0.3296,52.6987,52.0908,0.0892
2026-08-07 16:00:00,82.8957,52.9431,2.5657,24.7533,0.7572,83.0107,83.6026,83.1696,-0.1150,54.2290,52.0607,-1.2858
2026-08-07 16:10:00,83.4006,52.5550,2.5031,25.5300,0.7721,82.9864,82.5033,82.9634,0.4141,53.7993,51.9803,-1.2442
2026-08-07 16:20:00,83.0799,53.1410,2.5579,24.8894,0.7523,84.0460,83.6097,83.5785,-0.9661,53.7641,52.1946,-0.6232
2026-08-07 16:30:00,83.1710,52.3454,2.3476,24.8996,0.7588,83.4291,83.3862,83.3287,-0.2581,52.9703,51.5963,-0.6249
2026-08-07 16:40:00,83.1203,51.4443,2.5195,25.0406,0.7536,84.2990,83.8853,83.7682,-1.1787,51.9544,51.2126,-0.5101
2026-08-07 16:50:00,83.7844,52.5909,2.5172,25.2015,0.7888,83.8640,83.8523,83.8336,-0.0796,53.7699,51.9589,-1.1790
2026-08-07 17:00:00,83.5335,52.6589,2.3777,24.7577,0.7851,82.9939,83.8659,83.4644,0.5396,51.2263,51.4182,1.4326
2026-08-07 17:10:00,85.0710,51.0161,2.2897,25.1070,0.7917,83.9080,84.0352,84.3380,1.1630,52.5717,51.3678,-1.5556
2026-08-07 17:20:00,84.3022,51.8486,2.4812,24.9013,0.7838,84.4434,83.6765,84.1407,-0.1412,51.9981,51.1445,-0.1496
2026-08-07 17:30:00,84.1144,51.9892,2.5371,25.1141,0.7713,84.1927,84.4551,84.2541,-0.0783,51.7978,52.0317,0.1914
2026-08-07 17:40:00,84.7627,50.2445,2.4565,24.7430,0.7892,84.5322,84.0841,84.4597,0.2304,52.2169,51.0848,-1.9724
2026-08-07 17:50:00,85.2577,50.1901,2.5914,25.3069,0.8193,84.3821,84.4882,84.7093,0.8756,50.1758,50.9137,0.0143
2026-08-07 18:00:00,84.8991,51.0206,2.5157,25.2638,0.7953,85.2873,84.7909,84.9924,-0.3882,51.7557,51.0173,-0.7351
2026-08-07 18:10:00,84.8131,50.0229,2.5009,24.7040,0.8009,84.6916,84.7078,84.7375,0.1215,50.0329,49.4104,-0.0100
2026-08-07 18:20:00,85.1316,49.9626,2.4808,24.4295,0.8013,85.4158,84.8511,85.1328,-0.2842,49.3960,49.6523,0.5666
2026-08-07 18:30:00,85.8279,48.1943,2.5546,24.9196,0.8304,85.1046,84.6189,85.1838,0.7233,49.7186,49.4521,-1.5243
2026-08-07 18:40:00,85.8900,49.1772,2.3998,24.7635,0.8290,85.7354,85.1195,85.5816,0.1546,47.4411,48.4995,1.7361
2026-08-07 18:50:00,85.3665,47.7247,2.5305,24.5903,0.8070,85.0523,85.3070,85.2419,0.3142,50.4077,49.7343,-2.6830
2026-08-07 19:00:00,86.2868,47.4609,2.3923,24.9740,0.8114,86.1693,85.5849,86.0137,0.1175,48.1517,48.0383,-0.6908
2026-08-07 19:10:00,86.1721,47.4287,2.4043,25.0673,0.8213,86.1473,86.1544,86.1579,0.0247,47.0108,48.1786,0.4179
2026-08-07 19:20:00,86.3297,48.3969,2.5841,24.8955,0.8205,86.2220,85.4382,85.9966,0.1077,46.8410,48.2723,1.5558
2026-08-07 19:30:00,85.2234,46.4366,2.4668,25.8268,0.8076,86.6157,86.0481,85.9624,-1.3923,47.7539,47.7388,-1.3173
2026-08-07 19:40:00,85.7593,48.2041,2.3670,25.4451,0.8131,86.0007,86.0274,85.9291,-0.2414,48.5101,48.6952,-0.3060
2026-08-07 19:50:00,86.4473,47.8059,2.5474,25.6232,0.8399,86.1840,87.0655,86.5656,0.2633,45.5645,48.0212,2.2414
2026-08-07 20:00:00,86.4047,47.4765,2.6964,24.4989,0.8379,87.0584,86.8622,86.7751,-0.6537,46.2415,47.8792,1.2350
2026-08-07 20:10:00,86.3311,47.3697,2.3696,24.8688,0.8342,86.3657,86.4402,86.3790,-0.0346,46.2748,47.9585,1.0949
2026-08-07 20:20:00,86.8106,46.5161,2.4369,25.0474,0.8270,86.7905,86.7486,86.7832,0.0201,47.1506,47.7298,-0.6345
2026-08-07 20:30:00,87.2344,47.9976,2.5647,25.0629,0.8253,87.7172,86.8419,87.2645,-0.4828,47.3517,48.2383,0.6460
2026-08-07 20:40:00,86.8622,48.3454,2.5783,24.9066,0.8482,86.4272,86.0390,86.4428,0.4350,45.6850,48.2486,2.6604
2026-08-07 20:50:00,86.6444,47.5076,2.6094,25.0986,0.8203,87.7817,86.7864,87.0708,-1.1374,47.3516,48.0726,0.1561
2026-08-07 21:00:00,86.4422,48.0630,2.3559,24.9751,0.8433,87.3680,87.0711,86.9604,-0.9258,46.7413,48.2499,1.3217
2026-08-07 21:10:00,86.5944,49.3275,2.4526,24.7642,0.8238,86.6091,87.1102,86.7712,-0.0148,49.3357,49.5565,-0.0082
2026-08-07 21:20:00,86.5082,48.3736,2.3729,25.8620,0.8455,87.6159,87.3757,87.1666,-1.1077,48.0413,48.7619,0.3323
2026-08-07 21:30:00,86.8217,50.7534,2.4808,24.8308,0.8240,87.2281,85.2512,86.4337,-0.4064,48.8147,49.0933,1.9388
2026-08-07 21:40:00,87.6154,47.8442,2.4197,24.4249,0.8637,86.9257,88.0829,87.5413,0.6897,50.4423,49.8036,-2.5980
2026-08-07 21:50:00,86.1118,49.7408,2.6366,25.1166,0.8138,87.0552,87.1557,86.7742,-0.9434,48.0418,49.0908,1.6990
2026-08-07 22:00:00,87.0586,50.6995,2.5243,24.8776,0.8269,86.4355,86.8274,86.7738,0.6232,50.2885,51.0578,0.4110
2026-08-07 22:10:00,86.0362,51.4050,2.5383,24.5196,0.8104,86.6411,86.8118,86.4963,-0.6049,50.8382,51.3402,0.5668
2026-08-07 22:20:00,87.1796,50.9467,2.5324,25.6237,0.8193,87.2593,86.1584,86.8658,-0.0797,49.1712,50.2287,1.7755
2026-08-07 22:30:00,85.5854,50.8338,2.6374,24.7258,0.8242,85.4033,87.1604,86.0497,0.1821,49.6692,50.1094,1.1646
2026-08-07 22:40:00,86.3934,51.2742,2.4743,24.5648,0.8312,85.7993,85.9167,86.0365,0.5941,51.0703,50.5724,0.2039
2026-08-07 22:50:00,86.5664,51.3994,2.4999,25.0343,0.8290,86.0217,85.5783,86.0555,0.5447,50.8523,51.0918,0.5471
2026-08-07 23:00:00,86.1740,51.8250,2.5061,24.9203,0.8200,86.3159,86.1461,86.2120,-0.1419,52.5604,51.8148,-0.7354
2026-08-07 23:10:00,85.3856,51.6592,2.7401,25.1878,0.8175,86.4462,86.3769,86.0695,-1.0606,50.4120,50.3240,1.2472
2026-08-07 23:20:00,86.0092,51.8741,2.4852,25.2731,0.8109,86.0446,86.6940,86.2493,-0.0354,53.5696,51.7977,-1.6955
2026-08-07 23:30:00,86.1546,52.0030,2.5227,25.1698,0.8103,85.5730,85.2855,85.6711,0.5816,52.5696,51.0417,-0.5666
2026-08-07 23:40:00,85.2807,52.9460,2.5745,24.6471,0.7988,85.8025,85.6730,85.5854,-0.5218,53.1296,52.1062,-0.1836
2026-08-07 23:50:00,83.8740,52.2366,2.7143,25.1968,0.7704,85.5306,85.8731,85.0926,-1.6566,54.1307,52.0056,-1.8940
2026-08-08 00:00:00,84.7020,52.6018,2.4429,24.8185,0.7896,84.9638,85.3163,84.9940,-0.2618,54.4722,52.0706,-1.8704
2026-08-08 00:10:00,84.9941,52.0659,2.5927,25.3357,0.7850,84.6521,85.5077,85.0513,0.3420,52.7804,52.0406,-0.7146
2026-08-08 00:20:00,84.0518,53.7594,2.7238,25.1176,0.7681,84.4371,84.9190,84.4693,-0.3853,53.5152,51.9768,0.2442
2026-08-08 00:30:00,84.3275,52.8769,2.6554,25.5585,0.7800,84.0985,84.8958,84.4406,0.2289,53.0385,52.3277,-0.1616
2026-08-08 00:40:00,84.0941,51.8069,2.4988,24.8980,0.7773,84.0482,84.0250,84.0558,0.0459,53.2599,51.7681,-1.4531
2026-08-08 00:50:00,83.7530,53.0360,2.3157,24.8776,0.7743,84.8699,84.2046,84.2758,-1.1169,53.4973,51.9823,-0.4613
2026-08-08 01:00:00,84.4107,53.4671,2.4000,25.0454,0.7862,83.5326,84.5322,84.1585,0.8781,51.9269,51.5451,1.5401
2026-08-08 01:10:00,83.6412,51.4294,2.5801,24.9997,0.7984,83.7320,84.3917,83.9216,-0.0908,52.0008,50.7605,-0.5714
2026-08-08 01:20:00,84.5096,51.5957,2.4219,25.1200,0.7982,83.4284,84.0252,83.9877,1.0812,52.6586,51.4676,-1.0629
2026-08-08 01:30:00,83.8629,50.9368,2.3427,24.9245,0.7745,83.6599,83.5780,83.7003,0.2030,51.6362,50.7537,-0.6994
2026-08-08 01:40:00,83.8723,51.2690,2.4076,25.3770,0.7720,83.0236,84.2421,83.7127,0.8487,50.6742,50.6771,0.5948
2026-08-08 01:50:00,82.7178,50.0988,2.4885,24.8822,0.7603,83.4884,84.0808,83.4290,-0.7706,50.0232,49.2824,0.0756
2026-08-08 02:00:00,83.8877,49.4733,2.4427,24.8364,0.7716,83.1642,83.3280,83.4600,0.7235,50.7398,49.9067,-1.2664
2026-08-08 02:10:00,81.9667,48.5385,2.6115,24.7480,0.7643,82.9112,83.7681,82.8820,-0.9445,50.0793,49.1039,-1.5407
2026-08-08 02:20:00,82.5351,48.0317,2.5912,24.6224,0.7652,83.1473,83.3789,83.0204,-0.6121,49.2396,48.6178,-1.2079
2026-08-08 02:30:00,82.4647,48.0104,2.2352,25.1295,0.7730,82.5847,83.8397,82.9630,-0.1200,49.1384,49.3038,-1.1280
2026-08-08 02:40:00,83.4183,48.3927,2.2971,25.0597,0.7864,82.7419,83.2010,83.1204,0.6765,48.8290,48.7879,-0.4363
2026-08-08 02:50:00,82.9577,47.7663,2.5375,24.8230,0.7689,82.2115,84.1714,83.1135,0.7462,48.1379,48.2956,-0.3716
2026-08-08 03:00:00,83.3018,48.0282,2.5548,25.1962,0.7914,82.4752,83.1037,82.9602,0.8265,46.9105,48.2209,1.1177
2026-08-08 03:10:00,83.3429,46.9038,2.7231,25.0054,0.7663,83.3526,84.1177,83.6044,-0.0097,46.0895,47.8788,0.8142
2026-08-08 03:20:00,82.5357,47.3587,2.3691,25.2560,0.7678,83.5878,82.4852,82.8696,-1.0521,47.4547,47.5770,-0.0960
2026-08-08 03:30:00,84.3670,48.7641,2.7179,25.4599,0.7883,83.0083,83.1533,83.5095,1.3587,47.7015,48.4932,1.0626
2026-08-08 03:40:00,82.5477,46.0326,2.4573,24.9040,0.7706,83.1938,82.3389,82.6935,-0.6460,46.5449,47.2977,-0.5123
2026-08-08 03:50:00,83.5969,47.1837,2.5338,24.7198,0.7878,82.7334,82.6981,83.0094,0.8635,47.3979,47.9998,-0.2142
2026-08-08 04:00:00,83.2152,46.7841,2.3826,24.8267,0.7773,82.9965,82.2192,82.8103,0.2186,46.4422,48.0157,0.3418
2026-08-08 04:10:00,83.5804,46.7061,2.3820,25.0301,0.7983,84.0265,82.9254,83.5107,-0.4461,46.1519,47.7639,0.5542
2026-08-08 04:20:00,83.6475,47.1106,2.4365,24.6073,0.7951,83.8100,83.0880,83.5151,-0.1625,48.3941,48.5724,-1.2835
2026-08-08 04:30:00,83.4983,46.2821,2.3300,24.8464,0.7923,84.6347,83.3955,83.8428,-1.1364,47.5760,47.7045,-1.2940
2026-08-08 04:40:00,83.8188,47.4643,2.4055,25.4015,0.7885,84.1385,83.4727,83.8100,-0.3197,46.9632,47.9081,0.5011
2026-08-08 04:50:00,83.6777,48.7917,2.4101,25.1999,0.7807,84.0092,83.6892,83.7920,-0.3315,46.3353,48.4254,2.4564
2026-08-08 05:00:00,85.0829,48.1247,2.5927,25.0892,0.8148,83.4938,83.6537,84.0768,1.5890,48.3240,48.7112,-0.1993
2026-08-08 05:10:00,84.6908,47.3709,2.5059,24.9223,0.8296,83.8051,84.0630,84.1863,0.8857,46.2856,47.5351,1.0853
2026-08-08 05:20:00,84.4688,48.2889,2.4755,24.9025,0.7953,83.2990,83.9566,83.9082,1.1698,47.9983,49.0823,0.2906
2026-08-08 05:30:00,84.8999,46.5890,2.4265,25.5406,0.8178,84.5614,83.9034,84.4549,0.3385,49.0921,48.1058,-2.5031
2026-08-08 05:40:00,84.3697,49.4994,2.5608,25.0649,0.7960,84.5645,84.1583,84.3642,-0.1947,49.9245,50.3634,-0.4251
2026-08-08 05:50:00,84.8003,48.6682,2.4765,25.0261,0.7789,85.3219,84.1632,84.7618,-0.5216,48.5621,48.9749,0.1061
2026-08-08 06:00:00,84.7636,50.0453,2.5790,25.3827,0.8042,84.3543,84.5982,84.5720,0.4093,49.6922,50.0047,0.3532
2026-08-08 06:10:00,85.4189,50.4538,2.4914,25.2732,0.8036,85.4785,85.2324,85.3766,-0.0595,51.1622,50.6040,-0.7084
2026-08-08 06:20:00,86.0691,50.5337,2.5346,25.2295,0.8043,84.9779,84.6661,85.2377,1.0912,50.3455,50.1332,0.1882
2026-08-08 06:30:00,85.5709,51.0857,2.4721,25.0452,0.7985,84.9162,84.5777,85.0216,0.6547,49.3461,49.9400,1.7396
2026-08-08 06:40:00,85.9534,51.3418,2.5012,24.8786,0.8296,85.6004,85.0630,85.5389,0.3530,50.3026,51.0621,1.0393
2026-08-08 06:50:00,85.1443,51.1905,2.4206,24.9896,0.8021,85.7183,85.3353,85.3993,-0.5740,50.3823,51.0812,0.8082
2026-08-08 07:00:00,86.1325,52.5754,2.4324,24.9109,0.8210,84.7426,86.0658,85.6470,1.3898,51.6287,51.5262,0.9467
2026-08-08 07:10:00,86.9796,51.9978,2.2298,24.6726,0.8238,86.8245,85.6512,86.4851,0.1551,53.3598,51.0885,-1.3619
2026-08-08 07:20:00,86.0338,53.4284,2.5944,24.4137,0.7968,86.0780,85.6679,85.9266,-0.0442,53.3155,52.2518,0.1129
2026-08-08 07:30:00,85.6920,53.1402,2.5514,24.6552,0.7920,85.9297,86.8304,86.1507,-0.2377,52.5275,51.2264,0.6127
2026-08-08 07:40:00,85.9304,53.4705,2.4592,24.6318,0.7998,86.9049,87.3736,86.7363,-0.9745,52.7253,52.2121,0.7452
2026-08-08 07:50:00,86.5882,53.1495,2.4075,25.4335,0.8098,85.9824,86.0296,86.2001,0.6058,53.4298,51.9834,-0.2803
2026-08-08 08:00:00,87.4904,53.5116,2.5862,24.8744,0.8206,86.6548,85.9385,86.6946,0.8356,53.3523,52.5631,0.1594
2026-08-08 08:10:00,86.4666,53.5261,2.5255,25.3349,0.8279,87.1229,86.6102,86.7332,-0.6563,53.9646,52.5111,-0.4385
2026-08-08 08:20:00,86.7466,52.4100,2.5098,25.3015,0.8087,86.1925,86.1219,86.3537,0.5541,53.7918,52.1867,-1.3819
2026-08-08 08:30:00,87.6691,52.3564,2.3777,25.4671,0.8256,87.2173,86.1455,87.0106,0.4518,53.0424,51.7507,-0.6860
2026-08-08 08:40:00,86.2576,54.1116,2.4112,24.7194,0.8000,85.8423,86.7158,86.2719,0.4153,52.2484,52.4177,1.8633
2026-08-08 08:50:00,87.1504,51.3658,2.4347,25.6467,0.8190,87.3814,86.5918,87.0412,-0.2310,51.7956,50.8913,-0.4298
2026-08-08 09:00:00,87.7352,50.9474,2.5657,25.3658,0.8327,87.4909,87.3903,87.5388,0.2443,51.7348,50.6091,-0.7874
2026-08-08 09:10:00,86.9154,51.9128,2.4630,25.1695,0.8153,86.5442,86.9944,86.8180,0.3712,52.3041,51.7992,-0.3913
2026-08-08 09:20:00,87.1968,52.0675,2.4655,24.8985,0.8204,87.0838,87.0728,87.1178,0.1130,51.9038,51.2630,0.1638
2026-08-08 09:30:00,86.9105,52.4735,2.5274,25.1750,0.8259,86.8825,87.2608,87.0180,0.0280,51.5166,50.9550,0.9569
2026-08-08 09:40:00,86.5891,52.3713,2.6167,24.9103,0.8235,87.0412,87.8410,87.1571,-0.4521,51.0444,51.2059,1.3269
2026-08-08 09:50:00,86.4141,50.2841,2.2259,25.0779,0.8304,87.7255,87.1723,87.1040,-1.3114,50.4841,50.0096,-0.2001
2026-08-08 10:00:00,86.4944,48.7212,2.4748,24.6323,0.8203,86.7104,87.0441,86.7496,-0.2160,49.0707,49.1610,-0.3495
2026-08-08 10:10:00,86.9813,50.7282,2.4926,25.6592,0.8345,86.7629,87.4343,87.0595,0.2184,49.5943,49.7932,1.1339
2026-08-08 10:20:00,86.9965,49.6481,2.6044,25.3063,0.8511,85.9126,86.5548,86.4880,1.0839,49.3781,50.0254,0.2700
2026-08-08 10:30:00,86.6006,49.7884,2.5283,24.9945,0.8315,86.6627,86.8332,86.6988,-0.0621,49.7451,49.9746,0.0434
2026-08-08 10:40:00,86.7769,48.5414,2.5170,24.6997,0.8409,87.2699,85.6310,86.5593,-0.4929,49.3647,49.2583,-0.8233
2026-08-08 10:50:00,86.0550,48.6758,2.4970,25.1178,0.8162,87.0380,86.2977,86.4636,-0.9830,47.8910,48.9597,0.7848
2026-08-08 11:00:00,85.5825,48.0665,2.6647,24.9866,0.8010,85.9396,86.6918,86.0713,-0.3571,48.2592,48.9856,-0.1927
2026-08-08 11:10:00,85.5289,47.2904,2.5634,25.4833,0.8122,86.0187,86.6971,86.0816,-0.4898,47.9835,48.6160,-0.6931
2026-08-08 11:20:00,85.3140,47.4048,2.4379,24.4943,0.8037,86.0693,86.2759,85.8864,-0.7554,48.2348,48.6992,-0.8300
2026-08-08 11:30:00,85.4066,45.7619,2.3856,25.3314,0.8104,85.6468,85.8766,85.6433,-0.2402,46.2938,47.4515,-0.5319
2026-08-08 11:40:00,86.1112,47.0872,2.4731,24.6525,0.8227,85.7883,85.6809,85.8601,0.3229,46.8766,48.2897,0.2106
2026-08-08 11:50:00,85.0435,46.6834,2.5141,25.3921,0.8091,84.9045,85.7905,85.2462,0.1390,46.8368,48.0065,-0.1534
2026-08-08 12:00:00,83.9756,47.0295,2.4751,24.7121,0.7814,85.0343,84.8126,84.6075,-1.0586,44.6530,46.8749,2.3765
2026-08-08 12:10:00,84.2164,47.0491,2.3811,24.9998,0.7876,85.3913,85.3616,84.9898,-1.1749,46.7599,47.9795,0.2892
2026-08-08 12:20:00,84.9401,47.1511,2.5141,24.3678,0.8025,84.4364,85.5254,84.9673,0.5037,46.7133,47.7524,0.4378
2026-08-08 12:30:00,84.7728,46.0132,2.4914,24.4071,0.8014,84.4212,85.5542,84.9161,0.3516,46.9831,47.3983,-0.9699
2026-08-08 12:40:00,84.2492,48.5544,2.2945,25.2318,0.7969,84.4240,84.4974,84.3902,-0.1748,48.3780,49.1930,0.1764
2026-08-08 12:50:00,83.6359,47.6378,2.6245,25.1614,0.7892,83.6644,85.6390,84.3131,-0.0285,47.9791,49.0740,-0.3413
2026-08-08 13:00:00,84.1506,47.8641,2.4356,25.2926,0.8086,84.6754,85.4438,84.7566,-0.5248,47.7248,48.3434,0.1393
2026-08-08 13:10:00,83.9815,48.8170,2.4737,24.9870,0.7904,84.2468,84.2222,84.1501,-0.2653,48.0474,49.1456,0.7696
2026-08-08 13:20:00,84.0987,48.1040,2.3164,24.6885,0.7968,83.4874,84.1328,83.9063,0.6113,48.1279,48.7641,-0.0239
2026-08-08 13:30:00,83.8315,49.8039,2.4983,24.6874,0.7862,84.0709,82.7260,83.5428,-0.2394,47.9221,49.2508,1.8818
2026-08-08 13:40:00,83.2278,49.3311,2.4376,25.2811,0.7759,82.6859,84.0801,83.3313,0.5419,49.4879,49.5951,-0.1568
2026-08-08 13:50:00,82.4420,50.3300,2.3978,24.8916,0.7549,82.7481,83.5889,82.9263,-0.3061,49.3857,49.9393,0.9442
2026-08-08 14:00:00,83.1633,49.4040,2.6469,25.0556,0.7649,83.5819,83.6501,83.4651,-0.4186,50.1007,49.8252,-0.6967
2026-08-08 14:10:00,82.8761,49.2960,2.4470,24.5031,0.7733,82.4649,83.1840,82.8416,0.4112,50.5832,49.8871,-1.2871
2026-08-08 14:20:00,83.0911,51.1312,2.5513,25.3114,0.7736,83.3663,82.2872,82.9149,-0.2752,50.5849,51.0696,0.5463
2026-08-08 14:30:00,83.3919,51.9238,2.4326,24.9793,0.7758,83.3421,83.5824,83.4388,0.0497,49.8690,50.3597,2.0548
2026-08-08 14:40:00,82.3835,51.7069,2.4813,24.9416,0.7488,82.6464,83.1215,82.7171,-0.2629,52.0339,51.7172,-0.3270
2026-08-08 14:50:00,83.7931,51.4515,2.3817,25.2651,0.7903,83.2392,83.0567,83.3630,0.5539,50.9985,50.9983,0.4530
2026-08-08 15:00:00,83.2879,52.3477,2.3894,24.7019,0.7663,83.5286,83.4852,83.4339,-0.2407,51.5070,50.7368,0.8407
2026-08-08 15:10:00,83.6752,53.3728,2.5124,24.8710,0.7669,83.4656,83.2761,83.4723,0.2097,51.7789,52.3777,1.5939
2026-08-08 15:20:00,82.2654,52.1168,2.4421,25.0318,0.7640,83.4219,83.0633,82.9169,-1.1566,51.3184,51.4316,0.7984
2026-08-08 15:30:00,82.5005,52.4502,2.4924,24.7578,0.7469,83.4738,83.7347,83.2363,-0.9733,52.5389,51.1293,-0.0887
2026-08-08 15:40:00,83.2609,52.3409,2.5361,25.0886,0.7481,82.8730,83.3386,83.1575,0.3879,52.6971,51.3504,-0.3562
2026-08-08 15:50:00,83.5155,51.6420,2.5234,24.8383,0.7771,83.0066,83.3112,83.2778,0.5090,53.9867,52.0845,-2.3447
2026-08-08 16:00:00,83.6060,53.4663,2.3283,25.0242,0.7714,83.4638,83.0784,83.3827,0.1422,53.5468,52.0501,-0.0805
2026-08-08 16:10:00,84.3581,53.4209,2.4080,25.4066,0.7689,83.2727,83.2451,83.6253,1.0854,52.6721,51.9944,0.7489
2026-08-08 16:20:00,83.4995,52.0391,2.5273,25.0009,0.7908,84.1036,82.9014,83.5015,-0.6041,52.8615,51.4255,-0.8224
2026-08-08 16:30:00,83.4583,53.4592,2.4897,24.8503,0.7726,82.4996,83.1685,83.0421,0.9587,53.9938,52.9096,-0.5345
2026-08-08 16:40:00,84.3671,51.6131,2.3761,24.8519,0.7858,83.2193,82.6276,83.4047,1.1478,53.5139,51.9373,-1.9008
2026-08-08 16:50:00,83.5575,52.9496,2.5943,24.2860,0.7759,83.6840,82.3292,83.1902,-0.1265,53.4126,52.1446,-0.4630
2026-08-08 17:00:00,83.2019,52.4393,2.5181,25.1623,0.7464,83.7026,83.2240,83.3762,-0.5007,52.2497,51.0535,0.1896
2026-08-08 17:10:00,83.5962,53.0579,2.6162,25.2915,0.7845,83.0652,83.8245,83.4953,0.5310,52.3165,51.6752,0.7414
2026-08-08 17:20:00,83.3855,52.2069,2.5618,24.8138,0.7776,84.2169,84.3169,83.9731,-0.8314,51.0948,51.1722,1.1121
2026-08-08 17:30:00,84.6070,50.9628,2.2326,25.0515,0.7936,83.8431,84.4409,84.2970,0.7638,51.6957,51.0090,-0.7329
2026-08-08 17:40:00,84.4640,49.4095,2.3313,25.2062,0.7828,84.0834,84.7358,84.4277,0.3806,49.4389,49.1342,-0.0295
2026-08-08 17:50:00,85.2203,50.4590,2.3007,24.8681,0.8037,84.1017,83.7594,84.3605,1.1185,49.4256,50.2154,1.0334
2026-08-08 18:00:00,85.5216,50.6038,2.6232,25.3841,0.7909,85.3263,84.7088,85.1856,0.1953,51.9112,51.8541,-1.3075
2026-08-08 18:10:00,85.0765,49.3644,2.4616,25.0216,0.8054,86.3190,84.8973,85.4309,-1.2425,49.6563,49.6775,-0.2919
2026-08-08 18:20:00,84.9348,47.8811,2.4852,25.7000,0.8143,84.9345,85.1755,85.0149,0.0004,51.6198,49.8933,-3.7387
2026-08-08 18:30:00,85.0726,48.9068,2.5642,25.1250,0.8189,85.3972,84.0028,84.8242,-0.3246,49.6010,49.6237,-0.6942
2026-08-08 18:40:00,85.8534,47.8212,2.6993,24.6738,0.8095,85.4032,86.0105,85.7557,0.4502,49.9477,49.4484,-2.1266
2026-08-08 18:50:00,86.2919,47.1317,2.3300,24.8884,0.8368,86.1399,85.0831,85.8383,0.1520,47.7183,48.6339,-0.5865
2026-08-08 19:00:00,86.0951,46.2213,2.3876,25.1455,0.8159,85.3531,85.2101,85.5527,0.7420,48.8737,48.3621,-2.6523
2026-08-08 19:10:00,86.9853,47.2768,2.4789,25.1004,0.8317,85.2008,85.6690,85.9517,1.7846,47.2798,48.1475,-0.0030
2026-08-08 19:20:00,85.9865,47.7625,2.4648,24.5152,0.8153,85.5460,86.9608,86.1644,0.4405,47.6568,48.6732,0.1057
2026-08-08 19:30:00,86.3663,48.6955,2.3739,24.7625,0.8355,86.0267,85.7730,86.0554,0.3395,46.9528,49.1290,1.7427
2026-08-08 19:40:00,87.5544,47.4300,2.5197,25.2350,0.8500,86.5021,86.0603,86.7056,1.0523,46.7358,48.2041,0.6942
2026-08-08 19:50:00,86.7079,48.2005,2.4741,24.7224,0.8164,86.1480,85.6952,86.1837,0.5599,48.0203,48.6127,0.1802
2026-08-08 20:00:00,86.3481,47.3838,2.6949,24.8720,0.8167,86.4405,85.6027,86.1304,-0.0924,47.4374,48.4468,-0.0536
2026-08-08 20:10:00,86.5929,46.1293,2.7400,24.6312,0.8280,86.7491,87.0687,86.8036,-0.1562,46.8795,47.6802,-0.7501
2026-08-08 20:20:00,87.1854,49.6668,2.4421,24.8470,0.8327,87.1521,87.9946,87.4440,0.0333,46.9371,49.0344,2.7297
2026-08-08 20:30:00,85.8523,47.2801,2.4986,25.3057,0.8158,86.2682,86.9275,86.3493,-0.4159,45.8550,47.4706,1.4251
2026-08-08 20:40:00,86.9971,45.4845,2.4744,25.4741,0.8274,86.5901,87.1736,86.9203,0.4070,47.8807,47.8058,-2.3962
2026-08-08 20:50:00,86.8992,48.9427,2.5213,24.6827,0.8329,86.9022,86.7125,86.8380,-0.0029,46.0570,48.3311,2.8857
2026-08-08 21:00:00,87.2913,48.4791,2.5011,25.0107,0.8333,87.4764,86.3751,87.0476,-0.1851,47.2031,48.3190,1.2759
2026-08-08 21:10:00,86.9365,49.2239,2.3812,25.0838,0.8344,86.5180,86.8961,86.7835,0.4186,47.1613,48.8253,2.0627
2026-08-08 21:20:00,86.9105,49.7038,2.4235,24.9484,0.8258,87.6707,86.7538,87.1117,-0.7603,47.4608,48.8221,2.2431
2026-08-08 21:30:00,86.5356,48.3870,2.4144,25.0046,0.8149,87.2579,87.0130,86.9355,-0.7223,49.7974,49.5349,-1.4105
2026-08-08 21:40:00,87.0623,50.8312,2.5434,24.9356,0.8197,87.6583,86.4654,87.0620,-0.5960,47.9403,49.2500,2.8909
2026-08-08 21:50:00,86.4364,49.6432,2.4738,25.1576,0.8117,86.4435,87.0086,86.6295,-0.0071,48.4522,48.9565,1.1910
2026-08-08 22:00:00,85.9671,49.9612,2.4931,24.9652,0.8268,86.9637,86.8796,86.6035,-0.9966,50.6868,50.5085,-0.7257
2026-08-08 22:10:00,86.2733,51.0592,2.6773,25.5330,0.8257,86.9260,86.9577,86.7190,-0.6527,51.1658,50.3404,-0.1065
2026-08-08 22:20:00,87.1659,50.8808,2.4077,24.6454,0.8128,86.9205,87.6933,87.2599,0.2454,49.9922,50.0348,0.8886
2026-08-08 22:30:00,87.0184,51.2389,2.6254,24.7072,0.8331,87.4397,86.1133,86.8572,-0.4212,50.5198,50.4778,0.7190
2026-08-08 22:40:00,86.6603,52.5085,2.4318,25.7494,0.8179,86.1304,87.2459,86.6789,0.5300,51.2601,51.1433,1.2484
2026-08-08 22:50:00,85.8760,53.5081,2.4006,25.3377,0.7945,85.9742,86.3732,86.0745,-0.0982,51.8723,51.3000,1.6357
2026-08-08 23:00:00,85.7278,52.9446,2.6025,24.9129,0.7903,86.2549,86.7023,86.2283,-0.5271,51.9715,52.0603,0.9731
2026-08-08 23:10:00,85.7104,51.3257,2.4405,25.0005,0.7996,85.7402,86.6280,86.0262,-0.0298,51.4714,50.5324,-0.1458
2026-08-08 23:20:00,86.0890,53.1144,2.3963,25.2122,0.7957,85.4835,85.4478,85.6734,0.6056,52.0133,51.8785,1.1011
2026-08-08 23:30:00,85.6526,52.1207,2.5189,25.1146,0.8130,85.8637,86.2141,85.9101,-0.2111,52.6499,51.3457,-0.5293
2026-08-08 23:40:00,85.4282,53.8703,2.6268,24.2256,0.8011,85.2705,85.8843,85.5277,0.1577,51.6789,51.7207,2.1913
2026-08-08 23:50:00,84.3722,52.6282,2.5608,25.1335,0.8042,85.0898,85.0785,84.8468,-0.7175,54.0065,51.6967,-1.3783
2026-08-09 00:00:00,85.0966,53.4023,2.2690,24.6729,0.7776,85.5909,85.0261,85.2379,-0.4943,52.7660,51.5720,0.6363
2026-08-09 00:10:00,84.4207,52.3422,2.4782,24.9082,0.7990,85.3458,84.2861,84.6842,-0.9251,53.8140,52.3161,-1.4718
2026-08-09 00:20:00,84.6868,53.6864,2.6203,24.8543,0.7720,85.1081,84.5922,84.7957,-0.4213,53.1858,51.9793,0.5006
2026-08-09 00:30:00,84.9694,52.1641,2.4789,24.9174,0.7789,85.1925,85.4682,85.2100,-0.2231,52.7830,51.4212,-0.6189
2026-08-09 00:40:00,84.1990,52.1933,2.4977,24.9065,0.7723,85.0481,84.5457,84.5976,-0.8491,54.3170,52.2013,-2.1237
2026-08-09 00:50:00,83.9524,52.1544,2.4633,24.9682,0.7801,83.7550,83.9717,83.8930,0.1974,53.2222,51.9460,-1.0679
2026-08-09 01:00:00,83.2125,52.5394,2.5840,25.0757,0.7490,83.4862,84.2925,83.6637,-0.2737,53.8859,51.9803,-1.3466
2026-08-09 01:10:00,84.1556,51.3111,2.6700,25.0124,0.7713,83.5922,83.7066,83.8181,0.5634,52.2144,50.9663,-0.9033
2026-08-09 01:20:00,83.4668,53.0570,2.4414,25.0529,0.7651,83.8283,84.3334,83.8762,-0.3614,50.0677,51.0867,2.9893
2026-08-09 01:30:00,83.3977,51.2885,2.4797,24.9417,0.7751,83.4393,84.8364,83.8911,-0.0416,50.7303,51.1047,0.5581
2026-08-09 01:40:00,82.8473,50.5656,2.5311,24.7202,0.7560,83.4454,84.1623,83.4850,-0.5981,51.2136,51.1615,-0.6480
2026-08-09 01:50:00,83.6440,50.0257,2.2306,24.5347,0.7769,82.6854,83.4895,83.2730,0.9586,50.9551,50.2392,-0.9294
2026-08-09 02:00:00,83.1323,51.5661,2.5066,24.9587,0.7573,83.3601,83.2287,83.2403,-0.2278,51.8330,51.3038,-0.2668
2026-08-09 02:10:00,83.8976,49.7752,2.6246,24.6998,0.7866,82.8333,83.1419,83.2909,1.0642,50.0333,49.6490,-0.2581
2026-08-09 02:20:00,82.3895,50.0105,2.3319,25.5070,0.7527,83.4706,83.5805,83.1469,-1.0811,48.7239,49.7162,1.2866
2026-08-09 02:30:00,83.1540,49.3570,2.6210,25.2441,0.7656,83.0526,82.7754,82.9940,0.1014,48.7629,49.5197,0.5941
2026-08-09 02:40:00,83.3329,48.9656,2.5288,25.1322,0.7735,83.7437,83.4546,83.5104,-0.4108,48.8351,49.6048,0.1305
2026-08-09 02:50:00,82.7500,48.2694,2.5895,24.6346,0.7937,82.7360,82.8419,82.7760,0.0141,48.5161,49.1505,-0.2467
2026-08-09 03:00:00,83.4178,49.0780,2.4936,25.0990,0.7637,82.4722,82.9847,82.9583,0.9456,48.4600,49.1655,0.6180
2026-08-09 03:10:00,83.2697,47.5745,2.4766,25.7201,0.7787,83.5062,82.3548,83.0436,-0.2365,47.9773,48.3149,-0.4028
2026-08-09 03:20:00,84.0204,46.9558,2.4969,24.7530,0.7856,82.9695,83.1813,83.3904,1.0509,48.4660,48.3002,-1.5102
2026-08-09 03:30:00,82.7703,48.2565,2.6594,24.9748,0.7764,83.8652,84.3320,83.6558,-1.0949,47.7370,48.8905,0.5194
2026-08-09 03:40:00,83.1871,45.9181,2.5347,25.4114,0.7775,82.1409,83.3258,82.8846,1.0461,45.8233,46.7755,0.0948
2026-08-09 03:50:00,82.3701,45.4234,2.6057,25.0415,0.7948,83.4880,84.0989,83.3190,-1.1179,46.5870,47.4455,-1.1637
2026-08-09 04:00:00,82.6309,46.7781,2.6435,24.9878,0.7718,83.1763,83.1924,82.9999,-0.5454,47.1415,48.3731,-0.3634
2026-08-09 04:10:00,83.0012,46.8603,2.5098,24.7290,0.7750,83.6512,82.7753,83.1426,-0.6500,49.2190,49.1841,-2.3587
2026-08-09 04:20:00,83.5564,47.5627,2.5771,25.1680,0.7866,84.7376,82.9088,83.7343,-1.1813,46.7161,48.1147,0.8467
2026-08-09 04:30:00,83.9083,48.8378,2.4998,25.1736,0.7910,83.4266,83.9826,83.7725,0.4817,47.4450,49.0575,1.3928
2026-08-09 04:40:00,83.5679,46.9694,2.4657,25.0897,0.7988,84.6341,83.5554,83.9191,-1.0663,48.7190,48.7507,-1.7496
2026-08-09 04:50:00,83.5186,47.7151,2.5769,25.2540,0.7798,83.5364,83.4182,83.4911,-0.0177,47.2438,48.4112,0.4712
2026-08-09 05:00:00,84.9440,47.5418,2.3360,24.4888,0.8147,83.5803,83.8492,84.1245,1.3638,47.0539,48.1541,0.4879
2026-08-09 05:10:00,83.9922,47.6243,2.6236,25.3930,0.7984,85.0219,83.1951,84.0697,-1.0297,47.7099,48.3400,-0.0856
2026-08-09 05:20:00,84.6707,47.4915,2.5667,24.5671,0.8101,84.7322,83.4340,84.2790,-0.0616,47.8800,48.8142,-0.3885
2026-08-09 05:30:00,85.1783,47.7098,2.5377,25.1961,0.8095,85.0340,83.8813,84.6979,0.1443,48.1681,48.4282,-0.4583
2026-08-09 05:40:00,84.7755,49.0087,2.5872,24.8957,0.7979,84.6088,83.9272,84.4372,0.1667,49.7076,49.7938,-0.6989
2026-08-09 05:50:00,85.1789,48.8348,2.6599,24.4606,0.8141,84.7498,84.8434,84.9240,0.4291,49.0952,49.3519,-0.2604
2026-08-09 06:00:00,85.3775,50.0436,2.5271,25.0911,0.8280,84.0550,85.3290,84.9205,1.3226,50.0155,50.1352,0.0281
2026-08-09 06:10:00,84.5665,51.3587,2.3923,25.4586,0.7845,85.7644,84.4990,84.9433,-1.1979,49.2978,50.2061,2.0609
2026-08-09 06:20:00,85.0031,50.6304,2.6740,24.8500,0.8004,85.9968,85.1458,85.3819,-0.9937,51.3348,50.8379,-0.7044
2026-08-09 06:30:00,86.0437,51.1367,2.5635,25.5583,0.8095,85.5828,84.8613,85.4960,0.4609,51.6479,50.4428,-0.5112
2026-08-09 06:40:00,85.5620,52.3467,2.4899,24.4782,0.7942,85.2012,86.1596,85.6409,0.3608,51.8210,51.6722,0.5256
2026-08-09 06:50:00,85.2547,51.8693,2.6606,25.2836,0.7936,86.1015,84.9001,85.4188,-0.8469,50.8535,50.3574,1.0158
2026-08-09 07:00:00,85.9684,52.6673,2.4085,24.9871,0.7986,85.5740,85.1853,85.5759,0.3944,52.8583,51.6491,-0.1910
2026-08-09 07:10:00,86.0469,51.9988,2.5364,25.7618,0.8381,85.9150,86.0787,86.0135,0.1319,52.9307,52.0350,-0.9319
2026-08-09 07:20:00,86.6289,53.5237,2.5464,24.8265,0.8254,86.2423,86.1932,86.3548,0.3866,51.3378,51.4055,2.1859
2026-08-09 07:30:00,86.2482,53.2356,2.6848,25.2495,0.8077,85.8178,86.7971,86.2877,0.4305,52.8950,51.0991,0.3406
2026-08-09 07:40:00,87.0794,53.2385,2.2903,25.2022,0.8228,85.7821,87.3308,86.7308,1.2972,53.1638,52.0041,0.0747
2026-08-09 07:50:00,86.2720,52.8615,2.4892,25.1879,0.8086,86.3502,86.5181,86.3801,-0.0781,52.5881,51.7965,0.2734
2026-08-09 08:00:00,87.4475,52.6522,2.4874,24.7709,0.8398,85.7935,86.1168,86.4526,1.6539,53.5454,52.0208,-0.8931
2026-08-09 08:10:00,87.2540,52.8198,2.4328,24.9633,0.8124,86.3192,87.0946,86.8893,0.9348,52.7930,51.8619,0.0268
2026-08-09 08:20:00,86.9417,51.6430,2.3441,25.1145,0.8201,86.7025,87.0397,86.8946,0.2392,52.2266,51.1199,-0.5836
2026-08-09 08:30:00,86.7555,53.0409,2.4641,24.8101,0.8341,86.8994,87.1400,86.9316,-0.1438,51.4503,51.1106,1.5906
2026-08-09 08:40:00,87.2625,52.4053,2.4614,24.7149,0.8365,87.2591,86.8468,87.1228,0.0034,52.9683,51.6997,-0.5630
2026-08-09 08:50:00,86.6505,51.9650,2.5764,24.8816,0.8194,86.7548,87.4017,86.9357,-0.1044,52.0780,51.8058,-0.1129
2026-08-09 09:00:00,86.7133,51.6635,2.7003,24.6800,0.8203,87.4982,86.1979,86.8031,-0.7849,52.5866,50.9550,-0.9231
2026-08-09 09:10:00,87.0107,53.4550,2.2649,24.9773,0.8152,86.4964,86.2274,86.5782,0.5144,53.0005,52.2112,0.4545
2026-08-09 09:20:00,86.0402,50.7468,2.4451,24.5286,0.8142,87.1199,87.1204,86.7602,-1.0797,53.4429,51.1143,-2.6961
2026-08-09 09:30:00,86.6954,50.7264,2.5855,25.2235,0.8119,87.6922,86.5384,86.9753,-0.9968,52.1831,51.2079,-1.4567
2026-08-09 09:40:00,87.0784,50.5130,2.4689,25.1444,0.8349,87.2866,87.3246,87.2299,-0.2082,51.4220,51.0690,-0.9090
2026-08-09 09:50:00,86.5125,50.4255,2.4442,25.7331,0.8291,87.3861,87.1550,87.0179,-0.8736,50.7313,51.1868,-0.3057
2026-08-09 10:00:00,87.3398,49.7434,2.4728,25.0666,0.8305,86.6388,86.1195,86.6994,0.7010,48.4753,49.9993,1.2681
2026-08-09 10:10:00,86.3852,49.3652,2.5069,25.2088,0.8304,87.2466,87.1001,86.9106,-0.8615,49.7856,50.0963,-0.4204
2026-08-09 10:20:00,86.4428,50.0488,2.3460,25.3904,0.8126,85.9133,86.0825,86.1462,0.5295,49.7707,50.6256,0.2781
2026-08-09 10:30:00,86.3162,48.7621,2.5768,24.8273,0.8220,86.3578,87.6219,86.7653,-0.0416,49.2840,49.5733,-0.5219
2026-08-09 10:40:00,85.9295,47.5888,2.5664,25.0759,0.8315,85.9708,86.4859,86.1287,-0.0414,47.8213,48.3217,-0.2325
2026-08-09 10:50:00,85.4245,47.9462,2.6308,24.7426,0.8038,86.2021,86.3222,85.9829,-0.7776,49.1161,48.6311,-1.1698
2026-08-09 11:00:00,84.7481,47.9295,2.6691,24.9418,0.8064,86.1074,86.6583,85.8379,-1.3593,47.9382,48.6005,-0.0087
2026-08-09 11:10:00,86.6643,48.5352,2.4308,24.8003,0.8234,85.4381,85.8710,85.9911,1.2262,47.7815,48.5402,0.7537
2026-08-09 11:20:00,85.9398,46.0631,2.3820,25.1977,0.8449,85.9717,85.5829,85.8314,-0.0319,46.7294,47.4849,-0.6664
2026-08-09 11:30:00,86.1509,47.6397,2.3763,25.1087,0.8387,86.2745,86.5105,86.3120,-0.1235,48.0421,48.1760,-0.4024
2026-08-09 11:40:00,84.9436,48.4939,2.4660,24.4310,0.8097,86.0487,85.6438,85.5454,-1.1051,47.6682,48.4722,0.8257
2026-08-09 11:50:00,84.9422,45.5786,2.3926,25.4310,0.7792,85.1536,85.2508,85.1155,-0.2115,47.5778,47.0788,-1.9993
2026-08-09 12:00:00,84.6183,46.5293,2.5405,24.9971,0.7881,85.0049,84.9586,84.8606,-0.3867,47.3965,47.9014,-0.8672
2026-08-09 12:10:00,85.7000,46.4945,2.4432,24.8404,0.8191,85.4209,84.9532,85.3580,0.2791,46.6836,47.8332,-0.1891
2026-08-09 12:20:00,84.1795,47.6068,2.4622,24.7292,0.7765,84.2747,84.8967,84.4503,-0.0951,46.9518,48.1009,0.6550
2026-08-09 12:30:00,83.7424,47.0589,2.3447,24.6190,0.8008,84.5851,85.0367,84.4547,-0.8427,48.2224,48.4003,-1.1635
2026-08-09 12:40:00,84.7803,47.6860,2.4248,24.9469,0.7958,84.7717,85.1349,84.8956,0.0086,46.1083,47.6578,1.5778
2026-08-09 12:50:00,83.9594,46.9412,2.4732,25.0989,0.8061,84.0465,84.1896,84.0651,-0.0871,47.6728,48.1790,-0.7316
2026-08-09 13:00:00,83.2036,47.1613,2.4615,25.2225,0.7923,83.6057,83.9121,83.5738,-0.4021,48.2798,48.3303,-1.1185
2026-08-09 13:10:00,84.0121,47.9897,2.4992,24.8638,0.8020,83.2042,83.9363,83.7175,0.8080,48.6654,48.8089,-0.6757
2026-08-09 13:20:00,83.6359,49.2293,2.5415,25.2388,0.7933,83.1057,83.7455,83.4957,0.5302,47.4727,48.9816,1.7566
2026-08-09 13:30:00,84.0779,46.8064,2.3360,24.3607,0.7865,83.6979,84.6226,84.1328,0.3800,47.3877,48.7573,-0.5812
2026-08-09 13:40:00,83.6866,49.6026,2.5626,24.5489,0.7747,83.0285,83.9900,83.5684,0.6581,48.0502,49.1239,1.5524
2026-08-09 13:50:00,82.9790,50.6716,2.4291,24.6396,0.7715,83.3861,84.2372,83.5341,-0.4071,49.3886,50.0720,1.2829
2026-08-09 14:00:00,83.6570,50.2879,2.5692,25.1824,0.7747,82.7113,83.3295,83.2326,0.9457,47.9234,49.1527,2.3645
2026-08-09 14:10:00,82.9401,51.3502,2.4749,25.4964,0.7688,82.4035,83.8859,83.0765,0.5366,50.7556,50.1692,0.5946
2026-08-09 14:20:00,83.4345,51.8536,2.2759,24.6475,0.7795,83.0507,83.9617,83.4823,0.3837,51.0773,51.2005,0.7763
2026-08-09 14:30:00,83.6102,50.4262,2.4607,25.5589,0.7735,83.6263,83.0470,83.4278,-0.0161,50.0972,49.8535,0.3290
2026-08-09 14:40:00,83.2655,52.4771,2.5407,25.0516,0.7542,83.0276,83.1698,83.1543,0.2379,50.3786,51.0576,2.0986
2026-08-09 14:50:00,82.6223,51.4470,2.5692,25.4553,0.7743,82.9194,83.3026,82.9481,-0.2971,51.9444,51.2953,-0.4974
2026-08-09 15:00:00,83.0246,53.0962,2.4310,24.6347,0.7639,82.8138,83.9509,83.2631,0.2108,51.3934,51.7840,1.7028
2026-08-09 15:10:00,83.2066,51.2005,2.5518,24.7820,0.7928,82.5680,82.5091,82.7612,0.6386,50.3160,50.2535,0.8845
2026-08-09 15:20:00,83.3565,51.7136,2.5441,25.0552,0.7597,82.9111,82.4922,82.9199,0.4453,53.0080,51.0051,-1.2945
2026-08-09 15:30:00,83.3997,52.1349,2.5043,25.1176,0.7703,84.0243,82.7617,83.3952,-0.6245,51.4440,51.8226,0.6909
2026-08-09 15:40:00,83.2693,52.9620,2.7170,24.5864,0.7636,82.4915,82.9423,82.9010,0.7779,51.5736,51.5194,1.3884
2026-08-09 15:50:00,83.1640,52.8963,2.2669,25.2119,0.7609,84.4048,82.8036,83.4575,-1.2408,52.3427,51.7776,0.5536
2026-08-09 16:00:00,82.6228,53.9358,2.4011,24.7357,0.7604,83.2933,83.2170,83.0444,-0.6705,51.8865,52.2322,2.0493
2026-08-09 16:10:00,82.8461,51.5943,2.5370,24.9355,0.7605,83.6025,83.0275,83.1587,-0.7565,51.6006,50.9631,-0.0063
2026-08-09 16:20:00,83.6118,53.0404,2.4821,25.7233,0.7867,82.7613,82.5832,82.9855,0.8505,54.0352,52.6781,-0.9948
2026-08-09 16:30:00,84.3256,52.4163,2.4840,24.4665,0.7841,83.1485,82.9714,83.4818,1.1770,53.6368,51.9709,-1.2205
2026-08-09 16:40:00,84.1268,52.5117,2.5548,24.6062,0.7695,83.8125,84.3142,84.0845,0.3144,53.1447,51.8901,-0.6330
2026-08-09 16:50:00,84.6040,52.2056,2.4203,25.0021,0.7912,83.0813,83.6503,83.7785,1.5227,51.2186,51.0513,0.9869
2026-08-09 17:00:00,83.9217,52.0955,2.3042,25.0302,0.7863,84.5569,84.4409,84.3065,-0.6352,52.4004,52.2422,-0.3048
2026-08-09 17:10:00,83.7747,51.2436,2.5018,25.2482,0.7843,82.8158,83.3707,83.3204,0.9589,52.7351,51.0596,-1.4915
2026-08-09 17:20:00,84.2516,51.7873,2.5484,25.2582,0.7961,84.4710,83.3863,84.0363,-0.2195,52.2954,51.6854,-0.5082
2026-08-09 17:30:00,84.7091,52.1798,2.5238,24.9619,0.7806,85.3331,83.6321,84.5581,-0.6240,51.4962,51.1184,0.6837
2026-08-09 17:40:00,83.9856,51.4870,2.5499,25.0732,0.7740,84.7641,84.1854,84.3117,-0.7784,51.5329,51.4375,-0.0459
2026-08-09 17:50:00,83.6039,51.1933,2.7373,25.5163,0.7832,85.2644,84.0576,84.3086,-1.6605,50.9687,50.6757,0.2246
2026-08-09 18:00:00,84.7664,50.7906,2.4803,24.4437,0.7985,84.8118,84.9993,84.8592,-0.0454,50.0638,49.7680,0.7268
2026-08-09 18:10:00,84.6871,48.8762,2.3972,24.8312,0.8060,84.3094,85.2672,84.7546,0.3777,48.9842,49.1725,-0.1081
2026-08-09 18:20:00,85.3295,48.9838,2.5622,24.9675,0.8064,83.9861,85.2004,84.8387,1.3434,51.1113,49.8841,-2.1276
2026-08-09 18:30:00,85.8479,48.1929,2.5985,25.1557,0.8145,85.1311,85.4970,85.4920,0.7168,49.2563,48.7803,-1.0634
2026-08-09 18:40:00,84.9200,48.9706,2.4237,25.0106,0.8078,84.9164,84.8402,84.8922,0.0036,50.1501,49.5832,-1.1795
2026-08-09 18:50:00,86.3547,50.1795,2.5239,24.7414,0.8211,85.5896,85.5512,85.8319,0.7651,49.0737,50.0006,1.1059
2026-08-09 19:00:00,84.9976,48.8306,2.5274,24.8279,0.8108,85.3200,85.1821,85.1666,-0.3224,49.0209,49.3040,-0.1903
2026-08-09 19:10:00,86.9310,47.0710,2.5291,25.1162,0.8418,86.3104,86.0750,86.4388,0.6206,47.8940,47.7392,-0.8230
2026-08-09 19:20:00,86.7177,45.5029,2.3766,24.7886,0.8483,86.0360,86.9375,86.5637,0.6816,46.5105,47.0079,-1.0076
2026-08-09 19:30:00,85.2890,46.3109,2.4367,25.4395,0.8259,86.4048,85.9915,85.8951,-1.1158,48.0137,48.4900,-1.7028
2026-08-09 19:40:00,86.2087,46.6644,2.4569,24.4797,0.8402,86.1225,86.1409,86.1574,0.0862,48.3931,48.1906,-1.7287
2026-08-09 19:50:00,87.2713,45.6271,2.5561,24.8664,0.8314,85.9643,86.4844,86.5734,1.3070,46.3343,47.4354,-0.7071
2026-08-09 20:00:00,86.3594,45.7045,2.5970,25.0883,0.8152,86.9648,86.5932,86.6391,-0.6054,46.6804,47.3440,-0.9759
2026-08-09 20:10:00,87.4828,47.2810,2.6389,25.1427,0.8477,86.3534,86.7172,86.8511,1.1294,47.8168,48.3903,-0.5358
2026-08-09 20:20:00,87.8476,47.9178,2.3802,24.8545,0.8557,86.0491,86.6738,86.8568,1.7984,46.2795,48.0780,1.6383
2026-08-09 20:30:00,86.4695,48.0711,2.4491,25.1994,0.8129,86.7270,86.1728,86.4565,-0.2575,48.0569,48.4770,0.0142
2026-08-09 20:40:00,86.9260,47.6835,2.4254,24.6399,0.8377,85.9657,87.5503,86.8140,0.9603,47.1190,47.8252,0.5644
2026-08-09 20:50:00,86.8601,48.0822,2.4183,24.4174,0.8324,87.3502,87.0484,87.0862,-0.4901,47.7241,48.8891,0.3580
2026-08-09 21:00:00,87.7915,45.7239,2.3675,25.0504,0.8575,86.2180,86.5785,86.8627,1.5735,48.9976,48.1343,-3.2736
2026-08-09 21:10:00,87.0976,49.6064,2.5094,25.2362,0.8384,86.8320,86.7958,86.9085,0.2655,48.8240,49.4744,0.7824
2026-08-09 21:20:00,86.4652,49.3659,2.2145,25.4735,0.8220,86.9964,87.0415,86.8344,-0.5312,49.2383,49.5870,0.1276
2026-08-09 21:30:00,86.9205,48.0901,2.4286,25.1926,0.8368,87.8132,86.5850,87.1062,-0.8927,47.5769,48.6456,0.5132
2026-08-09 21:40:00,86.8367,48.2647,2.4481,25.2114,0.8196,86.3631,86.6055,86.6017,0.4736,48.2858,49.0881,-0.0211
2026-08-09 21:50:00,86.5350,50.9135,2.3957,25.1095,0.8199,86.8810,85.7009,86.3723,-0.3460,48.3456,49.7028,2.5679
2026-08-09 22:00:00,85.7473,47.6615,2.3765,25.1012,0.8230,86.2008,86.7787,86.2423,-0.4536,49.9474,49.6005,-2.2859
2026-08-09 22:10:00,87.2814,51.1206,2.4461,24.9852,0.8316,86.6238,86.1243,86.6765,0.6576,51.1529,50.8877,-0.0323
2026-08-09 22:20:00,86.9671,51.3049,2.4567,24.5503,0.8331,86.9815,86.8769,86.9418,-0.0144,52.1135,50.9696,-0.8087
2026-08-09 22:30:00,86.2569,51.3134,2.4503,24.9296,0.8252,86.2083,86.3486,86.2713,0.0485,51.2385,50.4547,0.0749
2026-08-09 22:40:00,86.2446,51.3925,2.5627,25.2410,0.8129,86.3713,86.5145,86.3768,-0.1266,50.9017,51.1523,0.4908
2026-08-09 22:50:00,86.3980,52.8393,2.4123,25.3754,0.8136,86.6277,85.4597,86.1618,-0.2296,52.8011,52.0123,0.0382
2026-08-09 23:00:00,86.9319,53.0108,2.2953,25.4565,0.8218,86.4681,86.5565,86.6522,0.4638,51.7473,51.4647,1.2635
2026-08-09 23:10:00,86.1981,51.7143,2.5028,25.4206,0.8006,85.9005,86.7312,86.2766,0.2975,51.4668,50.4879,0.2475
2026-08-09 23:20:00,84.6931,52.2219,2.6684,24.7712,0.7859,85.8718,86.5531,85.7060,-1.1787,53.0657,51.7165,-0.8437
2026-08-09 23:30:00,85.8174,53.6204,2.3355,24.8870,0.7894,85.3207,86.1703,85.7695,0.4966,51.6379,52.4456,1.9826
2026-08-09 23:40:00,85.6768,52.4301,2.4868,24.6135,0.7881,85.3249,86.3383,85.7800,0.3519,51.6461,51.7287,0.7839
2026-08-09 23:50:00,85.0815,53.1653,2.5073,25.2323,0.8027,85.2400,85.7726,85.3647,-0.1586,53.9384,52.6121,-0.7731
2026-08-10 00:00:00,84.7934,52.8439,2.4013,25.5453,0.7914,84.4726,84.9274,84.7311,0.3208,52.8515,52.3011,-0.0075
2026-08-10 00:10:00,84.7302,53.4575,2.4285,25.1933,0.7986,85.3949,83.9458,84.6903,-0.6647,52.8779,51.7945,0.5796
2026-08-10 00:20:00,84.9883,52.9540,2.6712,24.9003,0.7917,84.7641,85.3594,85.0373,0.2242,52.1971,51.4170,0.7569
2026-08-10 00:30:00,84.2007,53.2394,2.6039,24.9721,0.7842,84.9067,84.7969,84.6348,-0.7060,52.8327,52.2528,0.4067
2026-08-10 00:40:00,85.2738,53.3885,2.6203,25.6117,0.7870,84.8331,85.3808,85.1626,0.4407,53.5230,52.1241,-0.1345
2026-08-10 00:50:00,83.7564,53.6865,2.5416,25.0917,0.7705,85.0710,84.9694,84.5989,-1.3146,52.4492,52.3187,1.2373
2026-08-10 01:00:00,84.0891,52.8188,2.6356,25.3709,0.7606,84.4116,85.0550,84.5186,-0.3225,51.8050,52.1380,1.0138
2026-08-10 01:10:00,84.1632,52.5931,2.5958,24.5967,0.7896,84.2466,83.9308,84.1135,-0.0834,53.4201,51.4360,-0.8271
2026-08-10 01:20:00,83.4082,52.6627,2.6009,24.8387,0.7610,83.7719,84.1959,83.7920,-0.3638,51.5515,51.4089,1.1113
2026-08-10 01:30:00,83.6821,50.9703,2.4672,24.6852,0.7783,83.7549,83.4480,83.6283,-0.0728,51.8274,51.3239,-0.8572
2026-08-10 01:40:00,83.5632,51.2215,2.6114,25.0276,0.7850,82.4973,83.4235,83.1613,1.0658,50.3674,50.9905,0.8541
2026-08-10 01:50:00,83.7405,49.5249,2.4149,24.6262,0.7871,83.6274,83.4370,83.6016,0.1131,50.1750,49.9281,-0.6501
2026-08-10 02:00:00,84.6188,49.7928,2.6268,24.9475,0.8058,83.7249,83.5130,83.9522,0.8938,51.0011,50.6610,-1.2083
2026-08-10 02:10:00,83.2824,49.5615,2.5788,25.5260,0.7629,82.6954,84.1301,83.3693,0.5870,49.6647,50.1521,-0.1031
2026-08-10 02:20:00,82.8449,48.9464,2.6162,25.2568,0.7607,83.5468,82.9950,83.1289,-0.7020,50.0548,49.7221,-1.1083
2026-08-10 02:30:00,83.0438,48.4564,2.3452,24.8476,0.7835,83.4103,82.8326,83.0955,-0.3665,50.2076,49.7023,-1.7512
2026-08-10 02:40:00,83.4046,47.7765,2.6941,25.1856,0.7995,82.8243,82.2778,82.8356,0.5804,48.2117,49.0187,-0.4352
2026-08-10 02:50:00,82.5155,49.4842,2.4422,25.1604,0.7681,82.9487,82.9895,82.8179,-0.4332,47.8290,49.7361,1.6552
2026-08-10 03:00:00,83.3318,46.6956,2.3789,25.2029,0.7862,82.1721,84.3721,83.2920,1.1597,46.0583,47.4890,0.6373
2026-08-10 03:10:00,83.0888,47.1891,2.5997,25.1968,0.7826,83.0358,83.3479,83.1575,0.0530,47.8257,47.9279,-0.6366
2026-08-10 03:20:00,83.5858,48.9167,2.5228,25.0746,0.7831,82.4205,82.8003,82.9355,1.1653,48.3724,49.2161,0.5443
2026-08-10 03:30:00,83.9991,47.9428,2.4739,25.2464,0.7907,82.2817,83.6053,83.2954,1.7173,47.9281,49.5512,0.0147
2026-08-10 03:40:00,82.9278,47.8103,2.4411,24.7853,0.8003,82.1126,83.0863,82.7089,0.8152,48.7388,48.4301,-0.9286
2026-08-10 03:50:00,83.0049,47.8668,2.3941,25.1417,0.7700,83.8612,83.7909,83.5523,-0.8562,46.8324,47.4143,1.0344
2026-08-10 04:00:00,83.5971,47.9323,2.5667,25.1619,0.7892,83.0874,82.8086,83.1643,0.5097,47.1662,48.3349,0.7661
2026-08-10 04:10:00,83.7687,46.4420,2.4689,25.0594,0.7857,82.6261,83.5623,83.3190,1.1426,46.0389,47.5808,0.4032
2026-08-10 04:20:00,83.7860,48.3215,2.7408,25.4259,0.7808,83.2635,83.4693,83.5063,0.5225,47.0566,48.5355,1.2649
2026-08-10 04:30:00,84.2588,47.4109,2.6013,24.6899,0.8024,82.6787,83.9681,83.6352,1.5801,47.0279,47.7598,0.3830
2026-08-10 04:40:00,83.6207,47.8544,2.3851,24.7633,0.7827,84.0475,82.5065,83.3915,-0.4268,47.6670,48.4578,0.1874
2026-08-10 04:50:00,84.4336,48.0128,2.6449,25.1502,0.7862,83.9737,83.8766,84.0947,0.4599,46.9145,48.1714,1.0983
2026-08-10 05:00:00,82.8375,48.5299,2.4934,24.8504,0.7626,83.6388,83.9670,83.4811,-0.8013,47.8172,48.7016,0.7127
2026-08-10 05:10:00,83.5742,47.9491,2.4225,24.9511,0.7915,83.7562,84.7139,84.0148,-0.1820,47.4608,47.9695,0.4883
2026-08-10 05:20:00,84.2273,48.0522,2.8457,24.8741,0.7794,84.1754,83.9184,84.1070,0.0519,47.2412,48.5390,0.8111
2026-08-10 05:30:00,84.7654,48.9168,2.4733,24.8895,0.7935,83.6753,84.8973,84.4460,1.0902,50.4501,49.4809,-1.5332
2026-08-10 05:40:00,84.3514,48.3582,2.5891,24.6955,0.8022,84.6963,84.2393,84.4290,-0.3449,49.9399,49.3278,-1.5816
2026-08-10 05:50:00,84.8268,48.6350,2.2559,25.3180,0.7953,85.2309,84.3062,84.7880,-0.4041,49.1365,49.3190,-0.5014
2026-08-10 06:00:00,84.7303,48.7078,2.4129,24.7150,0.7995,85.3842,84.2899,84.8015,-0.6539,49.5288,49.4838,-0.8210
2026-08-10 06:10:00,84.7772,50.6999,2.6100,25.1181,0.7941,84.5795,84.7664,84.7077,0.1977,49.3977,49.8565,1.3021
2026-08-10 06:20:00,85.2862,50.6099,2.6033,24.8236,0.8064,84.9420,84.5445,84.9243,0.3442,50.8769,50.6213,-0.2670
2026-08-10 06:30:00,85.2176,48.6479,2.6121,25.2332,0.8189,85.9512,85.1817,85.4502,-0.7336,50.4433,49.1596,-1.7954
2026-08-10 06:40:00,85.7518,51.1405,2.4217,24.5924,0.7976,84.8447,85.8438,85.4801,0.9071,52.0406,50.8377,-0.9000
2026-08-10 06:50:00,86.4576,51.9085,2.6468,25.1789,0.8225,85.8065,85.1568,85.8070,0.6510,50.4437,50.8455,1.4647
2026-08-10 07:00:00,85.9523,54.2009,2.5748,24.7466,0.8008,85.6611,85.6644,85.7593,0.2913,50.7771,51.9316,3.4238
2026-08-10 07:10:00,85.9495,52.9035,2.4396,24.8807,0.8115,84.9644,86.3389,85.7510,0.9851,53.2972,52.5020,-0.3937
2026-08-10 07:20:00,85.9351,52.8395,2.4554,24.5541,0.8064,85.4188,86.2997,85.8846,0.5163,53.0351,52.3456,-0.1956
2026-08-10 07:30:00,86.6704,52.4407,2.4811,25.0368,0.8324,87.0223,86.1051,86.5993,-0.3518,53.3844,51.7869,-0.9437
2026-08-10 07:40:00,86.7502,52.6182,2.5244,24.7534,0.8042,85.7911,86.5771,86.3728,0.9591,51.8802,51.3971,0.7380
2026-08-10 07:50:00,87.0835,53.8706,2.4021,24.2799,0.8116,86.6324,86.7498,86.8219,0.4511,51.9540,51.4115,1.9166
2026-08-10 08:00:00,86.2782,52.5847,2.7088,25.0329,0.8179,87.1884,86.3073,86.5913,-0.9102,53.0547,51.9557,-0.4700
2026-08-10 08:10:00,87.1158,52.8715,2.6044,25.3310,0.8203,87.1116,86.8329,87.0201,0.0042,55.1294,52.9358,-2.2580
2026-08-10 08:20:00,87.0725,52.4423,2.3966,25.1583,0.8067,87.6246,85.7024,86.7998,-0.5521,52.1510,51.8311,0.2913
2026-08-10 08:30:00,86.9141,52.9181,2.4313,24.9617,0.8268,86.4633,86.6816,86.6863,0.4509,52.9020,51.8588,0.0160
2026-08-10 08:40:00,87.3450,52.9656,2.4895,24.4882,0.8381,86.4700,87.7674,87.1941,0.8751,52.0958,51.7634,0.8699
2026-08-10 08:50:00,87.3104,52.2228,2.5312,24.9152,0.8469,87.0707,86.8737,87.0849,0.2396,52.7935,52.0117,-0.5707
2026-08-10 09:00:00,87.1952,52.2681,2.3565,25.3466,0.8296,86.7697,87.1330,87.0326,0.4255,53.4928,52.1348,-1.2247
2026-08-10 09:10:00,87.9767,52.5258,2.3071,25.3783,0.8196,87.6755,87.4349,87.6957,0.3012,53.4653,52.1299,-0.9395
2026-08-10 09:20:00,87.1127,52.4909,2.3823,25.0121,0.8219,86.7776,86.7147,86.8683,0.3351,51.9527,51.6967,0.5382
2026-08-10 09:30:00,87.6755,50.9202,2.4632,24.1537,0.8520,86.2906,87.2326,87.0662,1.3849,51.7341,51.1819,-0.8138
2026-08-10 09:40:00,86.4396,51.2358,2.6628,25.0698,0.8091,86.1983,87.7141,86.7840,0.2413,50.7967,50.6053,0.4391
2026-08-10 09:50:00,88.0769,51.1299,2.6146,25.4925,0.8272,87.6467,87.7673,87.8303,0.4301,50.4195,50.7421,0.7104
2026-08-10 10:00:00,87.2158,49.4337,2.5915,24.8094,0.8609,86.8934,87.1629,87.0907,0.3224,49.0895,49.6266,0.3442
2026-08-10 10:10:00,87.2483,48.8927,2.4478,24.7867,0.8255,86.0844,87.3272,86.8866,1.1639,48.9875,48.7583,-0.0947
2026-08-10 10:20:00,86.2660,49.2637,2.5580,24.7338,0.8153,86.9088,87.1843,86.7864,-0.6428,50.6032,50.0995,-1.3395
2026-08-10 10:30:00,85.5853,48.1518,2.6254,25.5312,0.8134,86.4443,86.1378,86.0558,-0.8589,50.3598,49.1864,-2.2080
2026-08-10 10:40:00,87.2664,48.4347,2.4140,24.4651,0.8360,86.3511,86.3727,86.6634,0.9153,48.8560,49.5126,-0.4213
2026-08-10 10:50:00,86.4566,48.3295,2.6142,24.7251,0.8340,86.6328,87.1641,86.7511,-0.1762,47.4035,48.3178,0.9260
2026-08-10 11:00:00,85.5949,48.2612,2.5224,25.1703,0.7931,86.8833,86.4031,86.2938,-1.2883,48.6158,49.0701,-0.3545
2026-08-10 11:10:00,85.5313,48.0344,2.5076,25.0189,0.8188,85.9487,85.4668,85.6490,-0.4174,47.7335,49.0768,0.3009
2026-08-10 11:20:00,85.4073,47.4772,2.5834,25.6358,0.8111,85.2316,86.3363,85.6584,0.1757,46.9701,48.2377,0.5071
2026-08-10 11:30:00,85.8207,46.8449,2.4728,25.2458,0.8327,85.7061,85.9295,85.8188,0.1145,46.5028,47.8180,0.3421
2026-08-10 11:40:00,85.1515,47.1651,2.6418,24.6622,0.8225,85.6150,85.6706,85.4790,-0.4635,46.5334,47.9834,0.6318
2026-08-10 11:50:00,86.2600,44.9876,2.3044,24.9470,0.8372,85.8171,85.7437,85.9403,0.4430,45.7934,47.1118,-0.8058
2026-08-10 12:00:00,84.9137,47.7082,2.4283,24.5404,0.8011,85.4198,85.5388,85.2908,-0.5061,47.0392,48.0657,0.6691
2026-08-10 12:10:00,84.7597,48.2111,2.7552,25.1277,0.8120,84.6363,85.8509,85.0823,0.1234,46.7206,47.9305,1.4904
2026-08-10 12:20:00,85.2288,47.1739,2.6394,25.2479,0.7990,84.9180,84.5516,84.8995,0.3109,48.0367,48.4294,-0.8628
2026-08-10 12:30:00,84.1532,45.6042,2.6166,24.8972,0.7979,84.8946,84.3835,84.4771,-0.7414,45.8877,47.2219,-0.2835
2026-08-10 12:40:00,83.8504,47.3405,2.4135,24.5922,0.7743,84.5329,85.2010,84.5281,-0.6824,48.0107,48.4579,-0.6703
2026-08-10 12:50:00,84.8671,47.1914,2.5819,24.8524,0.7992,84.7208,84.6987,84.7622,0.1464,47.9056,47.9191,-0.7141
2026-08-10 13:00:00,84.5145,48.4204,2.4597,25.1749,0.8084,83.7868,83.9513,84.0842,0.7277,47.3891,47.9368,1.0313
2026-08-10 13:10:00,84.0179,48.9024,2.5570,25.1438,0.7988,83.9499,83.3689,83.7789,0.0680,47.9822,49.3520,0.9202
2026-08-10 13:20:00,83.8950,48.2025,2.5784,25.1158,0.7867,83.9124,83.8413,83.8829,-0.0173,48.6656,48.6860,-0.4631
2026-08-10 13:30:00,83.7508,49.5474,2.5238,25.0748,0.7833,83.9817,83.6732,83.8019,-0.2310,48.3956,49.0440,1.1518
2026-08-10 13:40:00,83.3330,47.6199,2.5029,25.1848,0.7815,84.0464,84.3821,83.9205,-0.7134,48.8391,48.5207,-1.2192
2026-08-10 13:50:00,83.9074,50.3198,2.5449,24.8427,0.7864,83.3122,83.2189,83.4795,0.5952,49.5109,49.6516,0.8089
2026-08-10 14:00:00,83.6459,50.2252,2.4889,24.9875,0.7683,82.8551,84.3343,83.6118,0.7908,49.4877,49.4771,0.7376
2026-08-10 14:10:00,83.6466,49.5721,2.5577,25.4423,0.7788,83.8468,83.7286,83.7407,-0.2002,51.2586,50.4515,-1.6865
2026-08-10 14:20:00,82.8563,49.1101,2.4208,24.8493,0.7804,83.7945,82.7199,83.1236,-0.9382,51.3699,49.9280,-2.2598
2026-08-10 14:30:00,82.6515,50.0412,2.5338,24.8243,0.7778,82.6666,83.5535,82.9572,-0.0151,49.8066,50.2588,0.2346
2026-08-10 14:40:00,83.0889,51.7344,2.4642,24.8755,0.7711,83.9724,82.5958,83.2190,-0.8835,50.8755,50.6862,0.8588
2026-08-10 14:50:00,82.2517,50.6068,2.4267,24.8812,0.7711,83.5250,82.6579,82.8116,-1.2733,52.1183,50.6686,-1.5115
2026-08-10 15:00:00,82.9561,52.3803,2.7110,25.0806,0.7474,83.3797,83.5990,83.3116,-0.4236,52.5372,51.3409,-0.1568
2026-08-10 15:10:00,83.0698,52.3657,2.6770,25.1850,0.7811,82.6453,82.8992,82.8714,0.4245,51.6913,51.6459,0.6745
2026-08-10 15:20:00,83.6002,52.9107,2.5095,25.1253,0.7564,82.8020,82.8346,83.0789,0.7982,52.3692,51.5644,0.5415
2026-08-10 15:30:00,82.6435,51.4932,2.5432,24.5885,0.7702,83.1924,83.4508,83.0956,-0.5489,51.8847,51.6851,-0.3914
2026-08-10 15:40:00,84.2305,52.9218,2.5393,24.9962,0.7898,83.4645,82.1427,83.2792,0.7660,52.1103,51.7952,0.8115
2026-08-10 15:50:00,83.5742,53.0938,2.3303,25.1670,0.7876,81.9726,83.5378,83.0282,1.6017,54.3635,52.7688,-1.2696
2026-08-10 16:00:00,83.2276,53.7175,2.4913,25.1626,0.7631,83.2430,82.7397,83.0701,-0.0154,52.6037,52.5945,1.1138
2026-08-10 16:10:00,83.0518,51.4097,2.8515,24.8690,0.7639,83.0669,83.1953,83.1047,-0.0151,52.3927,51.7143,-0.9830
2026-08-10 16:20:00,83.3681,52.0613,2.2131,25.3285,0.7649,83.5495,82.8034,83.2404,-0.1814,53.0494,51.6954,-0.9880
2026-08-10 16:30:00,84.0462,52.9041,2.3877,25.7207,0.7813,82.9955,83.4563,83.4993,1.0508,53.2106,52.1835,-0.3066
2026-08-10 16:40:00,83.8961,52.7944,2.5918,25.2184,0.7825,82.6975,82.6008,83.0648,1.1986,52.1371,51.5693,0.6573
2026-08-10 16:50:00,83.4729,51.5674,2.5239,24.7382,0.7484,83.0353,83.2809,83.2630,0.4376,52.3915,51.5892,-0.8240
2026-08-10 17:00:00,84.2173,50.5172,2.6453,24.9402,0.7874,83.9135,83.2881,83.8063,0.3038,52.8308,50.5315,-2.3136
2026-08-10 17:10:00,84.8248,51.9763,2.5363,25.1580,0.7870,84.6356,83.4902,84.3169,0.1892,51.3209,51.1438,0.6555
2026-08-10 17:20:00,83.6271,51.0470,2.5261,25.2205,0.7759,83.7026,83.8314,83.7204,-0.0756,51.2918,50.7503,-0.2449
2026-08-10 17:30:00,84.1722,50.3662,2.3898,24.4485,0.7973,84.6739,83.5405,84.1289,-0.5016,52.0206,50.8083,-1.6544
2026-08-10 17:40:00,84.0067,49.9361,2.4851,25.2224,0.7912,84.2130,84.5456,84.2551,-0.2063,51.0179,50.0975,-1.0819
2026-08-10 17:50:00,85.3060,50.5162,2.5511,24.6707,0.7978,85.0628,84.3420,84.9036,0.2432,50.5981,50.0531,-0.0820
2026-08-10 18:00:00,85.0984,49.1367,2.5366,24.7021,0.8020,85.6132,84.8356,85.1824,-0.5148,50.1144,50.0074,-0.9777
2026-08-10 18:10:00,84.8126,48.8194,2.4635,25.3296,0.8112,84.7517,84.6837,84.7493,0.0609,50.3363,50.4470,-1.5168
2026-08-10 18:20:00,85.2285,50.3296,2.5249,25.2560,0.8126,85.2623,84.9858,85.1589,-0.0338,49.4427,50.0293,0.8869
2026-08-10 18:30:00,86.1116,49.9101,2.6211,24.8602,0.8113,84.9333,85.2513,85.4320,1.1783,49.9699,49.7905,-0.0597
2026-08-10 18:40:00,85.5925,49.0173,2.4679,24.9429,0.8230,85.5295,84.9872,85.3697,0.0631,48.9290,49.4455,0.0883
2026-08-10 18:50:00,87.0975,49.3890,2.8192,24.6804,0.8472,86.4605,85.5329,86.3636,0.6370,48.1861,49.4129,1.2029
2026-08-10 19:00:00,85.8371,46.9635,2.3583,24.5510,0.8240,86.1809,85.1967,85.7382,-0.3438,48.5606,48.6510,-1.5971
2026-08-10 19:10:00,86.3205,48.1639,2.5216,25.3999,0.8316,85.3727,86.7653,86.1528,0.9478,47.1101,48.4198,1.0538
2026-08-10 19:20:00,87.5616,47.7937,2.4177,25.1010,0.8503,86.2477,85.7466,86.5187,1.3139,46.5961,47.7805,1.1976
2026-08-10 19:30:00,86.0246,48.2643,2.3781,25.0467,0.8346,86.6110,86.8578,86.4978,-0.5864,46.9328,48.5875,1.3315
2026-08-10 19:40:00,87.1075,47.8552,2.5890,24.6416,0.8447,86.6581,86.2104,86.6587,0.4495,46.7444,48.3350,1.1107
2026-08-10 19:50:00,86.1446,46.6806,2.5942,25.3126,0.8319,86.3022,85.8584,86.1018,-0.1576,46.4787,48.1054,0.2020
2026-08-10 20:00:00,86.8293,46.9185,2.5163,25.2054,0.8264,86.3951,86.8551,86.6932,0.4342,47.2175,48.3771,-0.2990
2026-08-10 20:10:00,87.1893,46.4080,2.1662,25.0613,0.8332,86.9858,87.4335,87.2029,0.2035,46.1763,47.7220,0.2317
2026-08-10 20:20:00,87.3145,47.3788,2.5328,24.3771,0.8432,86.8083,87.2569,87.1266,0.5062,47.7936,48.2377,-0.4148
2026-08-10 20:30:00,85.9819,45.9516,2.6409,24.9768,0.8124,86.2182,86.9280,86.3760,-0.2363,47.1990,48.2136,-1.2474
2026-08-10 20:40:00,86.9295,47.7109,2.4958,25.2457,0.8534,87.4041,87.8649,87.3995,-0.4746,47.6611,47.9815,0.0497
2026-08-10 20:50:00,86.5804,48.2766,2.4759,25.0006,0.8208,87.6918,87.6976,87.3233,-1.1115,47.2187,48.4327,1.0579
2026-08-10 21:00:00,87.6377,48.7156,2.3369,25.2038,0.8484,87.0857,86.5308,87.0848,0.5520,46.9353,47.6207,1.7803
2026-08-10 21:10:00,86.6642,46.5972,2.4459,25.1206,0.8235,87.6660,87.9704,87.4335,-1.0018,48.0682,48.4044,-1.4711
2026-08-10 21:20:00,86.1604,48.6467,2.3595,24.4828,0.8088,86.9152,86.9797,86.6851,-0.7548,48.1155,48.5716,0.5312
2026-08-10 21:30:00,86.9849,48.2956,2.5129,24.9292,0.8169,86.6299,87.2645,86.9598,0.3550,49.1709,48.7860,-0.8753
2026-08-10 21:40:00,86.4973,48.8657,2.6172,25.1407,0.8131,87.1779,87.6040,87.0931,-0.6806,49.0251,49.0644,-0.1593
2026-08-10 21:50:00,87.2367,49.7564,2.4750,25.2679,0.8342,86.9197,87.3620,87.1728,0.3170,48.8228,49.1795,0.9336
2026-08-10 22:00:00,86.8947,51.2455,2.2725,25.2200,0.8250,86.5455,86.5562,86.6655,0.3491,50.3308,50.7294,0.9147
2026-08-10 22:10:00,86.1198,50.6353,2.6372,25.2092,0.7982,87.0551,86.1889,86.4546,-0.9353,50.1745,50.0456,0.4608
2026-08-10 22:20:00,86.7333,50.2407,2.3954,25.0945,0.8264,87.0491,86.4669,86.7498,-0.3158,49.1804,50.0098,1.0602
2026-08-10 22:30:00,87.1377,50.6858,2.5486,24.9065,0.8493,86.2691,86.6153,86.6740,0.8685,49.1588,50.4201,1.5270
2026-08-10 22:40:00,86.0184,52.5388,2.4330,24.9764,0.7998,85.9469,86.3855,86.1169,0.0715,51.0373,51.0826,1.5015
2026-08-10 22:50:00,85.3862,52.0532,2.3043,24.8986,0.7838,86.7357,87.0303,86.3841,-1.3495,51.9735,51.1994,0.0797
2026-08-10 23:00:00,85.6292,51.9184,2.4945,25.1448,0.8077,85.1280,86.6166,85.7913,0.5012,52.1348,51.1165,-0.2164
2026-08-10 23:10:00,85.3615,52.4294,2.5180,24.6694,0.7987,86.0923,86.5762,86.0100,-0.7308,52.0325,50.8789,0.3969
2026-08-10 23:20:00,85.8101,51.2455,2.4150,24.5948,0.8134,85.3022,86.4997,85.8706,0.5079,51.4537,50.2957,-0.2082
2026-08-10 23:30:00,85.3437,51.7093,2.6317,24.7961,0.8116,85.5311,86.0233,85.6327,-0.1874,52.1746,52.0078,-0.4653
2026-08-10 23:40:00,84.7729,50.4560,2.5260,24.6925,0.7973,85.4830,85.4193,85.2251,-0.7101,52.4461,51.0901,-1.9901
2026-08-10 23:50:00,84.9937,52.8521,2.4502,25.4885,0.8044,84.6111,85.5189,85.0412,0.3826,52.2461,51.3259,0.6060
2026-08-11 00:00:00,83.4008,52.7396,2.4751,25.4068,0.7783,85.4202,85.7162,84.8458,-2.0194,53.6557,52.2781,-0.9161
2026-08-11 00:10:00,85.5181,51.9587,2.4513,24.8114,0.7964,84.9242,85.9906,85.4776,0.5939,53.7163,52.2586,-1.7576
2026-08-11 00:20:00,84.6137,52.7992,2.5578,25.1296,0.7901,85.9849,85.2929,85.2972,-1.3711,52.3446,51.5034,0.4546
2026-08-11 00:30:00,84.9033,53.3827,2.5979,25.1563,0.7780,85.4210,85.4971,85.2738,-0.5178,52.5893,52.1006,0.7934
2026-08-11 00:40:00,84.4089,52.3008,2.3841,25.1723,0.7693,84.1847,85.5086,84.7007,0.2242,53.1047,51.9168,-0.8039
2026-08-11 00:50:00,84.0075,51.1310,2.5414,25.1497,0.7897,84.1197,84.2780,84.1351,-0.1122,53.0525,51.0172,-1.9216
2026-08-11 01:00:00,84.4065,51.9931,2.5293,25.6923,0.7824,84.2244,84.3309,84.3206,0.1821,50.7970,51.1135,1.1961
2026-08-11 01:10:00,82.6839,52.4323,2.4308,24.7785,0.7576,83.3371,84.0988,83.3733,-0.6532,51.2446,50.8388,1.1876
2026-08-11 01:20:00,83.6052,52.4788,2.5722,24.8369,0.7700,83.5814,83.4029,83.5298,0.0239,50.9885,51.2352,1.4903
2026-08-11 01:30:00,83.2206,51.0995,2.3979,25.2375,0.7764,84.4927,84.5337,84.0823,-1.2721,50.7627,50.3628,0.3369
2026-08-11 01:40:00,83.6436,50.0674,2.5235,24.8961,0.7886,84.0584,83.5612,83.7544,-0.4148,49.6845,50.2204,0.3829
2026-08-11 01:50:00,83.0561,50.3728,2.4863,25.1152,0.7635,82.9086,83.6616,83.2088,0.1476,51.4377,50.5665,-1.0649
2026-08-11 02:00:00,83.2048,49.0508,2.5514,25.1759,0.7748,82.8745,83.5088,83.1961,0.3303,50.5243,49.8461,-1.4735
2026-08-11 02:10:00,82.6458,49.8114,2.5163,25.1256,0.7639,83.9097,83.3607,83.3054,-1.2639,51.1160,50.3760,-1.3047
2026-08-11 02:20:00,82.5415,49.8922,2.4636,24.8668,0.7738,82.5627,82.3921,82.4987,-0.0212,49.4331,49.8655,0.4591
2026-08-11 02:30:00,83.5019,48.9678,2.2749,24.7087,0.7680,82.1780,83.1023,82.9274,1.3239,49.6323,49.8247,-0.6644
2026-08-11 02:40:00,83.2786,48.0535,2.6082,24.9369,0.7806,82.7370,82.9981,83.0046,0.5416,48.5150,48.4417,-0.4615
2026-08-11 02:50:00,83.3261,48.3079,2.5795,24.7888,0.7870,82.2460,83.3389,82.9703,1.0801,49.0406,48.8046,-0.7328
2026-08-11 03:00:00,83.5584,49.1255,2.4425,25.4348,0.7640,82.9395,81.7233,82.7404,0.6189,48.9174,48.8885,0.2080
2026-08-11 03:10:00,82.0320,47.8298,2.6036,24.8787,0.7634,83.8810,82.5323,82.8151,-1.8489,47.0935,48.6335,0.7363
2026-08-11 03:20:00,83.1425,48.5418,2.3704,24.4633,0.7622,83.3610,83.6003,83.3679,-0.2184,48.4765,49.1727,0.0653
2026-08-11 03:30:00,83.6946,46.7424,2.3014,24.5149,0.7757,82.0628,82.3274,82.6949,1.6317,46.6615,47.9834,0.0809
2026-08-11 03:40:00,83.2678,48.3090,2.3760,25.1119,0.7923,82.8127,82.8078,82.9627,0.4551,48.3338,48.7742,-0.0247
2026-08-11 03:50:00,83.9040,45.8405,2.6619,25.3772,0.7865,82.9665,82.4476,83.1060,0.9375,46.7074,47.0468,-0.8669
2026-08-11 04:00:00,82.3779,45.9969,2.6037,24.4420,0.7864,83.6447,83.7793,83.2673,-1.2668,47.3014,48.2609,-1.3046
2026-08-11 04:10:00,82.6445,48.1203,2.8041,24.9209,0.7698,82.8072,83.2206,82.8908,-0.1627,47.1489,47.7142,0.9714
2026-08-11 04:20:00,83.7739,47.9899,2.4119,24.8727,0.7961,82.8971,83.6396,83.4369,0.8768,47.2545,49.1153,0.7354
2026-08-11 04:30:00,83.5217,46.8013,2.5247,25.0347,0.8037,84.2576,82.9969,83.5921,-0.7359,46.9484,47.7082,-0.1471
2026-08-11 04:40:00,83.2786,44.7933,2.6689,24.7989,0.7853,84.9709,83.1478,83.7991,-1.6923,47.0819,47.3719,-2.2886
2026-08-11 04:50:00,84.0219,47.1250,2.6123,25.0482,0.7951,83.3776,83.5205,83.6400,0.6443,48.1817,48.7290,-1.0567
2026-08-11 05:00:00,83.7854,47.2595,2.5879,25.0904,0.7988,83.3684,83.7037,83.6192,0.4171,48.3234,48.3140,-1.0639
2026-08-11 05:10:00,85.0984,49.4779,2.4796,24.9410,0.8063,84.0850,84.4601,84.5478,1.0134,47.1740,48.6229,2.3039
2026-08-11 05:20:00,84.4515,48.8960,2.4964,25.2687,0.8088,84.5283,84.1856,84.3885,-0.0769,48.0005,48.9880,0.8955
2026-08-11 05:30:00,83.7992,47.9003,2.6259,25.5261,0.7746,84.5892,83.3925,83.9270,-0.7900,49.8184,49.2346,-1.9181
2026-08-11 05:40:00,85.9123,48.7142,2.4490,25.1199,0.8266,84.8880,84.8030,85.2011,1.0244,48.6711,49.4241,0.0431
2026-08-11 05:50:00,85.9375,50.2494,2.4182,25.1281,0.7937,85.0039,83.6486,84.8633,0.9336,49.7982,50.0038,0.4512
2026-08-11 06:00:00,85.5024,50.0388,2.6413,25.1717,0.8184,84.6336,84.4343,84.8568,0.8688,48.4934,49.1695,1.5455
2026-08-11 06:10:00,85.2228,50.4440,2.5402,24.7933,0.8037,85.6733,85.0426,85.3129,-0.4505,50.0321,50.2445,0.4119
2026-08-11 06:20:00,85.9693,50.9157,2.4481,24.8472,0.8064,84.8897,85.3948,85.4180,1.0796,51.7520,50.7667,-0.8363
2026-08-11 06:30:00,85.0666,50.1318,2.6726,25.2899,0.7938,85.4174,85.8758,85.4533,-0.3509,50.7255,50.5446,-0.5937
2026-08-11 06:40:00,85.6060,51.2636,2.2351,24.8786,0.7999,85.7778,85.4722,85.6187,-0.1719,51.3063,51.1424,-0.0426
2026-08-11 06:50:00,84.6765,51.7867,2.3830,24.6245,0.7869,85.6949,85.7688,85.3801,-1.0183,51.8488,50.9639,-0.0621
2026-08-11 07:00:00,85.9015,53.2710,2.6614,24.9079,0.8046,85.3971,86.1977,85.8321,0.5044,53.6791,52.1561,-0.4081
2026-08-11 07:10:00,86.7353,52.9694,2.4832,24.7912,0.8419,86.3831,86.3245,86.4810,0.3522,51.9521,51.6588,1.0173
2026-08-11 07:20:00,85.6772,53.2068,2.4625,24.6920,0.7920,87.3525,85.8513,86.2936,-1.6753,52.6746,51.6020,0.5322
2026-08-11 07:30:00,86.3197,51.6752,2.5372,24.7268,0.8228,85.3907,85.8311,85.8472,0.9290,53.5395,52.1982,-1.8642
2026-08-11 07:40:00,86.5351,52.5871,2.5116,25.6156,0.8126,86.4159,85.7591,86.2367,0.1191,52.2295,51.7377,0.3576
2026-08-11 07:50:00,87.0849,53.2162,2.5831,24.6998,0.8106,86.9293,86.1761,86.7301,0.1556,51.9582,51.7857,1.2581
2026-08-11 08:00:00,86.7750,52.8481,2.6587,25.5624,0.8277,86.8531,87.2221,86.9501,-0.0781,53.1006,51.9248,-0.2524
2026-08-11 08:10:00,86.5208,52.3485,2.5928,24.5494,0.8098,86.5552,85.9346,86.3369,-0.0344,52.6869,51.7066,-0.3383
2026-08-11 08:20:00,87.3930,52.4930,2.5101,24.5517,0.8163,85.8608,87.2215,86.8251,1.5322,52.7120,51.8013,-0.2191
2026-08-11 08:30:00,87.1936,53.4184,2.7005,24.9876,0.8155,87.2286,87.9941,87.4721,-0.0350,52.4664,51.7231,0.9520
2026-08-11 08:40:00,85.6921,50.9444,2.6419,24.9479,0.7962,86.9334,88.1800,86.9352,-1.2412,52.7750,51.8142,-1.8306
2026-08-11 08:50:00,86.5239,53.5483,2.4439,24.7691,0.8028,86.8076,87.4198,86.9171,-0.2837,52.2127,52.2412,1.3356
2026-08-11 09:00:00,86.6413,52.0557,2.4469,25.5436,0.8236,87.1345,86.8302,86.8687,-0.4932,51.9137,51.0212,0.1419
2026-08-11 09:10:00,87.6534,50.5347,2.4638,25.2648,0.8214,87.0891,86.5571,87.0999,0.5642,52.1426,50.8419,-1.6080
2026-08-11 09:20:00,85.8422,52.0104,2.4012,24.8354,0.8071,87.1802,87.2237,86.7487,-1.3381,52.4590,50.7495,-0.4486
2026-08-11 09:30:00,87.1732,51.1568,2.4447,25.0788,0.8383,86.5313,87.6934,87.1327,0.6419,52.4171,51.3023,-1.2602
2026-08-11 09:40:00,86.2678,52.5004,2.5284,25.0445,0.8127,87.2081,87.4331,86.9697,-0.9403,51.1279,50.8366,1.3725
2026-08-11 09:50:00,87.3301,49.7393,2.3995,24.9809,0.8312,87.0694,87.2169,87.2055,0.2607,50.4004,50.0830,-0.6611
2026-08-11 10:00:00,86.4894,50.6135,2.5490,25.2152,0.8177,86.9418,87.1344,86.8552,-0.4524,50.9907,50.7336,-0.3772
2026-08-11 10:10:00,86.5769,48.6887,2.5502,25.1356,0.8166,87.1554,86.8907,86.8743,-0.5785,49.8969,49.5926,-1.2082
2026-08-11 10:20:00,86.9976,50.4704,2.4946,24.9309,0.8346,85.9683,87.1632,86.7097,1.0293,48.5246,49.2527,1.9457
2026-08-11 10:30:00,87.1909,47.1858,2.6307,25.4679,0.8447,86.8350,85.8513,86.6257,0.3559,48.8296,48.7793,-1.6438
2026-08-11 10:40:00,86.4502,48.8555,2.5329,25.0063,0.8130,86.5902,85.9637,86.3347,-0.1400,48.5601,49.5562,0.2954
2026-08-11 10:50:00,85.3650,48.0743,2.5868,25.1916,0.8143,85.9469,87.0696,86.1272,-0.5820,47.5208,48.7396,0.5535
2026-08-11 11:00:00,86.0765,47.2493,2.4611,25.5433,0.8128,85.2672,85.9666,85.7701,0.8093,48.5041,49.0116,-1.2548
2026-08-11 11:10:00,85.8579,46.3171,2.5096,25.2568,0.8271,86.2469,85.2112,85.7720,-0.3890,46.8050,47.6672,-0.4879
2026-08-11 11:20:00,86.2508,46.7704,2.5205,25.0499,0.8180,85.4771,85.9874,85.9051,0.7737,47.3274,48.2788,-0.5571
2026-08-11 11:30:00,85.3072,47.9380,2.4638,25.0072,0.8188,85.6304,85.6322,85.5233,-0.3232,47.3466,48.6962,0.5915
2026-08-11 11:40:00,85.5131,45.3865,2.4278,24.7860,0.8274,84.5595,85.8239,85.2988,0.9536,47.7372,47.8987,-2.3507
2026-08-11 11:50:00,85.1320,45.7329,2.4743,25.4421,0.8088,86.4377,85.9232,85.8310,-1.3057,46.9878,47.6413,-1.2549
2026-08-11 12:00:00,85.1872,46.5383,2.4586,25.5984,0.8281,84.9854,84.9579,85.0435,0.2018,45.7511,48.0768,0.7871
2026-08-11 12:10:00,85.3378,48.0228,2.4457,24.8172,0.8018,83.4200,84.7370,84.4983,1.9178,47.2557,48.5007,0.7671
2026-08-11 12:20:00,84.3446,47.6259,2.4326,25.2303,0.8048,85.2353,85.0369,84.8723,-0.8906,46.3727,47.6419,1.2532
2026-08-11 12:30:00,83.3980,47.8341,2.3314,24.9595,0.7846,84.1181,84.7641,84.0934,-0.7201,47.3574,48.3152,0.4767
2026-08-11 12:40:00,84.5462,47.0462,2.4722,24.7334,0.8007,84.4854,84.1908,84.4074,0.0608,47.5715,47.4663,-0.5253
2026-08-11 12:50:00,84.6958,46.4860,2.6040,25.1861,0.8161,83.7529,84.3806,84.2764,0.9429,47.6370,48.1694,-1.1510
2026-08-11 13:00:00,84.4201,48.3998,2.5476,25.1474,0.8029,84.1647,84.8889,84.4912,0.2554,47.5584,48.1453,0.8414
2026-08-11 13:10:00,84.4755,48.5481,2.4851,25.0342,0.8116,84.0500,84.9143,84.4800,0.4255,48.2560,48.8259,0.2921
2026-08-11 13:20:00,83.0596,48.5731,2.6314,24.8295,0.7788,84.6204,83.1136,83.5978,-1.5608,48.4918,49.1878,0.0813
2026-08-11 13:30:00,83.7638,47.4888,2.4241,24.3743,0.7758,84.1363,83.6879,83.8627,-0.3724,49.1554,49.1108,-1.6666
2026-08-11 13:40:00,82.9061,49.3590,2.3414,25.0824,0.7748,83.4721,82.8734,83.0838,-0.5660,47.6618,49.7697,1.6972
2026-08-11 13:50:00,83.6724,49.3854,2.5960,25.4415,0.7940,83.3712,83.4188,83.4875,0.3012,49.8602,49.6779,-0.4749
2026-08-11 14:00:00,83.8673,50.0897,2.5793,25.3119,0.7698,83.4345,84.0421,83.7813,0.4327,48.9631,49.5199,1.1266
2026-08-11 14:10:00,83.7881,51.6139,2.1478,25.3596,0.7537,83.2364,82.6688,83.2311,0.5517,49.5620,50.4234,2.0519
2026-08-11 14:20:00,83.3860,51.9200,2.3655,25.3469,0.7673,83.0592,84.1182,83.5211,0.3268,51.0655,50.4905,0.8544
2026-08-11 14:30:00,83.0290,50.5499,2.4565,24.9606,0.7734,82.4930,83.0765,82.8661,0.5360,50.4607,50.4521,0.0892
2026-08-11 14:40:00,83.0039,52.2502,2.5259,25.1810,0.7656,82.4934,82.9333,82.8102,0.5105,50.6131,51.1821,1.6372
2026-08-11 14:50:00,83.4334,51.7608,2.5145,24.5262,0.7673,81.7794,83.4727,82.8951,1.6540,53.2832,51.5214,-1.5224
2026-08-11 15:00:00,83.1144,52.4551,2.3863,24.9606,0.7690,83.0921,83.0602,83.0889,0.0223,51.5892,51.1033,0.8659
2026-08-11 15:10:00,83.3456,53.7884,2.2995,24.3540,0.7517,82.7794,82.8765,83.0005,0.5662,52.2230,52.0255,1.5653
2026-08-11 15:20:00,82.9611,53.6158,2.4074,25.2722,0.7784,82.2723,82.0251,82.4195,0.6887,52.5286,52.2422,1.0872
2026-08-11 15:30:00,83.0863,51.0710,2.3313,24.8476,0.7722,82.8531,83.1143,83.0179,0.2331,52.7463,51.5518,-1.6753
2026-08-11 15:40:00,82.5402,52.9683,2.6439,24.7630,0.7479,83.1113,82.5018,82.7178,-0.5711,51.8402,51.4987,1.1281
2026-08-11 15:50:00,83.0654,53.5755,2.4103,25.0091,0.7726,83.7080,83.0131,83.2621,-0.6427,53.0489,51.9366,0.5266
2026-08-11 16:00:00,83.4124,54.2243,2.6299,24.9933,0.7670,82.8196,82.6557,82.9626,0.5927,52.6829,52.3836,1.5413
2026-08-11 16:10:00,83.7227,52.9109,2.5440,24.2345,0.7738,82.9578,82.5620,83.0808,0.7648,53.3632,52.5255,-0.4523
2026-08-11 16:20:00,83.4611,53.6016,2.4582,25.6159,0.7503,83.3113,83.6437,83.4720,0.1498,52.9496,52.5967,0.6520
2026-08-11 16:30:00,82.5492,52.6827,2.4751,24.9669,0.7394,83.3222,83.1929,83.0215,-0.7730,53.0923,52.2545,-0.4096
2026-08-11 16:40:00,83.7702,52.9323,2.6258,25.3568,0.7489,83.9845,83.8635,83.8727,-0.2143,52.5619,51.6938,0.3704
2026-08-11 16:50:00,83.2883,50.8271,2.5850,25.2295,0.7708,84.0694,84.0976,83.8184,-0.7811,51.1614,50.7376,-0.3344
2026-08-11 17:00:00,83.8786,52.4671,2.5186,25.2310,0.7599,84.5098,83.4526,83.9470,-0.6312,52.2727,51.0521,0.1945
2026-08-11 17:10:00,84.1030,51.8117,2.4920,24.7792,0.7689,84.3207,82.9843,83.8026,-0.2177,52.7650,52.0339,-0.9532
2026-08-11 17:20:00,85.4243,50.6331,2.5591,24.8312,0.8167,84.3513,83.8539,84.5432,1.0731,51.0980,50.4662,-0.4648
2026-08-11 17:30:00,84.1452,51.1286,2.5027,24.8336,0.7774,84.6297,84.5050,84.4266,-0.4845,50.8498,50.6431,0.2788
2026-08-11 17:40:00,84.2206,52.8628,2.4059,25.0760,0.7842,84.1497,83.8858,84.0854,0.0709,50.9245,51.0029,1.9383
2026-08-11 17:50:00,84.9199,49.7118,2.5147,24.3807,0.7916,84.4427,84.9827,84.7818,0.4772,49.2982,49.9746,0.4136
2026-08-11 18:00:00,85.3299,48.5716,2.5538,24.7210,0.8149,85.1410,85.0493,85.1734,0.1889,49.9344,49.7066,-1.3628
2026-08-11 18:10:00,85.9443,49.3754,2.4836,25.2131,0.7876,84.5092,85.3293,85.2609,1.4351,50.1230,49.7682,-0.7476
2026-08-11 18:20:00,84.8765,49.2448,2.4469,24.4759,0.8134,84.8269,84.8641,84.8558,0.0496,48.1819,48.9817,1.0629
2026-08-11 18:30:00,86.0206,49.5967,2.5025,24.8126,0.8168,85.6001,84.4258,85.3489,0.4205,49.4240,49.9035,0.1727
2026-08-11 18:40:00,85.6539,48.4844,2.4274,25.0892,0.8304,86.2208,85.0595,85.6447,-0.5669,48.5523,49.4219,-0.0679
2026-08-11 18:50:00,86.1427,48.6336,2.3192,25.2744,0.8184,85.8008,85.1649,85.7028,0.3420,49.8197,49.1919,-1.1861
2026-08-11 19:00:00,86.9763,47.9016,2.4833,24.7351,0.8307,85.7436,85.7514,86.1571,1.2327,48.6053,48.7731,-0.7037
2026-08-11 19:10:00,86.4165,48.5662,2.6059,25.1880,0.8306,85.4699,85.9497,85.9454,0.9466,47.0109,48.8308,1.5553
2026-08-11 19:20:00,86.4299,48.3057,2.6175,25.1323,0.8198,85.0259,86.2714,85.9091,1.4040,47.4855,48.8372,0.8202
2026-08-11 19:30:00,86.7634,47.7071,2.5247,24.5024,0.8460,85.6571,85.8235,86.0813,1.1063,47.1375,48.2870,0.5695
2026-08-11 19:40:00,86.3725,46.6576,2.5803,24.6005,0.8265,85.3659,85.7701,85.8362,1.0066,45.9779,47.7654,0.6797
2026-08-11 19:50:00,86.7317,46.3786,2.1801,24.5423,0.8258,86.3518,86.7931,86.6255,0.3799,45.9513,47.0381,0.4273
2026-08-11 20:00:00,85.8941,47.0022,2.2831,24.4704,0.8271,87.4003,86.5639,86.6194,-1.5062,46.7745,48.5790,0.2278
2026-08-11 20:10:00,86.5518,46.6110,2.4464,25.4502,0.8388,86.9962,86.8016,86.7832,-0.4444,46.6347,47.6516,-0.0236
2026-08-11 20:20:00,86.3971,46.7853,2.5283,24.9414,0.8387,86.9439,86.8270,86.7226,-0.5468,46.3314,47.3376,0.4539
2026-08-11 20:30:00,86.3687,48.0986,2.3273,25.0570,0.8281,86.5373,86.7947,86.5669,-0.1686,47.2392,48.0994,0.8594
2026-08-11 20:40:00,86.5749,47.2947,2.4897,24.5734,0.8318,86.9524,87.3373,86.9549,-0.3775,47.1442,48.0002,0.1505
2026-08-11 20:50:00,87.3343,48.4440,2.3531,24.8173,0.8177,86.4454,87.6303,87.1366,0.8889,46.4718,48.4180,1.9722
2026-08-11 21:00:00,87.1599,47.3391,2.4455,25.3904,0.8489,88.0655,85.6466,86.9573,-0.9056,47.9742,47.6950,-0.6352
2026-08-11 21:10:00,86.9259,47.9203,2.3758,24.7895,0.8312,87.1699,86.3704,86.8221,-0.2440,47.2104,48.5034,0.7099
2026-08-11 21:20:00,87.2802,50.5253,2.5069,25.1603,0.8294,87.6441,86.4841,87.1361,-0.3639,48.0407,49.5675,2.4846
2026-08-11 21:30:00,87.1264,49.5213,2.4697,25.2379,0.8182,87.0458,85.9987,86.7236,0.0806,48.2394,49.9738,1.2819
2026-08-11 21:40:00,86.9626,48.7621,2.5415,24.9558,0.8209,85.9596,86.9134,86.6118,1.0030,48.6163,49.0200,0.1457
2026-08-11 21:50:00,87.1846,50.6421,2.5645,24.8753,0.8314,87.3959,87.3376,87.3060,-0.2113,49.6310,49.9257,1.0111
2026-08-11 22:00:00,87.2506,51.0763,2.5820,25.8830,0.8380,87.3863,87.1997,87.2789,-0.1357,49.5047,49.8408,1.5715
2026-08-11 22:10:00,86.2537,49.7844,2.3791,24.9140,0.8195,87.3277,86.2100,86.5971,-1.0741,50.7135,50.2464,-0.9291
2026-08-11 22:20:00,86.7203,50.6995,2.7092,24.7641,0.8181,86.6972,86.9298,86.7825,0.0232,50.5715,50.4087,0.1280
2026-08-11 22:30:00,86.6774,51.6293,2.4961,25.5510,0.8247,86.3943,87.2600,86.7773,0.2831,49.1530,49.9232,2.4763
2026-08-11 22:40:00,86.1836,50.5577,2.5803,25.2308,0.8324,86.1254,86.8158,86.3749,0.0582,52.1718,50.9586,-1.6142
2026-08-11 22:50:00,86.6401,51.7462,2.6315,24.7717,0.8038,86.0961,86.3703,86.3688,0.5440,51.8500,51.3341,-0.1038
2026-08-11 23:00:00,85.6453,51.3225,2.6626,24.9587,0.8010,86.3066,85.8007,85.9175,-0.6613,51.2544,51.0965,0.0681
2026-08-11 23:10:00,85.3380,51.3167,2.4644,25.0777,0.8149,86.1703,86.4052,85.9712,-0.8323,51.3032,50.9293,0.0135
2026-08-11 23:20:00,85.1244,53.3304,2.5114,24.9845,0.7969,85.5999,85.7575,85.4939,-0.4755,51.6193,52.1842,1.7111
2026-08-11 23:30:00,85.4037,52.5188,2.5694,25.0035,0.7753,86.6954,85.6054,85.9015,-1.2917,51.9263,51.4329,0.5925
2026-08-11 23:40:00,85.0892,52.5002,2.5116,24.4420,0.8012,85.9947,84.8393,85.3077,-0.9055,53.1361,51.6220,-0.6359
2026-08-11 23:50:00,84.9554,53.2557,2.5866,25.0993,0.7757,85.3794,85.7624,85.3657,-0.4240,52.2796,51.5914,0.9761
2026-08-12 00:00:00,84.9643,53.4589,2.4433,25.0721,0.7765,85.3096,84.4366,84.9035,-0.3453,53.2222,52.4915,0.2367
2026-08-12 00:10:00,84.7422,53.4202,2.5245,24.5869,0.7741,84.8190,85.1000,84.8871,-0.0767,52.3740,51.5653,1.0463
2026-08-12 00:20:00,83.2245,54.2366,2.6705,24.7465,0.7463,85.5532,83.9401,84.2393,-2.3286,53.7966,52.8688,0.4400
2026-08-12 00:30:00,84.3076,53.8861,2.4340,25.2522,0.7755,84.0444,85.8471,84.7330,0.2632,52.3310,51.9436,1.5551
2026-08-12 00:40:00,84.7227,53.5903,2.3681,25.4323,0.7850,84.4384,84.5690,84.5767,0.2842,52.7583,51.6484,0.8321
2026-08-12 00:50:00,84.3580,52.5434,2.4633,25.0617,0.7807,84.2789,84.6912,84.4427,0.0791,52.4173,51.4204,0.1261
2026-08-12 01:00:00,84.3794,51.2613,2.6052,24.8969,0.7957,84.8737,84.2863,84.5131,-0.4943,53.0777,51.6354,-1.8165
2026-08-12 01:10:00,83.9442,52.3085,2.4720,25.4926,0.7781,83.6348,83.9378,83.8389,0.3094,52.8313,51.4371,-0.5229
2026-08-12 01:20:00,84.6604,52.5445,2.3769,25.2320,0.7776,83.4361,83.7655,83.9540,1.2243,51.2324,51.4766,1.3121
2026-08-12 01:30:00,83.7126,51.4862,2.5003,24.8416,0.7710,84.2672,83.6784,83.8861,-0.5547,52.6165,51.1769,-1.1304
2026-08-12 01:40:00,83.4909,51.0240,2.6182,25.2908,0.7774,83.6231,83.2601,83.4580,-0.1322,50.9941,51.3515,0.0299
2026-08-12 01:50:00,82.8825,49.9415,2.3618,24.7758,0.7566,82.8550,83.7472,83.1616,0.0275,51.3608,50.5399,-1.4193
2026-08-12 02:00:00,82.7571,48.6528,2.2955,24.6343,0.7601,83.1323,83.5990,83.1628,-0.3752,50.0822,50.0536,-1.4294
2026-08-12 02:10:00,84.3407,49.5233,2.3086,24.8389,0.7889,83.6109,82.6936,83.5484,0.7298,48.7015,49.4869,0.8217
2026-08-12 02:20:00,82.8472,48.7735,2.4120,24.8789,0.7734,81.9858,83.2761,82.7030,0.8614,50.1585,49.7781,-1.3851
2026-08-12 02:30:00,84.1218,48.5019,2.4907,25.3821,0.7919,83.8734,83.5958,83.8636,0.2484,49.3386,49.2767,-0.8367
2026-08-12 02:40:00,82.9130,48.4722,2.4154,25.2032,0.7924,82.1622,83.7100,82.9284,0.7508,49.0456,49.4859,-0.5733
2026-08-12 02:50:00,82.7141,48.0286,2.6266,24.9852,0.7799,82.7362,82.9690,82.8064,-0.0221,48.9075,49.1001,-0.8788
2026-08-12 03:00:00,83.4134,47.6059,2.5000,25.2907,0.7978,82.5881,83.6244,83.2086,0.8253,47.5588,48.4506,0.0471
2026-08-12 03:10:00,83.1487,47.2301,2.4822,24.4692,0.7878,82.8612,82.9867,82.9989,0.2875,47.4208,48.4354,-0.1907
2026-08-12 03:20:00,83.1230,46.4826,2.4888,24.6895,0.7826,83.3490,83.0963,83.1895,-0.2260,47.9674,48.4671,-1.4848
2026-08-12 03:30:00,82.6588,46.8775,2.3200,24.8862,0.7681,83.3574,83.2383,83.0848,-0.6986,48.6026,48.3429,-1.7252
2026-08-12 03:40:00,83.3189,47.6945,2.7291,25.1307,0.7812,83.1310,83.2630,83.2376,0.1880,48.3271,48.5462,-0.6326
2026-08-12 03:50:00,82.8319,49.1232,2.3873,25.2567,0.7743,83.2816,82.4543,82.8560,-0.4497,49.2695,49.5172,-0.1463
2026-08-12 04:00:00,83.0104,45.9363,2.2989,25.2112,0.7740,83.0533,82.8194,82.9610,-0.0429,47.4559,47.9143,-1.5197
2026-08-12 04:10:00,83.7377,47.6578,2.4284,24.5960,0.7866,83.5266,83.2415,83.5020,0.2111,45.5046,47.7380,2.1533
2026-08-12 04:20:00,82.9676,47.1199,2.5965,24.2520,0.7932,82.8387,83.7659,83.1907,0.1289,47.6985,48.1825,-0.5786
2026-08-12 04:30:00,83.8130,46.6672,2.3274,25.3413,0.7854,84.3683,83.8032,83.9948,-0.5553,46.4265,47.8745,0.2406
2026-08-12 04:40:00,83.9784,48.7800,2.4511,24.9303,0.7927,83.5949,82.7728,83.4487,0.3835,48.0402,49.4195,0.7397
2026-08-12 04:50:00,83.9295,46.6018,2.4887,24.7272,0.7915,83.8071,83.9138,83.8835,0.1224,48.5261,48.5641,-1.9242
2026-08-12 05:00:00,83.4710,48.4242,2.4714,24.9481,0.7817,83.9204,84.2207,83.8707,-0.4494,48.0174,48.4582,0.4068
2026-08-12 05:10:00,83.4037,48.6939,2.5539,25.3783,0.7790,84.1400,84.0916,83.8784,-0.7363,46.6352,47.9593,2.0587
2026-08-12 05:20:00,84.6839,48.7954,2.6347,25.5531,0.7959,83.9785,83.3217,83.9947,0.7054,48.5882,48.5104,0.2072
2026-08-12 05:30:00,83.9972,49.0989,2.4341,24.9858,0.7856,83.7600,83.1218,83.6263,0.2372,49.0601,49.3330,0.0388
2026-08-12 05:40:00,84.8225,49.1767,2.4924,25.0490,0.7979,84.3131,83.8134,84.3163,0.5094,50.8380,50.3070,-1.6612
2026-08-12 05:50:00,85.5712,50.6237,2.4721,24.9455,0.8067,84.4706,84.9213,84.9877,1.1006,48.5728,49.4121,2.0509
2026-08-12 06:00:00,84.3518,49.7408,2.4528,24.8144,0.7919,84.2428,85.0238,84.5395,0.1090,48.7308,49.1387,1.0100
2026-08-12 06:10:00,84.8525,50.2811,2.5861,24.9776,0.7809,85.2438,85.0598,85.0520,-0.3913,49.5357,49.9902,0.7454
2026-08-12 06:20:00,86.0646,50.0851,2.5960,25.3797,0.8175,84.5598,85.6535,85.4260,1.5048,51.1244,50.5677,-1.0393
2026-08-12 06:30:00,85.4914,52.0740,2.4150,25.2571,0.7979,84.5091,84.6720,84.8908,0.9824,51.0996,51.1245,0.9744
2026-08-12 06:40:00,85.9057,51.2064,2.5211,25.1876,0.8336,85.3216,85.8597,85.6956,0.5841,51.6653,50.9940,-0.4590
2026-08-12 06:50:00,85.1946,52.9382,2.5249,24.8227,0.7853,85.8145,85.0487,85.3526,-0.6200,51.0450,51.1503,1.8931
2026-08-12 07:00:00,86.0231,52.6017,2.4682,24.9362,0.8086,85.4710,85.3904,85.6282,0.5521,51.4524,51.4378,1.1493
2026-08-12 07:10:00,86.9515,51.3835,2.5239,24.9311,0.8234,85.7560,86.4159,86.3745,1.1955,50.1806,50.1807,1.2029
2026-08-12 07:20:00,86.8306,53.5299,2.6760,25.0920,0.8217,85.2156,86.0015,86.0159,1.6150,52.8277,51.9728,0.7022
2026-08-12 07:30:00,86.3681,53.7574,2.6457,25.0751,0.8087,86.6500,85.9624,86.3269,-0.2819,53.4333,52.2394,0.3241
2026-08-12 07:40:00,86.9071,52.8820,2.4381,25.1078,0.8160,86.9114,85.7884,86.5356,-0.0043,52.9514,51.7248,-0.0694
2026-08-12 07:50:00,87.2389,53.5461,2.4955,24.9954,0.8398,86.9116,86.0363,86.7289,0.3272,53.6455,52.2284,-0.0995
2026-08-12 08:00:00,86.8086,51.3214,2.5815,24.7991,0.8211,85.9417,86.6223,86.4575,0.8668,53.0307,51.0684,-1.7093
2026-08-12 08:10:00,86.8289,52.7622,2.6224,24.7875,0.8239,85.9968,86.6783,86.5014,0.8321,53.2861,52.1383,-0.5239
2026-08-12 08:20:00,86.8200,54.2832,2.4639,25.1445,0.8113,86.3937,86.1382,86.4506,0.4263,52.2428,52.3566,2.0404
2026-08-12 08:30:00,87.5954,53.2527,2.4665,24.8115,0.8308,86.3587,87.2545,87.0695,1.2367,53.1934,51.8583,0.0593
2026-08-12 08:40:00,87.7153,51.6331,2.5052,25.2501,0.8432,86.6194,86.6732,87.0026,1.0959,52.0070,51.2790,-0.3739
2026-08-12 08:50:00,87.4024,50.8526,2.5556,24.8524,0.8325,86.4372,86.6225,86.8207,0.9652,54.1919,51.5800,-3.3394
2026-08-12 09:00:00,86.9946,51.3894,2.7583,25.1398,0.8255,87.4526,87.1471,87.1981,-0.4580,52.2424,51.1721,-0.8529
2026-08-12 09:10:00,86.2228,51.5338,2.4495,25.0963,0.8116,87.3429,87.0423,86.8693,-1.1201,51.4483,51.4407,0.0855
2026-08-12 09:20:00,86.7763,51.9434,2.3689,25.2310,0.8045,87.9609,87.3424,87.3599,-1.1846,51.6523,51.3700,0.2911
2026-08-12 09:30:00,86.2982,50.9862,2.5745,25.1719,0.8164,87.1274,87.5327,86.9861,-0.8292,52.0784,50.4580,-1.0922
2026-08-12 09:40:00,86.8755,50.7914,2.3750,24.6833,0.8407,86.5689,86.7579,86.7341,0.3067,50.5083,50.5572,0.2831
2026-08-12 09:50:00,86.9523,51.9423,2.4463,25.1571,0.8046,86.1703,87.5976,86.9067,0.7820,51.6605,51.3341,0.2818
2026-08-12 10:00:00,87.2953,49.1395,2.6653,24.6895,0.8403,88.1986,86.4384,87.3108,-0.9032,51.4703,50.4932,-2.3309
2026-08-12 10:10:00,86.3715,51.2804,2.4088,24.9890,0.8231,86.6843,88.3669,87.1409,-0.3128,48.9935,50.5767,2.2869
2026-08-12 10:20:00,85.4009,46.9107,2.5053,25.2211,0.8302,87.4425,86.8320,86.5585,-2.0416,50.0071,49.0455,-3.0964
2026-08-12 10:30:00,87.1772,47.8636,2.4335,25.2568,0.8496,87.2050,86.6030,86.9951,-0.0278,48.8251,49.1074,-0.9614
2026-08-12 10:40:00,85.7372,49.8330,2.4497,24.9170,0.8191,86.0511,85.9574,85.9152,-0.3139,49.7742,49.5561,0.0589
2026-08-12 10:50:00,86.2771,48.1909,2.3101,24.6860,0.8281,86.9021,86.0331,86.4041,-0.6250,47.7912,48.8501,0.3997
2026-08-12 11:00:00,86.4009,48.6259,2.5221,24.8409,0.8330,86.1052,86.6211,86.3757,0.2957,47.7587,48.7319,0.8672
2026-08-12 11:10:00,86.1129,45.9743,2.6339,24.9849,0.8006,86.0845,85.9305,86.0426,0.0284,47.0448,48.2604,-1.0706
2026-08-12 11:20:00,86.1025,47.2756,2.5054,25.0801,0.8084,87.1596,86.0222,86.4281,-1.0571,49.0667,48.5263,-1.7912
2026-08-12 11:30:00,85.8110,46.2815,2.2118,25.2713,0.8253,85.4189,84.1577,85.1292,0.3921,47.0255,47.8511,-0.7439
2026-08-12 11:40:00,84.8086,47.2077,2.4365,24.6395,0.8041,84.4327,85.9348,85.0587,0.3759,47.3070,48.3531,-0.0993
2026-08-12 11:50:00,85.7386,46.8235,2.2312,24.9230,0.8092,86.0636,85.3322,85.7115,-0.3250,47.7753,48.6379,-0.9518
2026-08-12 12:00:00,84.6261,47.0604,2.5039,25.6619,0.8159,84.6422,85.0420,84.7701,-0.0161,46.6545,47.6613,0.4059
2026-08-12 12:10:00,84.6674,46.6017,2.5036,24.9654,0.8167,84.6191,84.3397,84.5421,0.0483,46.6054,47.5517,-0.0037
2026-08-12 12:20:00,85.3894,47.7785,2.6298,25.2888,0.7928,84.3994,84.2507,84.6798,0.9899,48.2793,48.9380,-0.5008
2026-08-12 12:30:00,84.6815,46.7734,2.4544,24.7420,0.8114,84.7045,85.1726,84.8529,-0.0230,47.4371,48.3178,-0.6637
2026-08-12 12:40:00,84.5742,48.2836,2.5740,24.8457,0.8037,84.6370,84.5574,84.5896,-0.0628,47.2146,48.8014,1.0691
2026-08-12 12:50:00,84.4252,48.3644,2.5040,25.3449,0.8040,83.9129,84.3034,84.2138,0.5124,46.7222,48.0384,1.6423
2026-08-12 13:00:00,85.3398,49.2132,2.6156,25.1347,0.8020,83.6007,84.2111,84.3839,1.7392,47.0437,48.9664,2.1695
2026-08-12 13:10:00,83.9289,48.8588,2.5242,24.4928,0.7856,84.1938,84.2922,84.1383,-0.2649,47.4350,48.6176,1.4238
2026-08-12 13:20:00,83.3819,47.1640,2.4971,25.2337,0.7795,83.2319,84.4972,83.7036,0.1500,49.2639,48.6772,-2.0999
2026-08-12 13:30:00,83.1168,48.7361,2.5281,24.8652,0.7598,84.1948,83.9739,83.7618,-1.0779,49.7391,49.5044,-1.0030
2026-08-12 13:40:00,84.2041,49.0424,2.4396,24.8499,0.8092,83.4920,84.5052,84.0671,0.7121,48.4828,48.7597,0.5596
2026-08-12 13:50:00,83.7112,49.0953,2.5304,25.0603,0.7852,84.2922,83.7119,83.9051,-0.5810,49.3192,49.3651,-0.2239
2026-08-12 14:00:00,83.5369,50.3568,2.4599,25.2827,0.7749,83.6518,82.8048,83.3312,-0.1149,50.3393,50.0166,0.0175
2026-08-12 14:10:00,83.5251,51.4163,2.5410,25.3458,0.7628,83.2266,83.0378,83.2632,0.2985,49.4714,49.8225,1.9449
2026-08-12 14:20:00,83.1609,51.5290,2.6266,24.6830,0.7630,82.8170,82.8634,82.9471,0.3439,50.1543,50.5670,1.3747
2026-08-12 14:30:00,82.9231,50.0340,2.5969,25.0534,0.7727,83.3462,83.4956,83.2550,-0.4231,50.8993,50.0611,-0.8653
2026-08-12 14:40:00,83.7880,52.0108,2.4102,24.7350,0.7957,82.9869,82.7818,83.1856,0.8011,50.7237,51.0468,1.2870
2026-08-12 14:50:00,82.7698,51.9330,2.7309,24.5286,0.7567,83.0610,82.1862,82.6723,-0.2912,51.9136,51.5508,0.0193
2026-08-12 15:00:00,82.3058,52.0562,2.5183,25.1724,0.7801,82.6370,83.2991,82.7473,-0.3312,51.7243,51.1707,0.3319
2026-08-12 15:10:00,83.0157,52.7087,2.5010,25.0826,0.7613,82.5315,83.4204,82.9892,0.4842,52.9427,52.1782,-0.2341
2026-08-12 15:20:00,83.3676,51.9774,2.4047,25.2748,0.7575,82.6649,84.0731,83.3685,0.7027,52.7864,51.6357,-0.8090
2026-08-12 15:30:00,82.1422,52.2347,2.5836,24.5550,0.7545,82.3393,82.6957,82.3924,-0.1971,51.3393,51.2199,0.8954
2026-08-12 15:40:00,82.2703,52.8307,2.5639,25.0600,0.7552,83.1811,82.9849,82.8121,-0.9108,52.7169,51.9371,0.1139
2026-08-12 15:50:00,82.6415,52.6576,2.7034,25.1454,0.7691,83.2908,82.7022,82.8782,-0.6493,52.6541,51.2479,0.0035
2026-08-12 16:00:00,83.9552,53.7164,2.4164,25.2293,0.7799,83.2260,83.3587,83.5133,0.7292,53.4304,52.4976,0.2860
2026-08-12 16:10:00,83.4373,53.0429,2.4433,25.2725,0.7872,82.7080,83.2046,83.1166,0.7293,52.4772,52.0052,0.5658
2026-08-12 16:20:00,83.6812,53.0055,2.4409,24.8581,0.7636,82.5009,83.8825,83.3549,1.1803,53.5093,52.5587,-0.5037
2026-08-12 16:30:00,83.4114,53.1637,2.4152,24.8291,0.7872,83.2813,83.8354,83.5094,0.1300,53.0987,51.6690,0.0650
2026-08-12 16:40:00,83.6471,52.9003,2.5710,24.4639,0.7614,83.7410,82.9975,83.4619,-0.0939,53.7468,52.1970,-0.8465
2026-08-12 16:50:00,84.0961,53.4167,2.3785,25.1387,0.7775,83.7970,83.4739,83.7890,0.2991,52.7255,51.1697,0.6912
2026-08-12 17:00:00,84.6221,51.0524,2.6775,24.7152,0.7812,84.0554,83.8501,84.1759,0.5667,52.7407,51.3729,-1.6883
2026-08-12 17:10:00,84.0845,51.5322,2.5582,24.7925,0.7829,83.1527,83.9799,83.7390,0.9318,52.2001,51.2318,-0.6679
2026-08-12 17:20:00,85.1691,52.6959,2.5914,25.2677,0.7955,84.3085,84.2163,84.5646,0.8606,52.3083,51.6895,0.3876
2026-08-12 17:30:00,84.7534,51.1997,2.5422,25.2753,0.7861,84.3821,84.1927,84.4427,0.3713,50.6854,51.0457,0.5143
2026-08-12 17:40:00,84.2399,51.9225,2.3658,24.5510,0.7795,84.6813,84.5121,84.4778,-0.4413,52.1824,51.1373,-0.2599
2026-08-12 17:50:00,85.2887,49.0649,2.4033,24.9210,0.7961,84.9263,84.1569,84.7906,0.3624,51.5789,50.4752,-2.5141
2026-08-12 18:00:00,84.6624,49.7182,2.4911,25.4063,0.7864,83.6388,84.4409,84.2474,1.0236,49.6559,49.3319,0.0623
2026-08-12 18:10:00,85.1559,48.6697,2.5338,24.6392,0.8359,85.5296,84.4592,85.0482,-0.3737,49.3830,49.2939,-0.7133
2026-08-12 18:20:00,85.7153,48.8653,2.3838,24.5647,0.8139,84.8120,85.1416,85.2230,0.9033,47.9074,49.0660,0.9579
2026-08-12 18:30:00,85.3572,47.4485,2.5362,25.1496,0.8049,85.6705,84.4913,85.1730,-0.3133,47.3875,48.2277,0.0609
2026-08-12 18:40:00,85.2406,47.5033,2.5571,25.0644,0.8275,85.7261,85.6237,85.5301,-0.4855,48.1533,47.9101,-0.6501
2026-08-12 18:50:00,86.8342,48.5679,2.6604,24.6455,0.8419,85.8285,86.0488,86.2372,1.0057,48.9643,49.1087,-0.3964
2026-08-12 19:00:00,86.1404,47.5962,2.5837,24.7612,0.8173,85.7649,85.9916,85.9656,0.3756,48.2163,48.5060,-0.6201
2026-08-12 19:10:00,86.6753,48.0908,2.4541,24.6873,0.8291,85.6882,85.4592,85.9409,0.9871,48.4783,49.1946,-0.3876
2026-08-12 19:20:00,86.2559,47.3974,2.4260,24.6810,0.8346,85.5119,85.6903,85.8194,0.7440,47.0988,48.2926,0.2986
2026-08-12 19:30:00,86.3155,46.7727,2.6359,25.4891,0.8333,86.3574,85.8955,86.1895,-0.0419,47.3872,47.6918,-0.6145
2026-08-12 19:40:00,87.0265,46.9969,2.4312,24.9005,0.8465,86.2860,85.8919,86.4014,0.7405,45.5569,47.4945,1.4400
2026-08-12 19:50:00,86.8261,46.6333,2.4206,24.6624,0.8337,85.9750,85.8538,86.2183,0.8511,46.7190,48.3492,-0.0856
2026-08-12 20:00:00,87.8996,47.9421,2.5644,24.4187,0.8764,86.8343,85.9824,86.9054,1.0653,49.1747,49.0094,-1.2326
2026-08-12 20:10:00,87.2297,46.7741,2.5568,25.2059,0.8517,87.3738,86.7159,87.1065,-0.1440,47.1679,47.9663,-0.3938
2026-08-12 20:20:00,86.3574,46.3785,2.4692,25.3787,0.8359,86.7660,86.6002,86.5745,-0.4087,46.0921,47.2205,0.2864
2026-08-12 20:30:00,87.0093,47.2350,2.5778,24.9351,0.8441,86.1137,86.3379,86.4870,0.8955,47.3131,48.1876,-0.0781
2026-08-12 20:40:00,87.3385,48.3424,2.6221,25.4758,0.8583,86.7537,88.0292,87.3738,0.5847,49.5398,48.9034,-1.1974
2026-08-12 20:50:00,86.6980,47.9081,2.5232,24.4940,0.8222,87.0780,86.8230,86.8663,-0.3800,47.8987,49.1890,0.0094
2026-08-12 21:00:00,86.3777,49.7300,2.6881,24.4822,0.8095,86.7905,86.4929,86.5537,-0.4127,48.0855,49.4623,1.6445
2026-08-12 21:10:00,87.0632,48.4729,2.4866,25.1190,0.8547,85.8066,87.0013,86.6237,1.2566,48.2505,48.8782,0.2224
2026-08-12 21:20:00,87.1260,49.4590,2.4484,25.6627,0.8187,87.3027,86.9932,87.1406,-0.1766,48.3816,49.5086,1.0774
2026-08-12 21:30:00,86.6228,49.7338,2.6975,24.9130,0.8200,87.6023,87.4836,87.2362,-0.9795,47.2475,49.1596,2.4863
2026-08-12 21:40:00,87.2671,49.1797,2.6501,24.5188,0.8150,87.4643,86.5631,87.0982,-0.1972,48.8242,48.9947,0.3555
2026-08-12 21:50:00,87.2388,49.8811,2.4867,24.6296,0.8323,87.0462,86.6660,86.9837,0.1925,48.8254,49.5719,1.0556
2026-08-12 22:00:00,87.0689,50.3392,2.6176,24.9731,0.8401,86.2297,87.0785,86.7924,0.8393,49.8844,50.7818,0.4547
2026-08-12 22:10:00,86.3032,49.4308,2.4230,24.8104,0.8254,86.1018,86.9853,86.4634,0.2015,50.0274,50.0937,-0.5966
2026-08-12 22:20:00,86.8417,51.4391,2.5491,25.3503,0.8084,85.9105,86.7218,86.4913,0.9312,50.4590,50.3255,0.9800
2026-08-12 22:30:00,86.6943,50.1046,2.4732,24.9946,0.8308,86.2801,87.2461,86.7402,0.4143,52.1206,51.2031,-2.0161
2026-08-12 22:40:00,87.1895,52.3529,2.5615,24.7752,0.8201,86.8886,85.6416,86.5732,0.3009,52.2069,51.3381,0.1460
2026-08-12 22:50:00,85.8801,52.4470,2.5280,24.8741,0.7968,85.5349,85.3326,85.5826,0.3452,52.6705,51.6409,-0.2235
2026-08-12 23:00:00,85.5556,52.7225,2.4221,24.7721,0.8121,86.5179,86.3772,86.1502,-0.9623,51.3829,51.4386,1.3396
2026-08-12 23:10:00,86.1355,52.5865,2.6214,24.6996,0.8067,86.2785,85.8608,86.0916,-0.1430,52.8836,52.2262,-0.2971
2026-08-12 23:20:00,85.7137,52.9043,2.4791,24.9122,0.8148,85.4272,86.4134,85.8514,0.2866,51.9858,51.3764,0.9186
2026-08-12 23:30:00,86.0216,53.3288,2.4347,24.9495,0.8041,85.8016,85.6005,85.8079,0.2200,53.9873,52.1061,-0.6586
2026-08-12 23:40:00,84.5893,52.8041,2.3013,24.7670,0.7791,85.5252,85.5854,85.2333,-0.9359,52.9604,51.6875,-0.1563
2026-08-12 23:50:00,84.9851,53.4373,2.2731,25.1262,0.7680,85.3526,85.7776,85.3718,-0.3675,53.1440,52.0077,0.2934
2026-08-13 00:00:00,85.1285,52.2461,2.6382,25.2494,0.7857,85.8627,85.4446,85.4786,-0.7343,52.0706,51.7892,0.1755
2026-08-13 00:10:00,85.6475,52.7697,2.5366,24.9961,0.8072,85.3974,85.6673,85.5707,0.2501,51.5217,51.2750,1.2480
2026-08-13 00:20:00,85.1354,52.3392,2.5347,24.7251,0.8018,84.8444,85.3020,85.0939,0.2909,53.2903,51.4549,-0.9511
2026-08-13 00:30:00,85.5298,51.7254,2.7485,24.3519,0.8035,83.9489,85.6336,85.0374,1.5809,52.0862,50.9420,-0.3609
2026-08-13 00:40:00,84.3330,53.7423,2.6233,24.9332,0.7756,84.7431,84.6236,84.5666,-0.4101,52.8362,52.1503,0.9061
2026-08-13 00:50:00,84.4600,52.7408,2.6521,24.8089,0.7772,84.2696,84.3812,84.3703,0.1904,53.2884,51.6932,-0.5476
2026-08-13 01:00:00,84.6350,51.8938,2.6181,25.7594,0.7991,84.4672,84.8738,84.6587,0.1678,52.1446,51.4250,-0.2509
2026-08-13 01:10:00,83.5167,51.3394,2.5308,25.0287,0.7780,84.0671,84.0136,83.8658,-0.5504,52.8603,51.2146,-1.5210
2026-08-13 01:20:00,83.8400,52.4181,2.5709,24.9913,0.7574,83.6828,85.0622,84.1950,0.1572,51.6278,51.3471,0.7903
2026-08-13 01:30:00,83.6706,51.4899,2.4345,25.2274,0.7797,82.8532,82.5808,83.0348,0.8174,51.0705,50.4902,0.4194
2026-08-13 01:40:00,83.6226,50.4770,2.5470,25.1450,0.7679,83.4037,83.4378,83.4880,0.2189,51.8945,50.7378,-1.4175
2026-08-13 01:50:00,83.9872,51.4369,2.4864,24.8223,0.7717,83.8229,83.5356,83.7819,0.1643,50.1934,50.8125,1.2435
2026-08-13 02:00:00,83.7256,49.2412,2.5362,25.1766,0.8002,83.2792,83.4680,83.4909,0.4465,50.9204,50.4346,-1.6792
2026-08-13 02:10:00,83.3877,49.7888,2.4439,24.9029,0.7750,83.6186,83.5861,83.5308,-0.2309,49.4486,50.0007,0.3401
2026-08-13 02:20:00,83.0361,49.0997,2.5768,25.2678,0.7767,84.1232,82.3306,83.1633,-1.0871,50.3809,49.5271,-1.2813
2026-08-13 02:30:00,83.0597,48.8716,2.4950,24.7292,0.7608,82.1636,83.0878,82.7703,0.8962,49.3385,49.5842,-0.4669
2026-08-13 02:40:00,83.6154,49.1791,2.5997,24.7024,0.7928,83.2596,82.4753,83.1168,0.3558,49.7155,49.3695,-0.5364
2026-08-13 02:50:00,82.4940,49.4147,2.5248,24.6897,0.7589,83.5636,82.4719,82.8431,-1.0696,48.3933,49.2291,1.0214
2026-08-13 03:00:00,84.3653,46.7190,2.3592,24.8323,0.7940,83.0290,82.7985,83.3976,1.3363,48.8575,48.5542,-2.1384
2026-08-13 03:10:00,82.5288,47.4362,2.4738,25.3457,0.7794,83.3614,82.6488,82.8463,-0.8326,48.1368,48.1818,-0.7006
2026-08-13 03:20:00,83.3616,48.3829,2.2923,24.9778,0.7795,83.4686,82.7127,83.1810,-0.1070,47.1491,48.5643,1.2338
2026-08-13 03:30:00,83.3816,47.4086,2.5901,25.2126,0.7785,83.0524,83.2927,83.2422,0.3292,46.7851,47.8671,0.6235
2026-08-13 03:40:00,82.4020,48.0641,2.7190,24.8038,0.7728,83.7045,82.4587,82.8551,-1.3025,47.5266,48.9360,0.5376
2026-08-13 03:50:00,83.0690,46.9849,2.6412,24.8824,0.7747,83.0449,83.9961,83.3700,0.0240,47.7700,48.4248,-0.7851
2026-08-13 04:00:00,83.5513,46.1404,2.5607,24.8872,0.7884,83.0917,83.6212,83.4214,0.4596,48.5385,47.9712,-2.3981
2026-08-13 04:10:00,83.9297,46.9613,2.5862,25.1212,0.7880,83.0056,83.1339,83.3564,0.9241,47.3735,48.2932,-0.4123
2026-08-13 04:20:00,85.0079,47.6277,2.3815,25.4116,0.8143,83.3381,82.7718,83.7059,1.6698,46.8957,48.5606,0.7320
2026-08-13 04:30:00,83.8935,48.4075,2.6421,25.0968,0.7579,83.0749,82.6490,83.2058,0.8186,48.3291,49.1013,0.0784
2026-08-13 04:40:00,83.6639,47.0769,2.6198,24.7646,0.7770,82.9542,83.5782,83.3988,0.7097,46.6663,48.2472,0.4106
2026-08-13 04:50:00,83.9002,46.5823,2.4853,24.7339,0.7933,84.2998,83.5473,83.9158,-0.3996,46.9277,47.9916,-0.3454
2026-08-13 05:00:00,83.8219,48.3619,2.5396,24.7041,0.7748,83.7005,83.9519,83.8248,0.1214,49.0550,48.8178,-0.6931
2026-08-13 05:10:00,83.6801,48.9979,2.5243,24.9606,0.7904,84.6438,84.3947,84.2395,-0.9637,47.3533,48.9291,1.6445
2026-08-13 05:20:00,84.9042,48.3050,2.5420,24.8379,0.7946,84.3855,84.4856,84.5917,0.5187,48.8234,48.6564,-0.5184
2026-08-13 05:30:00,85.1642,49.3588,2.6181,24.7378,0.8134,84.6653,83.5524,84.4606,0.4989,48.9022,49.1299,0.4566
2026-08-13 05:40:00,84.6923,51.1294,2.5354,24.9853,0.7778,84.6600,84.2729,84.5417,0.0323,47.2963,49.1677,3.8331
2026-08-13 05:50:00,85.3039,50.6944,2.5140,25.3233,0.8035,84.3082,85.6165,85.0762,0.9956,48.1478,49.7613,2.5467
